adresse;name;bytes;aufrufer;ruft_auf
0x00401000;FUN_00401000;31;1;1
0x00401020;FUN_00401020;26;5;1
0x00401040;FUN_00401040;19;1;1
0x00401060;FUN_00401060;134;4;1
0x004010f0;FUN_004010f0;42;75;0
0x00401120;FUN_00401120;49;24;0
0x00401160;FUN_00401160;96;0;1
0x004011c0;FUN_004011c0;30;0;0
0x004011e0;FUN_004011e0;23;0;0
0x00401200;CON_Cache<T>__SetAlternativeExtension_2;1249;7;11
0x004016f0;FUN_004016f0;297;10;9
0x00401820;CON_Cache<T>__SetAlternativeExtension;73;1;3
0x00401870;FUN_00401870;139;1;1
0x00401900;FUN_00401900;28;1;1
0x00401920;FUN_00401920;142;1;2
0x004019b0;FUN_004019b0;142;1;2
0x00401a40;FUN_00401a40;142;1;2
0x00401ad0;FUN_00401ad0;142;1;2
0x00401b60;FUN_00401b60;142;1;2
0x00401bf0;FUN_00401bf0;186;1;2
0x00401cb0;FUN_00401cb0;146;7;4
0x00401d50;FUN_00401d50;1788;7;2
0x00402450;FUN_00402450;317;1;0
0x00402590;FUN_00402590;310;8;4
0x004026d0;FUN_004026d0;14;8;0
0x004026e0;FUN_004026e0;165;8;0
0x00402790;FUN_00402790;374;1;4
0x00402910;FUN_00402910;4604;1;3
0x00403b30;AQU_Input__CollectMouse;483;1;4
0x00403d30;FUN_00403d30;30;1;1
0x00403d50;FUN_00403d50;11;1;0
0x00403d60;FUN_00403d60;218;3;0
0x00403e40;FUN_00403e40;13;5;0
0x00403e50;FUN_00403e50;1;99;0
0x00403e60;FUN_00403e60;36;1;0
0x00403e90;AQU_InputConfiguration__Parse;2951;1;17
0x00404a20;AQU_InputConfiguration__GetAction_2;1089;1;2
0x00404e70;AQU_InputConfiguration__GetAction_3;389;1;2
0x00405000;AQU_InputConfiguration__GetAction;374;1;3
0x00405180;FUN_00405180;2882;2;2
0x00405cd0;FUN_00405cd0;1411;1;2
0x00406260;Aqua_Locale__Aqua_Locale;468;1;15
0x00406440;Aqua_Locale__GetLanguageTpye;336;14;5
0x00406590;FUN_00406590;19;1;1
0x004065b0;FUN_004065b0;36;3;1
0x004065e0;FUN_004065e0;24;3;1
0x00406600;FUN_00406600;95;3;4
0x00406660;FUN_00406660;290;3;13
0x00406790;FUN_00406790;20;5;1
0x004067b0;FUN_004067b0;180;4;4
0x00406870;FUN_00406870;71;4;4
0x004068c0;Aqua_Network__HeartBeat;455;2;14
0x00406ab0;Aqua_Network__Server_Startup;692;1;33
0x00406d70;FUN_00406d70;68;1;3
0x00406dc0;FUN_00406dc0;54;1;2
0x00406e00;FUN_00406e00;6;7;0
0x00406e10;FUN_00406e10;160;2;5
0x00406eb0;Aqua_Network__Client_Startup;454;1;15
0x00407080;FUN_00407080;158;1;5
0x00407120;FUN_00407120;280;1;10
0x00407240;FUN_00407240;228;1;7
0x00407330;FUN_00407330;194;2;5
0x00407400;FUN_00407400;76;1;4
0x00407450;FUN_00407450;112;21;2
0x004074c0;FUN_004074c0;95;8;2
0x00407520;FUN_00407520;234;4;1
0x00407610;Aqua_State_Start__IPToString;122;5;4
0x00407690;FUN_00407690;50;4;1
0x004076d0;FUN_004076d0;2179;7;13
0x00407f60;FUN_00407f60;3;16;0
0x00407f70;CON_Cache<T>__Unlock_5;397;10;7
0x00408100;FUN_00408100;127;1;1
0x00408180;Aqua_Renderer__LoadTextures_2;1341;1;22
0x004086c0;Aqua_Renderer__LoadTextures;2470;7;26
0x00409070;FUN_00409070;27;1;0
0x00409090;FUN_00409090;275;1;2
0x004091b0;FUN_004091b0;392;1;0
0x00409340;FUN_00409340;6568;1;43
0x0040acf0;FUN_0040acf0;12;1;1
0x0040ad00;FUN_0040ad00;47;1;1
0x0040ad30;FUN_0040ad30;50;1;1
0x0040ad70;FUN_0040ad70;49;7;1
0x0040adb0;FUN_0040adb0;132;1;2
0x0040ae40;FUN_0040ae40;139;1;2
0x0040aed0;CON_Cache<T>__Unlock_20;1911;1;20
0x0040b650;FUN_0040b650;213;1;3
0x0040b730;FUN_0040b730;30;7;2
0x0040b750;FUN_0040b750;44;1;3
0x0040b780;FUN_0040b780;40;1;2
0x0040b7b0;FUN_0040b7b0;24;1;2
0x0040b7d0;FUN_0040b7d0;338;1;4
0x0040b930;FUN_0040b930;649;1;5
0x0040bbc0;FUN_0040bbc0;78;1;0
0x0040bc10;FX_TextureSet__GetTextureID;268;1;1
0x0040bd20;FUN_0040bd20;16;4;1
0x0040bd30;FUN_0040bd30;2583;3;26
0x0040c750;Aqua_Renderer__AddPermanentBody;57;5;1
0x0040c790;FUN_0040c790;190;4;4
0x0040c850;FUN_0040c850;80;4;0
0x0040c8a0;FUN_0040c8a0;299;1;4
0x0040c9d0;FUN_0040c9d0;37;4;0
0x0040ca00;FUN_0040ca00;266;1;3
0x0040cb10;FUN_0040cb10;256;1;0
0x0040cc10;FUN_0040cc10;238;4;8
0x0040cd00;FUN_0040cd00;1000;5;14
0x0040d0f0;FUN_0040d0f0;494;8;7
0x0040d2e0;FUN_0040d2e0;298;8;1
0x0040d410;FUN_0040d410;230;1;1
0x0040d500;FUN_0040d500;292;3;1
0x0040d630;FUN_0040d630;527;7;10
0x0040d840;FUN_0040d840;259;15;0
0x0040d950;FUN_0040d950;427;1;7
0x0040db00;FUN_0040db00;302;1;1
0x0040dc30;FUN_0040dc30;302;1;1
0x0040dd60;FUN_0040dd60;51;1;2
0x0040dda0;FUN_0040dda0;356;1;5
0x0040df10;FUN_0040df10;537;1;4
0x0040e130;Aqua_Renderer__Terrain_SetMaterial;94;1;2
0x0040e190;FUN_0040e190;132;1;1
0x0040e220;FUN_0040e220;112;1;2
0x0040e290;Aqua_Renderer__Terrain_Triangulate;865;1;8
0x0040e600;FUN_0040e600;350;1;4
0x0040e760;FUN_0040e760;334;1;3
0x0040e8b0;FUN_0040e8b0;314;2;4
0x0040e9f0;FUN_0040e9f0;226;1;3
0x0040eae0;FUN_0040eae0;543;1;1
0x0040ed00;FUN_0040ed00;371;1;6
0x0040ee80;FUN_0040ee80;163;1;3
0x0040ef30;FUN_0040ef30;164;1;2
0x0040efe0;FUN_0040efe0;38;1;2
0x0040f010;FUN_0040f010;552;1;9
0x0040f240;Aqua_Renderer__Plankton_Set;313;1;8
0x0040f380;FUN_0040f380;39;9;0
0x0040f3b0;FUN_0040f3b0;1180;1;5
0x0040f850;FUN_0040f850;124;6;0
0x0040f8d0;FUN_0040f8d0;10;1;0
0x0040f8da;FUN_0040f8da;207;0;2
0x0040f9b0;FUN_0040f9b0;493;2;4
0x0040fba0;FUN_0040fba0;400;1;6
0x0040fd30;FUN_0040fd30;248;1;2
0x0040fe30;FUN_0040fe30;266;1;8
0x0040ff40;FUN_0040ff40;19;1;0
0x0040ff60;FUN_0040ff60;127;1;3
0x0040ffe0;FUN_0040ffe0;277;1;2
0x00410100;FUN_00410100;58;1;1
0x00410140;FUN_00410140;65;1;2
0x00410190;FUN_00410190;276;1;3
0x004102b0;FUN_004102b0;600;1;4
0x00410520;FUN_00410520;515;1;4
0x00410740;FUN_00410740;515;1;2
0x00410950;FUN_00410950;968;1;8
0x00410d30;FUN_00410d30;703;1;3
0x00410ff0;FUN_00410ff0;352;1;3
0x00411150;FUN_00411150;326;1;3
0x004112a0;FUN_004112a0;326;1;3
0x004113f0;FUN_004113f0;288;1;2
0x00411510;FUN_00411510;19;1;0
0x00411530;Aqua_Renderer__Menu_InGame_AllocateResources;1133;1;21
0x004119a0;FUN_004119a0;2345;1;14
0x004122d0;FUN_004122d0;33;8;0
0x00412300;FUN_00412300;539;29;4
0x00412520;FUN_00412520;22;1;1
0x00412540;FUN_00412540;139;1;4
0x004125d0;Aqua_Renderer__Clear_SetColors;79;1;2
0x00412620;FUN_00412620;24;1;0
0x00412640;FUN_00412640;24;1;0
0x00412660;FUN_00412660;24;1;0
0x00412680;FUN_00412680;154;4;1
0x00412720;FUN_00412720;343;1;1
0x00412880;FUN_00412880;48;1;0
0x004128b0;FUN_004128b0;220;1;2
0x00412990;FUN_00412990;43;6;0
0x004129c0;FUN_004129c0;322;1;2
0x00412b10;FUN_00412b10;721;4;15
0x00412df0;CON_Cache<T>__Unlock_18;214;3;3
0x00412ed0;FUN_00412ed0;243;2;3
0x00412fd0;FUN_00412fd0;595;4;12
0x00413230;FUN_00413230;226;4;8
0x00413320;FUN_00413320;577;3;13
0x00413570;FUN_00413570;589;1;13
0x004137c0;FUN_004137c0;45;3;0
0x004137f0;FUN_004137f0;510;1;11
0x004139f0;FUN_004139f0;1233;1;5
0x00413ed0;FUN_00413ed0;1;0;0
0x00413ee0;FUN_00413ee0;3;0;0
0x00413ef0;FUN_00413ef0;31;0;1
0x00413f10;FUN_00413f10;28;0;1
0x00413f30;FUN_00413f30;59;0;1
0x00413f70;FUN_00413f70;28;0;1
0x00413f90;FUN_00413f90;28;0;1
0x00413fb0;FUN_00413fb0;59;0;1
0x00413ff0;FUN_00413ff0;28;0;1
0x00414010;FUN_00414010;28;0;1
0x00414030;FUN_00414030;59;0;1
0x00414070;FUN_00414070;28;0;1
0x00414090;FUN_00414090;59;0;1
0x004140d0;FUN_004140d0;28;0;1
0x004140f0;FUN_004140f0;59;0;1
0x00414130;FUN_00414130;28;0;1
0x00414150;FUN_00414150;28;0;1
0x00414170;FUN_00414170;59;0;1
0x004141b0;FUN_004141b0;28;0;1
0x004141d0;FUN_004141d0;81;0;0
0x00414230;FUN_00414230;59;0;1
0x00414270;FUN_00414270;28;0;1
0x00414290;FUN_00414290;350;1;2
0x004143f0;FUN_004143f0;194;4;8
0x004144c0;FUN_004144c0;22;4;1
0x004144e0;FUN_004144e0;89;4;4
0x00414540;FUN_00414540;82;1;2
0x004145a0;Aqua_Simulation__GetMaxNumOfAttackers;101;1;2
0x00414620;Aqua_Simulation__GetMaxNumOfTorpedos;83;1;2
0x00414690;FUN_00414690;198;2;6
0x00414760;FUN_00414760;9;15;1
0x00414770;thunk_FUN_004414d0;5;33;0
0x00414780;FUN_00414780;63;10;1
0x004147c0;FUN_004147c0;93;2;2
0x00414820;FUN_00414820;74;15;2
0x00414870;FUN_00414870;7;8;0
0x00414880;FUN_00414880;19;0;1
0x004148a0;CON_Cache<T>__Unlock_14;211;23;3
0x00414980;CON_Cache<T>__Lock_5;173;6;1
0x00414a30;CON_Cache<T>__Unlock_16;316;4;5
0x00414b70;CON_Cache<T>__Unlock_28;391;1;4
0x00414d00;SND_SampleInfo__ParseIniFile;174;9;9
0x00414db0;CON_Cache<T>__Unlock_19;945;10;12
0x00415170;FUN_00415170;91;7;3
0x004151d0;CON_Cache<T>__Unlock_6;329;10;5
0x00415320;FUN_00415320;17;7;2
0x00415340;CON_Cache<T>__Unlock_7;347;5;6
0x004154a0;CON_Cache<T>__Unlock_30;311;2;4
0x004155e0;CON_Cache<T>__Unlock_10;347;3;6
0x00415740;CON_Cache<T>__Unlock_12;311;2;4
0x00415880;FUN_00415880;46;2;1
0x004158b0;FUN_004158b0;131;4;2
0x00415940;CON_Cache<T>__Unlock;292;7;4
0x00415a70;FUN_00415a70;44;1;1
0x00415aa0;CON_Cache<T>__Unlock_3;368;81;6
0x00415c10;FUN_00415c10;137;4;0
0x00415ca0;CON_Cache<T>__Lock;695;4;7
0x00415f60;FUN_00415f60;50;4;1
0x00415fa0;FUN_00415fa0;130;1;2
0x00416030;CON_Cache<T>__Unlock_22;567;1;10
0x00416270;FUN_00416270;79;2;0
0x004162c0;FUN_004162c0;38;1;1
0x004162f0;CON_Cache<T>__Lock_6;528;11;2
0x00416500;CON_Cache<T>__Lock_7;492;4;2
0x004166f0;CON_Cache<T>__Unlock_25;283;6;4
0x00416810;FUN_00416810;98;4;0
0x00416880;CON_Cache<T>__Unlock_27;343;6;4
0x004169e0;CON_Cache<T>__Unlock_15;2308;1;17
0x004172f0;FUN_004172f0;29;8;0
0x00417310;FUN_00417310;81;9;0
0x00417370;FUN_00417370;82;5;0
0x004173d0;FUN_004173d0;226;1;4
0x004174c0;CON_Cache<T>__Unlock_9;350;1;4
0x00417620;FUN_00417620;721;2;15
0x00417900;CON_Cache<T>__Unlock_2;214;2;3
0x004179e0;FUN_004179e0;240;4;0
0x00417ad0;FUN_00417ad0;427;4;0
0x00417c80;FUN_00417c80;5673;2;9
0x004192b0;FUN_004192b0;4063;3;7
0x0041a290;Aqua_Spawn__PreCache_MultiPlayer;4077;2;9
0x0041b280;Aqua_Spawn__SpawnEscapePod;234;4;4
0x0041b370;FUN_0041b370;297;4;2
0x0041b4a0;Aqua_Spawn__SpawnBullet;564;6;9
0x0041b6e0;Aqua_Spawn__SpawnSplashDamage;367;5;7
0x0041b850;Aqua_Spawn__SpawnTorpedo;1199;4;14
0x0041bd00;Aqua_Spawn__SpawnEmitter;180;2;3
0x0041bdc0;FUN_0041bdc0;1007;4;12
0x0041c1b0;Aqua_Spawn__SpawnDipol;200;4;5
0x0041c280;Aqua_Spawn__SpawnGun;79;1;3
0x0041c2d0;Aqua_Spawn__SpawnItemBox;374;2;7
0x0041c450;FUN_0041c450;52;5;1
0x0041c490;Aqua_Spawn__NOD_GetBulletVelocity;56;6;2
0x0041c4d0;Aqua_Spawn__GetBulletRange;62;10;2
0x0041c510;FUN_0041c510;1410;1;1
0x0041caa0;FUN_0041caa0;945;3;1
0x0041ce60;FUN_0041ce60;265;1;1
0x0041cf70;FUN_0041cf70;405;3;1
0x0041d110;FUN_0041d110;20;1;0
0x0041d130;FUN_0041d130;221;6;3
0x0041d210;FUN_0041d210;215;3;2
0x0041d2f0;FUN_0041d2f0;108;1;1
0x0041d360;FUN_0041d360;945;3;1
0x0041d720;FUN_0041d720;33;1;0
0x0041d750;FUN_0041d750;33;1;0
0x0041d780;FUN_0041d780;7;9;0
0x0041d790;FUN_0041d790;31;0;1
0x0041d7b0;FUN_0041d7b0;72;3;0
0x0041d800;FUN_0041d800;180;0;7
0x0041d8c0;FUN_0041d8c0;330;0;12
0x0041da10;FUN_0041da10;491;0;16
0x0041dc00;FUN_0041dc00;135;0;5
0x0041dc90;FUN_0041dc90;251;1;13
0x0041dd90;FUN_0041dd90;72;1;0
0x0041dde0;FUN_0041dde0;180;0;7
0x0041dea0;FUN_0041dea0;330;0;12
0x0041dff0;FUN_0041dff0;471;0;14
0x0041e1d0;FUN_0041e1d0;251;1;13
0x0041e2d0;FUN_0041e2d0;72;1;0
0x0041e320;FUN_0041e320;180;0;7
0x0041e3e0;FUN_0041e3e0;491;0;16
0x0041e5d0;FUN_0041e5d0;251;1;13
0x0041e6d0;FUN_0041e6d0;38;1;1
0x0041e700;FUN_0041e700;183;1;1
0x0041e7c0;FUN_0041e7c0;263;2;11
0x0041e8d0;FUN_0041e8d0;115;7;1
0x0041e950;FUN_0041e950;30;0;2
0x0041e970;FUN_0041e970;304;1;11
0x0041eaa0;FUN_0041eaa0;1089;0;31
0x0041eef0;FUN_0041eef0;1332;0;43
0x0041f430;Aqua_State_Menu__GetNameByType;342;1;1
0x0041f620;Aqua_State_Menu__LoadBackgroundPictures;609;1;14
0x0041f890;FUN_0041f890;788;1;14
0x0041fbb0;FUN_0041fbb0;472;1;6
0x0041fd90;FUN_0041fd90;347;0;15
0x0041fef0;FUN_0041fef0;1108;1;5
0x00420530;FUN_00420530;736;1;13
0x00420810;FUN_00420810;169;1;1
0x004208c0;Aqua_State_Game__ctor;32;4;0
0x004208e0;FUN_004208e0;43;0;3
0x00420910;thunk_FUN_004213e0;5;0;0
0x00420920;Aqua_State_Menu_InGame__HeartBeat;2386;0;47
0x004212b0;FUN_004212b0;300;0;10
0x004213e0;FUN_004213e0;1707;0;47
0x00421a90;FUN_00421a90;322;2;11
0x00421be0;FUN_00421be0;88;1;3
0x00421c40;FUN_00421c40;57;0;3
0x00421c80;FUN_00421c80;10;0;1
0x00421c90;FUN_00421c90;611;0;20
0x00421f00;thunk_FUN_004222d0;5;0;1
0x00421f10;FUN_00421f10;957;1;19
0x004222d0;FUN_004222d0;231;2;8
0x004223c0;Aqua_State_MultiPlayer__Aqua_State_MultiPlayer;314;6;12
0x00422500;FUN_00422500;100;0;4
0x00422570;FUN_00422570;31;0;2
0x00422590;Aqua_State_MultiPlayer__Handle_Not_Initialised;333;0;15
0x00422700;thunk_FUN_004230e0;5;0;1
0x00422710;FUN_00422710;2508;1;48
0x004230e0;FUN_004230e0;306;2;10
0x00423220;FUN_00423220;352;0;3
0x00423380;FUN_00423380;3039;1;32
0x00423f90;FUN_00423f90;450;1;15
0x004245d0;FUN_004245d0;516;1;12
0x004247e0;Aqua_State_InstantFight__ctor;128;4;3
0x00424860;FUN_00424860;80;0;3
0x004248b0;FUN_004248b0;10;0;1
0x004248c0;Aqua_State_SinglePlayer__HeartBeat;2476;0;55
0x004252a0;thunk_FUN_00426390;5;0;1
0x004252b0;Aqua_Locale__GetLanguageTpye_2;1935;1;39
0x00425a70;Aqua_State_SinglePlayer__EquipPlayerToEngine;576;1;6
0x00425d40;FUN_00425d40;1494;1;6
0x00426320;FUN_00426320;107;1;0
0x00426390;FUN_00426390;349;2;12
0x004264f0;FUN_004264f0;346;1;3
0x00426670;FUN_00426670;348;1;8
0x004267d0;FUN_004267d0;9;2;0
0x004267e0;FUN_004267e0;36;0;2
0x00426810;FUN_00426810;9;0;1
0x00426820;FUN_00426820;1998;0;38
0x00426ff0;FUN_00426ff0;616;1;6
0x00427260;FUN_00427260;326;1;10
0x004273b0;FUN_004273b0;307;1;14
0x004274f0;FUN_004274f0;121;5;4
0x00427570;FUN_00427570;85;4;3
0x004275d0;FUN_004275d0;13;11;0
0x004275e0;FUN_004275e0;83;4;1
0x00427640;Aqua_TextTable__LoadTable;852;11;17
0x004279a0;FUN_004279a0;51;7;0
0x004279e0;operator_new;14;623;1
0x004279f0;operator_delete;12;921;1
0x00427a00;FUN_00427a00;22;0;2
0x00427a30;FUN_00427a30;317;2;2
0x00427b90;FUN_00427b90;148;1;5
0x00427c30;FUN_00427c30;4244;1;20
0x00428cd0;FUN_00428cd0;178;11;5
0x00428d90;FUN_00428d90;173;2;2
0x00428e40;FUN_00428e40;684;2;9
0x00429130;FUN_00429130;10;1;1
0x00429140;FUN_00429140;202;2;2
0x00429210;FUN_00429210;495;2;10
0x00429400;FUN_00429400;75;1;3
0x00429450;FUN_00429450;351;3;10
0x004295b0;FUN_004295b0;133;9;3
0x00429640;FUN_00429640;52;9;2
0x00429680;FUN_00429680;480;1;1
0x00429860;FUN_00429860;226;2;10
0x00429950;FUN_00429950;351;1;6
0x00429ab0;FUN_00429ab0;1844;1;42
0x0042a200;FUN_0042a200;30;1;2
0x0042a220;FUN_0042a220;30;1;2
0x0042a240;FUN_0042a240;23;1;3
0x0042a257;FUN_0042a257;56;1;0
0x0042a28f;FUN_0042a28f;207;22;5
0x0042a360;FUN_0042a360;20;4;2
0x0042a37d;FUN_0042a37d;174;1;4
0x0042a42c;__ftol;39;85;0
0x0042a453;FUN_0042a453;9;0;1
0x0042a460;FUN_0042a460;47;24;0
0x0042a48f;FUN_0042a48f;52;5;2
0x0042a4d0;_strncpy;254;11;0
0x0042a5ce;FUN_0042a5ce;82;43;2
0x0042a620;__allrem;178;4;0
0x0042a6d2;FUN_0042a6d2;126;1;4
0x0042a750;FUN_0042a750;18;873;1
0x0042a762;FUN_0042a762;47;0;2
0x0042a791;entry;233;0;15
0x0042a899;__amsg_exit;34;10;3
0x0042a8be;FUN_0042a8be;35;1;3
0x0042a8e2;FUN_0042a8e2;18;1;1
0x0042a8f4;FUN_0042a8f4;62;1;0
0x0042a932;FUN_0042a932;41;1;3
0x0042a95b;FUN_0042a95b;90;0;2
0x0042aa1b;__fassign;62;0;2
0x0042aa59;FUN_0042aa59;97;1;3
0x0042aaba;FUN_0042aaba;194;2;2
0x0042ab7c;FUN_0042ab7c;85;1;3
0x0042abd1;FUN_0042abd1;167;2;2
0x0042ac78;FUN_0042ac78;147;1;4
0x0042ad0b;__cfltcvt;81;0;3
0x0042ad5c;FUN_0042ad5c;37;2;2
0x0042ad81;FUN_0042ad81;84;3;3
0x0042add5;FUN_0042add5;96;1;3
0x0042ae35;FUN_0042ae35;152;3;6
0x0042aecd;FUN_0042aecd;165;1;6
0x0042af72;FUN_0042af72;691;3;3
0x0042b225;FUN_0042b225;535;3;2
0x0042b43c;FUN_0042b43c;136;4;4
0x0042b4c4;FUN_0042b4c4;40;4;1
0x0042b4ec;FUN_0042b4ec;37;1;0
0x0042b511;FUN_0042b511;45;2;0
0x0042b53e;__frnd;18;3;0
0x0042b550;FUN_0042b550;41;2;0
0x0042b579;FUN_0042b579;90;5;0
0x0042b5d3;FUN_0042b5d3;193;3;1
0x0042b694;FUN_0042b694;14;1;0
0x0042b6a2;FUN_0042b6a2;15;1;0
0x0042b6b1;FUN_0042b6b1;35;10;0
0x0042b6d4;FUN_0042b6d4;86;1;0
0x0042b730;__trandisp1;103;2;0
0x0042b797;__trandisp2;140;2;0
0x0042b834;FUN_0042b834;7;0;0
0x0042b86d;FUN_0042b86d;2;0;0
0x0042b86f;FUN_0042b86f;40;0;0
0x0042b897;FUN_0042b897;63;0;0
0x0042b8d6;FUN_0042b8d6;29;0;0
0x0042b900;FUN_0042b900;23;2;0
0x0042b917;__startOneArgErrorHandling;60;4;1
0x0042b960;FUN_0042b960;21;1;0
0x0042b975;FUN_0042b975;23;3;0
0x0042b98c;FUN_0042b98c;25;2;0
0x0042b9a5;__fload_withFB;67;1;0
0x0042b9e8;FUN_0042b9e8;22;2;0
0x0042b9fe;FUN_0042b9fe;13;1;0
0x0042ba0b;__math_exit;42;2;1
0x0042ba49;FUN_0042ba49;163;1;2
0x0042baec;FUN_0042baec;2597;1;11
0x0042c511;FUN_0042c511;55;1;1
0x0042c548;FUN_0042c548;26;2;1
0x0042c562;FUN_0042c562;23;1;1
0x0042c579;FUN_0042c579;36;1;2
0x0042c5a0;_strlen;123;14;0
0x0042c61b;FUN_0042c61b;280;4;4
0x0042c733;FUN_0042c733;1825;3;11
0x0042ce74;FUN_0042ce74;53;3;1
0x0042cea9;FUN_0042cea9;49;1;1
0x0042ceda;FUN_0042ceda;56;1;1
0x0042cf12;FUN_0042cf12;13;1;0
0x0042cf1f;FUN_0042cf1f;16;1;0
0x0042cf2f;FUN_0042cf2f;14;1;0
0x0042cf3d;FUN_0042cf3d;45;1;2
0x0042cf6a;FUN_0042cf6a;17;12;1
0x0042cf7b;__exit;17;3;1
0x0042cf8c;FUN_0042cf8c;163;2;6
0x0042d031;FUN_0042d031;9;2;1
0x0042d03a;FUN_0042d03a;9;2;1
0x0042d043;FUN_0042d043;26;2;0
0x0042d05d;FUN_0042d05d;781;3;17
0x0042d1e8;FUN_0042d1e8;9;1;1
0x0042d336;FUN_0042d336;11;1;1
0x0042d38c;FUN_0042d38c;214;1;6
0x0042d3f6;FUN_0042d3f6;9;1;1
0x0042d471;FUN_0042d471;9;1;1
0x0042d47a;_malloc;18;30;1
0x0042d48c;__nh_malloc;44;1;2
0x0042d4b8;FUN_0042d4b8;231;1;6
0x0042d51f;FUN_0042d51f;9;1;1
0x0042d57e;FUN_0042d57e;9;1;1
0x0042d5b4;FUN_0042d5b4;318;0;3
0x0042d6f2;FUN_0042d6f2;58;1;0
0x0042d72c;FUN_0042d72c;88;1;2
0x0042d784;FUN_0042d784;185;1;6
0x0042d83d;FUN_0042d83d;153;1;5
0x0042d8d6;FUN_0042d8d6;436;1;0
0x0042da8a;FUN_0042da8a;306;1;8
0x0042dbbc;FUN_0042dbbc;444;1;6
0x0042dd78;FUN_0042dd78;84;1;6
0x0042ddcc;FUN_0042ddcc;19;2;0
0x0042dddf;FUN_0042dddf;103;15;8
0x0042de46;FUN_0042de46;45;1;1
0x0042de73;FUN_0042de73;328;1;9
0x0042dfbb;FUN_0042dfbb;93;1;5
0x0042e018;__global_unwind2;32;1;1
0x0042e05a;__local_unwind2;104;2;1
0x0042e0c2;__abnormal_termination;35;1;0
0x0042e0e5;__NLG_Notify1;9;1;0
0x0042e0ee;FUN_0042e0ee;24;2;0
0x0042e1cd;FUN_0042e1cd;27;0;1
0x0042e1e8;FUN_0042e1e8;57;2;1
0x0042e221;FUN_0042e221;339;4;8
0x0042e374;FUN_0042e374;53;1;2
0x0042e3a9;FUN_0042e3a9;22;1;1
0x0042e3bf;FUN_0042e3bf;146;1;0
0x0042e451;FUN_0042e451;137;1;0
0x0042e4da;FUN_0042e4da;117;18;1
0x0042e54f;FUN_0042e54f;111;2;5
0x0042e5be;FUN_0042e5be;203;3;2
0x0042e689;FUN_0042e689;73;1;0
0x0042e6d2;FUN_0042e6d2;86;1;1
0x0042e728;FUN_0042e728;140;1;2
0x0042e7b4;FUN_0042e7b4;27;1;0
0x0042e7cf;FUN_0042e7cf;12;1;0
0x0042e7db;FUN_0042e7db;27;1;0
0x0042e7f6;FUN_0042e7f6;141;1;0
0x0042e883;FUN_0042e883;364;2;5
0x0042e9ef;FUN_0042e9ef;22;2;1
0x0042ea05;FUN_0042ea05;22;1;1
0x0042ea1b;FUN_0042ea1b;45;1;2
0x0042ea48;FUN_0042ea48;45;1;2
0x0042ea75;FUN_0042ea75;119;3;2
0x0042eaec;FUN_0042eaec;92;3;3
0x0042eb48;FUN_0042eb48;182;1;0
0x0042ec00;FUN_0042ec00;7;8;0
0x0042ec10;FUN_0042ec10;224;1;0
0x0042ecf0;_memset;88;7;0
0x0042ed50;FUN_0042ed50;664;8;0
0x0042f085;FUN_0042f085;9;2;1
0x0042f08e;FUN_0042f08e;115;7;2
0x0042f101;FUN_0042f101;9;26;1
0x0042f10a;FUN_0042f10a;9;14;1
0x0042f113;FUN_0042f113;208;2;5
0x0042f1e3;FUN_0042f1e3;93;2;5
0x0042f240;FUN_0042f240;201;1;2
0x0042f309;FUN_0042f309;40;1;1
0x0042f331;FUN_0042f331;40;3;1
0x0042f360;__allmul;52;3;0
0x0042f3a0;__allshl;31;1;0
0x0042f3bf;FUN_0042f3bf;220;3;2
0x0042f49b;FUN_0042f49b;41;1;3
0x0042f4c4;FUN_0042f4c4;110;2;1
0x0042f532;FUN_0042f532;101;3;5
0x0042f597;FUN_0042f597;115;5;5
0x0042f60a;FUN_0042f60a;101;3;5
0x0042f66f;FUN_0042f66f;395;2;6
0x0042f7fa;FUN_0042f7fa;68;3;1
0x0042f83e;FUN_0042f83e;41;2;0
0x0042f867;FUN_0042f867;168;0;2
0x0042f923;FUN_0042f923;47;10;2
0x0042f952;FUN_0042f952;35;2;2
0x0042f975;FUN_0042f975;47;11;2
0x0042f9a4;FUN_0042f9a4;35;2;2
0x0042f9c7;FUN_0042f9c7;89;1;5
0x0042fa20;FUN_0042fa20;105;1;2
0x0042fa90;__aulldiv;104;1;0
0x0042fb00;__aullrem;117;1;0
0x0042fb75;FUN_0042fb75;41;1;1
0x0042fb9e;FUN_0042fb9e;97;28;7
0x0042fbff;FUN_0042fbff;21;33;1
0x0042fc14;FUN_0042fc14;72;1;1
0x0042fc5c;FUN_0042fc5c;43;3;0
0x0042fc87;FUN_0042fc87;809;2;3
0x0042ffb0;FUN_0042ffb0;777;3;2
0x004302b9;FUN_004302b9;177;1;4
0x0043036a;FUN_0043036a;251;1;1
0x00430465;FUN_00430465;758;1;0
0x0043075b;FUN_0043075b;324;2;5
0x0043089f;FUN_0043089f;86;1;2
0x004308f5;FUN_004308f5;194;1;2
0x004309b7;FUN_004309b7;87;3;0
0x00430a0e;FUN_00430a0e;69;2;1
0x00430a53;FUN_00430a53;520;3;4
0x00430c5b;FUN_00430c5b;292;1;0
0x00430d7f;FUN_00430d7f;169;1;0
0x00430e28;FUN_00430e28;27;3;0
0x00430e50;FUN_00430e50;664;4;0
0x00431185;FUN_00431185;215;17;8
0x004311ef;FUN_004311ef;9;1;1
0x00431247;FUN_00431247;9;1;1
0x0043126e;FUN_0043126e;17;1;1
0x0043127f;FUN_0043127f;49;1;0
0x004312b0;FUN_004312b0;429;1;7
0x0043145d;FUN_0043145d;74;1;0
0x004314a7;FUN_004314a7;51;1;0
0x004314da;FUN_004314da;41;1;0
0x00431503;FUN_00431503;389;1;3
0x00431688;FUN_00431688;28;3;1
0x004316a4;FUN_004316a4;289;4;8
0x0043173d;FUN_0043173d;9;1;1
0x004317c6;FUN_004317c6;9;1;1
0x004317e1;FUN_004317e1;23;3;1
0x004317f8;FUN_004317f8;517;2;3
0x004319fd;FUN_004319fd;23;1;1
0x00431a30;_strchr;193;4;0
0x00431af0;_strstr;128;7;0
0x00431b70;_strncmp;56;4;0
0x00431ba8;FUN_00431ba8;137;1;2
0x00431c31;FUN_00431c31;386;1;5
0x00431db3;FUN_00431db3;61;1;0
0x00431df0;FUN_00431df0;318;2;5
0x00431f39;FUN_00431f39;511;3;6
0x0043215d;FUN_0043215d;43;2;0
0x00432188;FUN_00432188;33;3;0
0x004321a9;___add_12;94;2;1
0x00432207;FUN_00432207;46;3;0
0x00432235;FUN_00432235;45;2;0
0x00432262;FUN_00432262;199;1;2
0x00432329;FUN_00432329;1185;3;3
0x004327fa;FUN_004327fa;659;1;6
0x00432a8d;FUN_00432a8d;101;2;5
0x00432af2;FUN_00432af2;473;2;6
0x00432ccb;FUN_00432ccb;291;1;7
0x00432dee;FUN_00432dee;124;1;3
0x00432e6a;FUN_00432e6a;127;1;3
0x00432ee9;FUN_00432ee9;66;4;2
0x00432f2b;FUN_00432f2b;95;6;4
0x00432f8a;FUN_00432f8a;34;6;1
0x0043302d;FUN_0043302d;46;1;2
0x0043305b;FUN_0043305b;92;5;1
0x004330c0;FUN_004330c0;164;0;5
0x00433164;FUN_00433164;111;1;5
0x004331d3;FUN_004331d3;204;1;2
0x004332a0;_strcmp;129;3;0
0x00433330;FUN_00433330;62;1;0
0x00433370;FUN_00433370;58;0;0
0x004333aa;FUN_004333aa;544;2;3
0x004335ca;FUN_004335ca;124;2;1
0x00433646;FUN_00433646;49;30;3
0x00433677;__fclose_lk;76;2;4
0x004336c3;FUN_004336c3;147;1;7
0x00433760;FUN_00433760;208;1;3
0x00433830;FUN_00433830;257;1;3
0x00433931;FUN_00433931;139;2;1
0x004339bc;FUN_004339bc;11;6;1
0x004339c7;FUN_004339c7;93;2;5
0x00433a24;FUN_00433a24;131;1;5
0x00433aa7;__freebuf;43;1;1
0x00433ad2;FUN_00433ad2;46;2;3
0x00433b00;FUN_00433b00;647;1;12
0x00433d87;FUN_00433d87;33;2;3
0x00433da8;FUN_00433da8;428;1;1
0x00433f54;FUN_00433f54;320;1;0
0x00434094;FUN_00434094;125;1;3
0x00434111;__mbsnbicoll;63;2;1
0x00434150;FUN_00434150;110;2;3
0x004341be;FUN_004341be;597;2;6
0x0043443b;FUN_0043443b;391;1;10
0x004345c2;FUN_004345c2;88;1;1
0x0043461a;FUN_0043461a;103;1;3
0x00434681;FUN_00434681;151;1;3
0x00434718;FUN_00434718;43;1;3
0x00434744;RtlUnwind;6;2;0
0x00434750;FUN_00434750;75;1;2
0x004347a0;CON_Cache<T>__Unlock_26;299;3;5
0x004348d0;NOD_Character__ParseIniFile;1731;1;32
0x00434fa0;FUN_00434fa0;97;0;2
0x00435010;FUN_00435010;94;0;2
0x00435070;FUN_00435070;91;0;1
0x004350d0;FUN_004350d0;94;0;1
0x00435130;FUN_00435130;170;2;1
0x004351e0;FUN_004351e0;202;1;1
0x004352b0;FUN_004352b0;34;0;0
0x004352e0;FUN_004352e0;3;0;0
0x004352f0;FUN_004352f0;3;0;0
0x00435300;FUN_00435300;3;0;0
0x00435310;FUN_00435310;56;0;2
0x00435350;FUN_00435350;47;0;1
0x00435380;FUN_00435380;42;0;1
0x004353b0;FUN_004353b0;38;0;1
0x004353e0;FUN_004353e0;31;0;0
0x00435400;FUN_00435400;87;0;2
0x00435460;FUN_00435460;84;0;1
0x004354c0;FUN_004354c0;101;0;1
0x00435530;FUN_00435530;44;0;1
0x00435560;FUN_00435560;56;0;2
0x004355a0;FUN_004355a0;47;0;1
0x004355d0;FUN_004355d0;42;0;1
0x00435600;FUN_00435600;38;0;1
0x00435630;FUN_00435630;63;0;1
0x00435670;FUN_00435670;87;0;2
0x004356d0;FUN_004356d0;84;0;1
0x00435730;FUN_00435730;94;0;1
0x00435790;FUN_00435790;44;0;1
0x004357c0;FUN_004357c0;42;0;2
0x00435870;FUN_00435870;48;0;3
0x004358a0;FUN_004358a0;6;0;0
0x004358b0;FUN_004358b0;678;1;6
0x00435b60;FUN_00435b60;124;6;1
0x00435be0;FUN_00435be0;90;0;2
0x00435c40;FUN_00435c40;15;3;0
0x00435c50;FUN_00435c50;124;1;2
0x00435cd0;FUN_00435cd0;413;7;3
0x00435e70;FUN_00435e70;655;1;3
0x00436100;FUN_00436100;1066;1;6
0x00436530;FUN_00436530;35;45;0
0x00436560;FUN_00436560;122;2;0
0x004365e0;FUN_004365e0;133;1;2
0x00436670;FUN_00436670;439;1;6
0x00436830;FUN_00436830;33;23;0
0x00436860;FUN_00436860;45;22;0
0x00436890;FUN_00436890;287;4;0
0x004369b0;FUN_004369b0;1719;12;10
0x00437070;FUN_00437070;410;2;1
0x00437210;FUN_00437210;199;1;0
0x004372e0;FUN_004372e0;56;0;2
0x00437320;FUN_00437320;47;0;1
0x00437350;FUN_00437350;42;0;1
0x00437380;FUN_00437380;38;0;1
0x004373b0;FUN_004373b0;47;0;0
0x004373e0;FUN_004373e0;87;0;2
0x00437440;FUN_00437440;84;0;1
0x004374a0;FUN_004374a0;108;0;1
0x00437510;FUN_00437510;44;0;1
0x00437540;FUN_00437540;44;0;1
0x00437570;FUN_00437570;59;0;1
0x004375b0;FUN_004375b0;26;2;0
0x004375d0;FUN_004375d0;1004;1;2
0x004379c0;FUN_004379c0;56;0;2
0x00437a00;FUN_00437a00;47;0;1
0x00437a30;FUN_00437a30;42;0;1
0x00437a60;FUN_00437a60;38;0;1
0x00437a90;FUN_00437a90;373;1;1
0x00437c10;FUN_00437c10;78;1;5
0x00437c60;FUN_00437c60;87;0;2
0x00437cc0;FUN_00437cc0;122;0;1
0x00437d40;FUN_00437d40;177;0;1
0x00437e00;FUN_00437e00;44;0;1
0x00437e30;FUN_00437e30;39;0;2
0x00437ee0;FUN_00437ee0;40;0;3
0x00437f10;FUN_00437f10;6;0;0
0x00437f20;NOD_Light__ParseIniFile;382;1;10
0x004380a0;FUN_004380a0;94;0;2
0x00438100;FUN_00438100;91;0;1
0x00438160;FUN_00438160;94;0;1
0x004381c0;FUN_004381c0;44;0;1
0x004381f0;FUN_004381f0;473;1;5
0x004383d0;FUN_004383d0;59;1;0
0x00438410;FUN_00438410;112;1;1
0x00438480;FUN_00438480;84;1;1
0x004384e0;FUN_004384e0;28;0;1
0x00438500;FUN_00438500;59;0;1
0x00438540;FUN_00438540;31;0;0
0x00438560;FUN_00438560;87;0;2
0x004385c0;FUN_004385c0;84;0;1
0x00438620;FUN_00438620;101;0;1
0x00438690;FUN_00438690;44;0;1
0x004386c0;FUN_004386c0;128;1;2
0x00438740;FUN_00438740;57;1;2
0x00438780;FUN_00438780;42;1;0
0x004387b0;FUN_004387b0;1029;1;8
0x00438bc0;COS_LIST_BoxAttributes__COS_LIST_BoxAttributes;118;12;2
0x00438c40;COS_LIST_BoxAttributes__COS_LIST_BoxAttributes_2;123;12;2
0x00438cc0;FUN_00438cc0;109;1;2
0x00438d30;FUN_00438d30;29;0;1
0x00438d50;FUN_00438d50;16;0;1
0x00438d60;FUN_00438d60;66;0;2
0x00438db0;FUN_00438db0;35;0;0
0x00438de0;FUN_00438de0;37;0;0
0x00438e10;FUN_00438e10;169;0;2
0x00438ec0;FUN_00438ec0;166;0;1
0x00438f70;FUN_00438f70;201;0;1
0x00439040;FUN_00439040;49;0;1
0x00439080;FUN_00439080;39;0;2
0x00439100;FUN_00439100;3;0;0
0x00439110;FUN_00439110;36;0;2
0x00439140;FUN_00439140;24;0;0
0x00439160;FUN_00439160;6;0;0
0x00439170;FUN_00439170;61;0;0
0x004391b0;FUN_004391b0;30;0;2
0x004391d0;FUN_004391d0;4;0;0
0x004391e0;FUN_004391e0;593;2;5
0x00439440;FUN_00439440;85;2;0
0x004394a0;FUN_004394a0;161;1;3
0x00439550;FUN_00439550;766;1;11
0x00439850;FUN_00439850;124;2;3
0x004398d0;FUN_004398d0;60;0;0
0x00439910;FUN_00439910;726;2;5
0x00439bf0;FUN_00439bf0;27;18;0
0x00439c10;FUN_00439c10;2026;0;9
0x0043a400;FUN_0043a400;444;0;2
0x0043a5c0;FUN_0043a5c0;133;0;0
0x0043a650;FUN_0043a650;18;1;1
0x0043a670;FUN_0043a670;89;0;3
0x0043a6d0;FUN_0043a6d0;143;1;3
0x0043a760;FUN_0043a760;963;1;11
0x0043ab30;FUN_0043ab30;2059;0;9
0x0043b350;FUN_0043b350;525;0;3
0x0043b560;FUN_0043b560;84;1;2
0x0043b5c0;FUN_0043b5c0;4;0;0
0x0043b5d0;FUN_0043b5d0;30;0;2
0x0043b5f0;FUN_0043b5f0;72;2;1
0x0043b640;FUN_0043b640;107;1;3
0x0043b6b0;FUN_0043b6b0;586;1;10
0x0043b900;FUN_0043b900;586;1;10
0x0043bb50;FUN_0043bb50;257;2;2
0x0043bc60;FUN_0043bc60;15;0;0
0x0043bc70;FUN_0043bc70;133;2;3
0x0043bd00;FUN_0043bd00;49;0;3
0x0043bd40;FUN_0043bd40;208;1;7
0x0043be10;FUN_0043be10;49;0;1
0x0043be50;FUN_0043be50;179;0;1
0x0043bf10;FUN_0043bf10;1044;0;5
0x0043c350;FUN_0043c350;993;0;1
0x0043c760;FUN_0043c760;7;0;0
0x0043c770;FUN_0043c770;127;0;4
0x0043c7f0;FUN_0043c7f0;177;2;3
0x0043c8b0;FUN_0043c8b0;58;0;1
0x0043c8f0;FUN_0043c8f0;286;1;10
0x0043ca10;FUN_0043ca10;192;0;1
0x0043cad0;FUN_0043cad0;586;0;3
0x0043cd40;FUN_0043cd40;896;0;1
0x0043d0e0;FUN_0043d0e0;147;1;4
0x0043d180;FUN_0043d180;407;0;2
0x0043d320;FUN_0043d320;145;0;2
0x0043d3c0;FUN_0043d3c0;499;1;5
0x0043d5c0;FUN_0043d5c0;13;1;0
0x0043d5d0;FUN_0043d5d0;101;1;1
0x0043d640;FUN_0043d640;122;1;2
0x0043d6c0;FUN_0043d6c0;1279;1;10
0x0043dbc0;FUN_0043dbc0;319;1;3
0x0043dd00;FUN_0043dd00;152;1;4
0x0043dda0;FUN_0043dda0;51;0;2
0x0043dde0;FUN_0043dde0;44;1;1
0x0043de10;FUN_0043de10;164;1;2
0x0043dec0;FUN_0043dec0;26;1;1
0x0043dee0;FUN_0043dee0;55;1;0
0x0043df20;FUN_0043df20;29;7;1
0x0043df40;FUN_0043df40;624;2;15
0x0043e1b0;FUN_0043e1b0;363;469;2
0x0043e320;FUN_0043e320;170;0;1
0x0043e3d0;FUN_0043e3d0;45;2;1
0x0043e400;FUN_0043e400;133;2;2
0x0043e490;FUN_0043e490;39;0;2
0x0043e500;FUN_0043e500;72;0;2
0x0043e550;FUN_0043e550;6;0;0
0x0043e560;FUN_0043e560;16;227;0
0x0043e570;FUN_0043e570;52;152;1
0x0043e5b0;FUN_0043e5b0;35;47;0
0x0043e5e0;FUN_0043e5e0;20;53;0
0x0043e600;FUN_0043e600;64;0;2
0x0043e640;FUN_0043e640;44;36;1
0x0043e670;FUN_0043e670;82;172;1
0x0043e6d0;FUN_0043e6d0;105;5;0
0x0043e740;RTI_Archive__Serialize;129;3;3
0x0043e7d0;FUN_0043e7d0;13;1;0
0x0043e7e0;FUN_0043e7e0;11;3;0
0x0043e7f0;FUN_0043e7f0;68;1;0
0x0043e840;MSC_ProgressIndicator__EnterHierarchy;72;2;1
0x0043e890;FUN_0043e890;13;2;0
0x0043e8a0;MSC_ProgressIndicator__LeaveHierarchy;39;1;1
0x0043e8d0;FUN_0043e8d0;101;8;4
0x0043e940;FUN_0043e940;106;29;4
0x0043e9b0;FUN_0043e9b0;143;7;4
0x0043ea40;FUN_0043ea40;47;38;2
0x0043ea70;FUN_0043ea70;23;5;0
0x0043ea90;NOD_Item__GetItemClass;112;6;1
0x0043eb70;FUN_0043eb70;6;7;0
0x0043eb80;FUN_0043eb80;7;31;0
0x0043eb90;FUN_0043eb90;48;3;0
0x0043ebc0;FUN_0043ebc0;12;1;0
0x0043ebd0;FUN_0043ebd0;40;3;0
0x0043ec00;FUN_0043ec00;149;7;4
0x0043eca0;FUN_0043eca0;1250;3;1
0x0043f190;FUN_0043f190;25;3;1
0x0043f1b0;FUN_0043f1b0;136;3;4
0x0043f240;FUN_0043f240;55;3;2
0x0043f280;FUN_0043f280;20;2;0
0x0043f2a0;FUN_0043f2a0;50;1;0
0x0043f2e0;FUN_0043f2e0;118;31;4
0x0043f360;FUN_0043f360;142;9;4
0x0043f3f0;FUN_0043f3f0;168;4;4
0x0043f4a0;FUN_0043f4a0;735;1;17
0x0043f780;FUN_0043f780;30;1;2
0x0043f7a0;FUN_0043f7a0;765;8;14
0x0043faa0;FUN_0043faa0;270;9;0
0x0043fbb0;FUN_0043fbb0;565;1;4
0x0043fdf0;FUN_0043fdf0;256;3;4
0x0043fef0;FUN_0043fef0;1218;2;9
0x004403c0;FUN_004403c0;1002;4;10
0x004407b0;FUN_004407b0;312;2;2
0x004408f0;FUN_004408f0;541;1;7
0x00440b10;FUN_00440b10;296;4;6
0x00440c40;FUN_00440c40;458;8;2
0x00440e10;FUN_00440e10;163;1;0
0x00440ec0;FUN_00440ec0;34;8;0
0x00440ef0;FUN_00440ef0;33;1;0
0x00440f20;FUN_00440f20;30;1;0
0x00440f40;FUN_00440f40;140;8;4
0x00440fd0;FUN_00440fd0;14;10;0
0x00440fe0;FUN_00440fe0;39;11;0
0x00441010;FUN_00441010;46;3;0
0x00441040;FUN_00441040;37;4;0
0x00441070;FUN_00441070;140;7;4
0x00441100;FUN_00441100;53;7;1
0x00441140;FUN_00441140;56;12;1
0x00441180;FUN_00441180;87;11;0
0x004411e0;FUN_004411e0;56;0;3
0x00441250;FUN_00441250;39;0;2
0x00441310;FUN_00441310;31;0;3
0x00441330;FUN_00441330;10;0;0
0x00441340;FUN_00441340;11;0;0
0x00441350;FUN_00441350;6;0;0
0x00441360;FUN_00441360;33;1;1
0x00441390;FUN_00441390;83;8;4
0x004413f0;FUN_004413f0;112;0;4
0x00441460;FUN_00441460;92;18;4
0x004414c0;FUN_004414c0;10;4;0
0x004414d0;FUN_004414d0;6;33;0
0x004414e0;FUN_004414e0;936;11;29
0x004418d0;FUN_004418d0;260;49;6
0x004419e0;FUN_004419e0;64;9;1
0x00441a20;FUN_00441a20;40;4;1
0x00441a50;FUN_00441a50;13;135;0
0x00441a60;NOD_Node__BindThread;86;0;3
0x00441ac0;FUN_00441ac0;51;0;1
0x00441b00;FUN_00441b00;161;1;0
0x00441bb0;FUN_00441bb0;218;3;8
0x00441c90;FUN_00441c90;52;1;5
0x00441cd0;FUN_00441cd0;155;0;6
0x00441d70;FUN_00441d70;69;0;5
0x00441dc0;NOD_Node__LoadSons;719;27;11
0x00442090;FUN_00442090;24;12;1
0x004420a8;FUN_004420a8;60;0;2
0x004420f0;FUN_004420f0;148;2;2
0x00442190;NOD_Node__SubSon_2;130;2;1
0x00442220;NOD_Node__GC_AddNode;78;26;3
0x00442270;NOD_Node__GC_DoGarbageCollection;505;4;6
0x00442470;FUN_00442470;99;2;1
0x004424e0;NOD_Node__SubSon;133;1;3
0x00442570;FUN_00442570;46;0;1
0x004425a0;FUN_004425a0;93;5;1
0x00442600;FUN_00442600;42;0;2
0x00442670;FUN_00442670;6;0;0
0x00442b60;FUN_00442b60;30;0;0
0x00442b80;FUN_00442b80;16;0;1
0x00442b90;FUN_00442b90;16;0;1
0x00442ba0;FUN_00442ba0;37;0;2
0x00442bd0;FUN_00442bd0;51;7;3
0x00442c10;FUN_00442c10;51;0;3
0x00442c50;FUN_00442c50;41;0;1
0x00442c80;FUN_00442c80;27;0;0
0x00442ca0;FUN_00442ca0;20;0;0
0x00442cc0;FUN_00442cc0;40;0;3
0x00442cf0;FUN_00442cf0;13;0;1
0x00442d00;FUN_00442d00;19;0;1
0x00442d20;FUN_00442d20;77;0;4
0x00442d70;FUN_00442d70;61;0;0
0x00442db0;FUN_00442db0;36;0;1
0x00442de0;FUN_00442de0;21;0;1
0x00442e00;FUN_00442e00;84;0;2
0x00442e60;FUN_00442e60;845;1;4
0x004431b0;FUN_004431b0;626;1;7
0x00443430;FUN_00443430;28;3;0
0x00443450;FUN_00443450;74;1;0
0x004434a0;FUN_004434a0;176;0;7
0x00443550;NOD_Terrain__LoadTerrain;1521;1;22
0x00443b50;FUN_00443b50;64;0;2
0x00443b90;FUN_00443b90;109;0;0
0x00443c00;FUN_00443c00;42;0;2
0x00443c70;FUN_00443c70;6;0;0
0x00443c80;FUN_00443c80;33;4;1
0x004442a0;FUN_004442a0;31;0;1
0x004442c0;FUN_004442c0;23;0;0
0x004442e0;FUN_004442e0;49;0;2
0x00444320;FUN_00444320;99;1;1
0x00444390;FUN_00444390;37;0;0
0x004443c0;FUN_004443c0;82;0;3
0x00444420;NOD_Camera__HeartBeat;1191;0;27
0x00444910;FUN_00444910;23;1;0
0x00444930;FUN_00444930;191;0;4
0x004449f0;FUN_004449f0;962;0;19
0x00444e10;FUN_00444e10;65;2;3
0x00444e60;FUN_00444e60;361;1;3
0x00444fd0;NOD_Camera__GetVisibleObjects;627;1;4
0x00445270;NOD_Camera__GetModeInfo;121;3;2
0x00445300;FUN_00445300;24;3;0
0x00445320;NOD_Camera__GetRelativePositionFromName;356;2;2
0x00445580;FUN_00445580;168;1;5
0x00445630;FUN_00445630;424;1;12
0x004457e0;FUN_004457e0;25;24;2
0x00445800;FUN_00445800;350;1;7
0x00445960;FUN_00445960;541;1;14
0x00445b80;FUN_00445b80;463;1;6
0x00445d50;FUN_00445d50;458;1;13
0x00445f20;FUN_00445f20;470;1;6
0x00446100;FUN_00446100;564;1;15
0x00446340;FUN_00446340;505;1;6
0x00446540;FUN_00446540;424;1;12
0x004466f0;FUN_004466f0;175;1;2
0x004467a0;FUN_004467a0;66;1;1
0x004467f0;FUN_004467f0;247;1;1
0x004468f0;FUN_004468f0;438;1;12
0x00446ab0;FUN_00446ab0;260;1;4
0x00446bc0;FUN_00446bc0;539;1;13
0x00446de0;FUN_00446de0;528;1;13
0x00446ff0;FUN_00446ff0;390;1;6
0x00447180;FUN_00447180;583;1;13
0x004473d0;FUN_004473d0;558;1;8
0x00447600;FUN_00447600;254;1;3
0x00447700;FUN_00447700;87;1;1
0x00447760;FUN_00447760;324;1;1
0x004478b0;FUN_004478b0;32;1;2
0x004478d0;FUN_004478d0;42;0;2
0x00447940;FUN_00447940;6;0;0
0x00447950;FUN_00447950;33;3;1
0x00447980;FUN_00447980;743;0;5
0x00447c70;FUN_00447c70;30;0;2
0x00447c90;CON_Cache<T>__Unlock_4;762;1;7
0x00447f90;FUN_00447f90;383;0;14
0x00448110;FUN_00448110;18;1;1
0x00448130;FUN_00448130;16;4;1
0x00448140;FUN_00448140;55;1;2
0x00448180;FUN_00448180;63;1;2
0x004481c0;FUN_004481c0;15;1;1
0x004481d0;FUN_004481d0;15;9;1
0x004481e0;FUN_004481e0;43;1;1
0x00448210;FUN_00448210;40;1;1
0x00448240;FUN_00448240;285;0;10
0x00448360;FUN_00448360;99;0;0
0x004483d0;NOD_Cockpit__RadioMessage_HeartBeat;674;1;8
0x004486a0;FUN_004486a0;729;1;14
0x00448980;FUN_00448980;331;1;9
0x00448ad0;FUN_00448ad0;143;9;0
0x00448b60;FUN_00448b60;224;2;6
0x00448c40;FUN_00448c40;318;2;6
0x00448d80;FUN_00448d80;1404;1;22
0x00449320;FUN_00449320;20;3;0
0x00449340;FUN_00449340;674;1;8
0x004495f0;FUN_004495f0;353;1;5
0x00449760;NOD_Cockpit__Update;4188;1;50
0x0044a7e0;FUN_0044a7e0;71;1;0
0x0044a850;FUN_0044a850;39;0;2
0x0044a8d0;FUN_0044a8d0;6;0;0
0x0044a8e0;FUN_0044a8e0;37;0;2
0x0044a930;FUN_0044a930;36;0;2
0x0044a960;FUN_0044a960;6;0;0
0x0044a970;FUN_0044a970;105;1;3
0x0044a9e0;FUN_0044a9e0;36;0;2
0x0044aa10;FUN_0044aa10;39;0;2
0x0044aa90;FUN_0044aa90;6;0;0
0x0044aaa0;FUN_0044aaa0;37;0;2
0x0044aaf0;FUN_0044aaf0;36;0;2
0x0044ab20;FUN_0044ab20;6;0;0
0x0044ab30;FUN_0044ab30;39;0;2
0x0044abb0;FUN_0044abb0;6;0;0
0x0044abc0;FUN_0044abc0;37;0;2
0x0044ac10;FUN_0044ac10;36;0;2
0x0044ac40;FUN_0044ac40;6;0;0
0x0044ac50;FUN_0044ac50;75;3;2
0x0044aca0;FUN_0044aca0;39;0;2
0x0044ad20;FUN_0044ad20;6;0;0
0x0044ad30;FUN_0044ad30;37;0;2
0x0044ad80;FUN_0044ad80;36;0;2
0x0044adb0;FUN_0044adb0;6;0;0
0x0044adc0;FUN_0044adc0;105;1;3
0x0044ae30;FUN_0044ae30;29;10;1
0x0044ae50;FUN_0044ae50;39;0;2
0x0044aed0;FUN_0044aed0;6;0;0
0x0044aee0;FUN_0044aee0;37;0;2
0x0044af30;FUN_0044af30;36;0;2
0x0044af60;FUN_0044af60;6;0;0
0x0044af70;FUN_0044af70;105;1;3
0x0044afe0;FUN_0044afe0;39;0;2
0x0044b060;FUN_0044b060;6;0;0
0x0044b070;FUN_0044b070;37;0;2
0x0044b0c0;FUN_0044b0c0;36;0;2
0x0044b0f0;FUN_0044b0f0;6;0;0
0x0044b100;NOD_Message__Allocate_134;186;1;3
0x0044b1c0;FUN_0044b1c0;39;0;2
0x0044b240;FUN_0044b240;6;0;0
0x0044b250;FUN_0044b250;37;0;2
0x0044b2a0;FUN_0044b2a0;36;0;2
0x0044b2d0;FUN_0044b2d0;6;0;0
0x0044b2e0;NOD_Message__Allocate_138;186;1;3
0x0044b3a0;FUN_0044b3a0;39;0;2
0x0044b420;FUN_0044b420;6;0;0
0x0044b430;FUN_0044b430;37;0;2
0x0044b480;FUN_0044b480;36;0;2
0x0044b4b0;FUN_0044b4b0;6;0;0
0x0044b4c0;NOD_Message__Allocate_147;186;1;3
0x0044b580;FUN_0044b580;39;0;2
0x0044b600;FUN_0044b600;6;0;0
0x0044b610;FUN_0044b610;37;0;2
0x0044b660;FUN_0044b660;36;0;2
0x0044b690;FUN_0044b690;6;0;0
0x0044b6a0;NOD_Message__Allocate_151;186;1;3
0x0044b760;FUN_0044b760;39;0;2
0x0044b7e0;FUN_0044b7e0;6;0;0
0x0044b7f0;FUN_0044b7f0;37;0;2
0x0044b840;FUN_0044b840;36;0;2
0x0044b870;FUN_0044b870;6;0;0
0x0044b880;FUN_0044b880;39;0;2
0x0044b900;FUN_0044b900;6;0;0
0x0044b910;FUN_0044b910;37;0;2
0x0044b960;FUN_0044b960;36;0;2
0x0044b990;FUN_0044b990;6;0;0
0x0044b9a0;FUN_0044b9a0;100;1;3
0x0044ba10;FUN_0044ba10;40;1;1
0x0044ba40;FUN_0044ba40;25;0;0
0x0044ba60;FUN_0044ba60;39;0;2
0x0044bae0;FUN_0044bae0;6;0;0
0x0044baf0;FUN_0044baf0;37;0;2
0x0044bb40;FUN_0044bb40;36;0;2
0x0044bb70;FUN_0044bb70;6;0;0
0x0044bb80;NOD_Message__Allocate_109;166;3;1
0x0044bc30;FUN_0044bc30;36;0;0
0x0044bc60;FUN_0044bc60;39;0;2
0x0044bce0;FUN_0044bce0;6;0;0
0x0044bcf0;FUN_0044bcf0;37;0;2
0x0044bd40;FUN_0044bd40;36;0;2
0x0044bd70;FUN_0044bd70;6;0;0
0x0044bd80;NOD_Message__Allocate_119;112;1;1
0x0044bdf0;FUN_0044bdf0;25;0;0
0x0044be10;NOD_Message__Allocate_122;137;1;3
0x0044bea0;FUN_0044bea0;17;0;0
0x0044bec0;FUN_0044bec0;39;0;2
0x0044bf40;FUN_0044bf40;6;0;0
0x0044bf50;FUN_0044bf50;37;0;2
0x0044bfa0;FUN_0044bfa0;36;0;2
0x0044bfd0;FUN_0044bfd0;6;0;0
0x0044bfe0;FUN_0044bfe0;39;0;2
0x0044c060;FUN_0044c060;6;0;0
0x0044c070;FUN_0044c070;37;0;2
0x0044c0c0;FUN_0044c0c0;36;0;2
0x0044c0f0;FUN_0044c0f0;6;0;0
0x0044c100;FUN_0044c100;36;0;0
0x0044c130;FUN_0044c130;39;0;2
0x0044c1b0;FUN_0044c1b0;6;0;0
0x0044c1c0;FUN_0044c1c0;37;0;2
0x0044c210;FUN_0044c210;36;0;2
0x0044c240;FUN_0044c240;6;0;0
0x0044c250;NOD_Message__Allocate_135;130;1;3
0x0044c2e0;FUN_0044c2e0;39;0;2
0x0044c360;FUN_0044c360;6;0;0
0x0044c370;FUN_0044c370;37;0;2
0x0044c3c0;FUN_0044c3c0;36;0;2
0x0044c3f0;FUN_0044c3f0;6;0;0
0x0044c400;NOD_Message__Allocate_144;130;1;3
0x0044c490;FUN_0044c490;39;0;2
0x0044c510;FUN_0044c510;6;0;0
0x0044c520;FUN_0044c520;37;0;2
0x0044c570;FUN_0044c570;36;0;2
0x0044c5a0;FUN_0044c5a0;6;0;0
0x0044c5b0;FUN_0044c5b0;39;0;2
0x0044c630;FUN_0044c630;6;0;0
0x0044c640;FUN_0044c640;37;0;2
0x0044c690;FUN_0044c690;36;0;2
0x0044c6c0;FUN_0044c6c0;6;0;0
0x0044c6d0;FUN_0044c6d0;75;1;2
0x0044c720;FUN_0044c720;39;0;2
0x0044c7a0;FUN_0044c7a0;6;0;0
0x0044c7b0;FUN_0044c7b0;37;0;2
0x0044c800;FUN_0044c800;36;0;2
0x0044c830;FUN_0044c830;6;0;0
0x0044c840;FUN_0044c840;105;2;3
0x0044c8b0;FUN_0044c8b0;17;0;0
0x0044c8d0;FUN_0044c8d0;39;0;2
0x0044c950;FUN_0044c950;6;0;0
0x0044c960;FUN_0044c960;37;0;2
0x0044c9b0;FUN_0044c9b0;36;0;2
0x0044c9e0;FUN_0044c9e0;6;0;0
0x0044c9f0;FUN_0044c9f0;39;0;2
0x0044ca70;FUN_0044ca70;6;0;0
0x0044ca80;FUN_0044ca80;37;0;2
0x0044cad0;FUN_0044cad0;36;0;2
0x0044cb00;FUN_0044cb00;6;0;0
0x0044cb10;FUN_0044cb10;39;0;2
0x0044cb90;FUN_0044cb90;6;0;0
0x0044cba0;FUN_0044cba0;37;0;2
0x0044cbf0;FUN_0044cbf0;36;0;2
0x0044cc20;FUN_0044cc20;6;0;0
0x0044cc30;FUN_0044cc30;39;0;2
0x0044ccb0;FUN_0044ccb0;6;0;0
0x0044ccc0;FUN_0044ccc0;37;0;2
0x0044cd10;FUN_0044cd10;36;0;2
0x0044cd40;FUN_0044cd40;6;0;0
0x0044cd50;NOD_Message__Allocate_115;132;1;4
0x0044cde0;NOD_Message__Allocate_118;84;1;2
0x0044ce40;FUN_0044ce40;33;0;0
0x0044ce70;FUN_0044ce70;39;0;2
0x0044cef0;FUN_0044cef0;6;0;0
0x0044cf00;FUN_0044cf00;37;0;2
0x0044cf50;FUN_0044cf50;36;0;2
0x0044cf80;FUN_0044cf80;6;0;0
0x0044cf90;FUN_0044cf90;39;0;2
0x0044d010;FUN_0044d010;6;0;0
0x0044d020;FUN_0044d020;37;0;2
0x0044d070;FUN_0044d070;36;0;2
0x0044d0a0;FUN_0044d0a0;6;0;0
0x0044d0b0;FUN_0044d0b0;105;1;3
0x0044d120;FUN_0044d120;39;0;2
0x0044d1a0;FUN_0044d1a0;6;0;0
0x0044d1b0;FUN_0044d1b0;37;0;2
0x0044d200;FUN_0044d200;36;0;2
0x0044d230;FUN_0044d230;6;0;0
0x0044d240;NOD_Message__Allocate_30;137;2;4
0x0044d2d0;NOD_Message__Allocate_137;72;1;2
0x0044d320;FUN_0044d320;33;0;0
0x0044d350;FUN_0044d350;39;0;2
0x0044d3d0;FUN_0044d3d0;6;0;0
0x0044d3e0;FUN_0044d3e0;37;0;2
0x0044d430;FUN_0044d430;36;0;2
0x0044d460;FUN_0044d460;6;0;0
0x0044d470;NOD_Message__Allocate_142;186;1;3
0x0044d530;FUN_0044d530;39;0;2
0x0044d5b0;FUN_0044d5b0;6;0;0
0x0044d5c0;FUN_0044d5c0;37;0;2
0x0044d610;FUN_0044d610;36;0;2
0x0044d640;FUN_0044d640;6;0;0
0x0044d650;NOD_Message__Allocate_42;118;3;3
0x0044d6d0;FUN_0044d6d0;17;0;0
0x0044d6f0;FUN_0044d6f0;39;0;2
0x0044d770;FUN_0044d770;6;0;0
0x0044d780;FUN_0044d780;37;0;2
0x0044d7d0;FUN_0044d7d0;36;0;2
0x0044d800;FUN_0044d800;6;0;0
0x0044d810;FUN_0044d810;39;0;2
0x0044d890;FUN_0044d890;6;0;0
0x0044d8a0;FUN_0044d8a0;37;0;2
0x0044d8f0;FUN_0044d8f0;36;0;2
0x0044d920;FUN_0044d920;6;0;0
0x0044d930;FUN_0044d930;17;0;0
0x0044d950;FUN_0044d950;39;0;2
0x0044d9d0;FUN_0044d9d0;6;0;0
0x0044d9e0;FUN_0044d9e0;37;0;2
0x0044da30;FUN_0044da30;36;0;2
0x0044da60;FUN_0044da60;6;0;0
0x0044da70;FUN_0044da70;39;0;2
0x0044daf0;FUN_0044daf0;6;0;0
0x0044db00;FUN_0044db00;37;0;2
0x0044db50;FUN_0044db50;36;0;2
0x0044db80;FUN_0044db80;6;0;0
0x0044db90;FUN_0044db90;39;0;2
0x0044dc10;FUN_0044dc10;6;0;0
0x0044dc20;FUN_0044dc20;37;0;2
0x0044dc70;FUN_0044dc70;36;0;2
0x0044dca0;FUN_0044dca0;6;0;0
0x0044dcb0;FUN_0044dcb0;36;0;0
0x0044dce0;FUN_0044dce0;39;0;2
0x0044dd60;FUN_0044dd60;6;0;0
0x0044dd70;FUN_0044dd70;37;0;2
0x0044ddc0;FUN_0044ddc0;36;0;2
0x0044ddf0;FUN_0044ddf0;6;0;0
0x0044de00;NOD_Message__Allocate_21;217;2;3
0x0044dee0;FUN_0044dee0;28;0;0
0x0044df20;FUN_0044df20;166;1;11
0x0044dfd0;FUN_0044dfd0;198;1;4
0x0044e0a0;FUN_0044e0a0;97;1;3
0x0044e110;FUN_0044e110;196;1;4
0x0044e1e0;FUN_0044e1e0;91;1;0
0x0044e240;FUN_0044e240;64;1;3
0x0044e280;FUN_0044e280;657;1;4
0x0044e520;FUN_0044e520;300;13;2
0x0044e650;FUN_0044e650;738;1;10
0x0044e940;FUN_0044e940;1096;1;6
0x0044ed90;FUN_0044ed90;237;1;4
0x0044ee80;FUN_0044ee80;202;2;2
0x0044ef50;FUN_0044ef50;108;2;3
0x0044efc0;FUN_0044efc0;108;2;1
0x0044f030;FUN_0044f030;156;2;2
0x0044f0d0;NOD_Hud_MP_Info__Render;4406;1;20
0x00450210;FUN_00450210;46;1;0
0x00450240;NOD_Hud_MP_Info__Update_TDM_CTF;6522;1;34
0x00451bc0;FUN_00451bc0;32;7;0
0x00451be0;FUN_00451be0;31;2;0
0x00451c00;FUN_00451c00;62;2;0
0x00451c40;FUN_00451c40;64;2;0
0x00451c80;NOD_Hud_MP_Info__Update_DM;4390;1;33
0x00452db0;FUN_00452db0;187;2;1
0x00452e70;NOD_Hud_MP_Info__Player_SetPickupType;76;1;1
0x00452ec0;NOD_Hud_MP_Info__Pickup_GetTime;43;1;1
0x00452ef0;FUN_00452ef0;42;0;2
0x00452f60;FUN_00452f60;6;0;0
0x00452f70;FUN_00452f70;1893;3;8
0x004536e0;FUN_004536e0;30;0;2
0x00453700;FUN_00453700;540;1;9
0x00453920;FUN_00453920;30;1;2
0x00453940;FUN_00453940;30;1;2
0x00453960;FUN_00453960;498;0;6
0x00453b60;FUN_00453b60;33;7;1
0x00453b90;FUN_00453b90;56;2;1
0x00453bd0;FUN_00453bd0;56;2;1
0x00453c10;FUN_00453c10;36;1;1
0x00453c40;FUN_00453c40;36;2;1
0x00453c70;FUN_00453c70;36;2;1
0x00453ca0;FUN_00453ca0;36;4;1
0x00453cd0;FUN_00453cd0;36;4;1
0x00453d00;FUN_00453d00;36;4;1
0x00453d30;FUN_00453d30;36;4;1
0x00453d60;FUN_00453d60;36;4;1
0x00453d90;FUN_00453d90;36;1;1
0x00453dc0;FUN_00453dc0;42;0;2
0x00453e30;FUN_00453e30;6;0;0
0x00453e40;NOD_Console__NOD_Console;119;3;6
0x00453ec0;FUN_00453ec0;46;0;3
0x00453ef0;FUN_00453ef0;122;0;1
0x00453f70;FUN_00453f70;211;0;3
0x00454050;FUN_00454050;416;1;5
0x00454280;FUN_00454280;307;1;0
0x004543c0;NOD_Message__Allocate_84;61;3;1
0x00454400;FUN_00454400;42;0;2
0x00454470;FUN_00454470;6;0;0
0x00454480;FUN_00454480;842;0;13
0x004547d0;FUN_004547d0;30;0;2
0x004547f0;FUN_004547f0;299;1;7
0x00454920;FUN_00454920;7;2;0
0x00454930;FUN_00454930;7;5;0
0x00454940;FUN_00454940;7;1;0
0x00454950;FUN_00454950;57;4;0
0x00454990;FUN_00454990;124;1;3
0x00454a10;FUN_00454a10;124;3;3
0x00454a90;FUN_00454a90;7;2;0
0x00454aa0;FUN_00454aa0;209;1;5
0x00454b80;FUN_00454b80;451;1;12
0x00454d50;FUN_00454d50;26;1;1
0x00454d70;FUN_00454d70;26;1;1
0x00454d90;FUN_00454d90;554;1;9
0x00454fc0;FUN_00454fc0;48;2;1
0x00454ff0;NOD_Game__HeartBeat;611;0;8
0x00455270;FUN_00455270;164;0;1
0x00455320;NOD_Game__PM_EndGame;1367;0;38
0x00455930;FUN_00455930;9691;3;46
0x004580c0;NOD_Game__PM_LoadScript;1195;1;33
0x00458570;NOD_Game__PM_LoadScript_2;896;1;28
0x004588f0;NOD_Game__PM_CreateClientScript;908;1;28
0x00458c80;FUN_00458c80;7;1;0
0x00458c90;NOD_Game__ANT_GetPlayerDirectory;155;1;4
0x00458d30;FUN_00458d30;356;1;10
0x00458ea0;FUN_00458ea0;283;1;8
0x00458fc0;FUN_00458fc0;236;1;6
0x004590b0;NOD_Game__PM_LoadTextTable;194;1;8
0x00459180;FUN_00459180;106;1;1
0x004591f0;FUN_004591f0;106;1;1
0x00459260;FUN_00459260;2212;1;19
0x00459b20;FUN_00459b20;60;1;3
0x00459b60;FUN_00459b60;106;1;1
0x00459bd0;FUN_00459bd0;49;1;2
0x00459c10;FUN_00459c10;31;1;1
0x00459c30;FUN_00459c30;461;0;12
0x00459e00;NOD_Game__ANT_SetPlayer;569;2;14
0x0045a040;NOD_Game__PM_LoadMusic;260;1;11
0x0045a150;FUN_0045a150;94;1;6
0x0045a1b0;FUN_0045a1b0;836;1;11
0x0045a500;FUN_0045a500;161;1;2
0x0045a5b0;FUN_0045a5b0;1593;1;5
0x0045ac60;FUN_0045ac60;528;2;12
0x0045ae70;FUN_0045ae70;1083;3;7
0x0045b2b0;FUN_0045b2b0;695;4;6
0x0045b570;FUN_0045b570;220;2;7
0x0045b650;FUN_0045b650;648;5;6
0x0045b8e0;NOD_Game__Input_HandleAIE;1069;1;6
0x0045bd40;NOD_Game__Input_HandleAIE_2;315;2;5
0x0045be90;NOD_Game__Input_HandleAIE_3;823;2;6
0x0045c1f0;FUN_0045c1f0;184;2;1
0x0045c2b0;NOD_Device_Repair__HeartBeat;233;2;7
0x0045c3b0;NOD_Device_Generator__Definition_Load;329;1;10
0x0045c500;NOD_Device_Repair__HeartBeat_2;800;2;1
0x0045c830;NOD_Device_Repair__Definition_Load;1066;1;10
0x0045cc60;FUN_0045cc60;42;0;2
0x0045ccd0;FUN_0045ccd0;6;0;0
0x0045cce0;FUN_0045cce0;33;25;1
0x0045cd10;FUN_0045cd10;2057;1;24
0x0045d520;FUN_0045d520;28;2;0
0x0045d540;FUN_0045d540;13;0;0
0x0045d550;FUN_0045d550;13;0;0
0x0045d560;FUN_0045d560;13;0;0
0x0045d570;FUN_0045d570;13;0;0
0x0045d580;FUN_0045d580;7;0;0
0x0045d590;FUN_0045d590;7;0;0
0x0045d5a0;FUN_0045d5a0;7;1;0
0x0045d5b0;FUN_0045d5b0;35;0;2
0x0045d5e0;FUN_0045d5e0;7;0;0
0x0045d5f0;FUN_0045d5f0;7;0;0
0x0045d600;FUN_0045d600;34;0;2
0x0045d630;FUN_0045d630;30;0;2
0x0045d650;FUN_0045d650;32;4;2
0x0045d670;FUN_0045d670;757;1;7
0x0045d970;FUN_0045d970;31;0;1
0x0045d990;CON_Cache<T>__Lock_8;2107;0;17
0x0045e1d0;FUN_0045e1d0;665;2;1
0x0045e470;FUN_0045e470;322;2;0
0x0045e5c0;FUN_0045e5c0;370;2;0
0x0045e740;FUN_0045e740;45;1;0
0x0045e770;FUN_0045e770;249;0;8
0x0045e870;NOD_Vessel__ParseIniFile;3428;0;46
0x0045f5f0;NOD_Player__HeartBeat;56;0;4
0x0045f630;FUN_0045f630;3558;1;47
0x00460420;FUN_00460420;17;8;0
0x00460440;FUN_00460440;21;8;0
0x00460460;FUN_00460460;70;6;2
0x004604b0;FUN_004604b0;29;3;0
0x004604d0;FUN_004604d0;64;8;2
0x00460510;FUN_00460510;126;4;0
0x00460590;NOD_Player__HeartBeat_MP_Thing;4190;1;43
0x004615f0;NOD_Player__HeartBeat_MP_Ghost;452;1;12
0x004617c0;FUN_004617c0;750;0;10
0x00461ab0;FUN_00461ab0;144;0;5
0x00461b40;FUN_00461b40;615;0;16
0x00461db0;FUN_00461db0;35;0;1
0x00461de0;NOD_Message__Allocate_117;596;1;15
0x00462040;NOD_Player__Item_Add;3823;4;21
0x00463000;FUN_00463000;337;1;6
0x00463160;NOD_Message__Allocate_133;1062;1;19
0x004635d0;FUN_004635d0;634;3;13
0x00463880;FUN_00463880;65;1;3
0x004638d0;FUN_004638d0;175;1;1
0x00463980;FUN_00463980;422;3;6
0x00463b30;FUN_00463b30;107;1;0
0x00463ba0;FUN_00463ba0;462;1;6
0x00463d70;NOD_Player__Input_Handle;1063;2;15
0x004641a0;FUN_004641a0;588;2;9
0x004643f0;FUN_004643f0;536;1;8
0x00464610;FUN_00464610;497;3;12
0x00464810;FUN_00464810;24;1;0
0x00464830;FUN_00464830;1184;2;13
0x00464cd0;FUN_00464cd0;768;1;14
0x00464fd0;FUN_00464fd0;382;3;6
0x00465150;FUN_00465150;75;2;4
0x004651a0;FUN_004651a0;103;5;3
0x00465210;FUN_00465210;15;1;0
0x00465220;FUN_00465220;173;1;4
0x004652d0;FUN_004652d0;7;10;0
0x004652e0;FUN_004652e0;13;4;0
0x004652f0;FUN_004652f0;7;1;0
0x00465300;FUN_00465300;53;1;2
0x00465340;FUN_00465340;169;1;2
0x004653f0;FUN_004653f0;25;1;0
0x00465410;FUN_00465410;65;1;0
0x00465460;FUN_00465460;93;1;0
0x004654c0;FUN_004654c0;65;1;0
0x00465510;FUN_00465510;65;1;0
0x00465560;FUN_00465560;68;1;0
0x004655b0;FUN_004655b0;72;1;0
0x00465600;FUN_00465600;77;1;4
0x00465650;FUN_00465650;20;1;0
0x00465670;FUN_00465670;129;1;1
0x00465700;FUN_00465700;7;1;0
0x00465710;FUN_00465710;43;1;1
0x00465740;FUN_00465740;20;1;0
0x00465760;FUN_00465760;724;1;6
0x00465a40;FUN_00465a40;79;1;0
0x00465a90;FUN_00465a90;20;1;0
0x00465ab0;FUN_00465ab0;20;2;0
0x00465ad0;FUN_00465ad0;20;1;0
0x00465af0;FUN_00465af0;23;1;0
0x00465b10;FUN_00465b10;186;1;4
0x00465bd0;FUN_00465bd0;1032;2;0
0x00465fe0;FUN_00465fe0;326;1;3
0x00466130;FUN_00466130;90;1;2
0x00466190;FUN_00466190;401;1;7
0x00466330;FUN_00466330;620;1;11
0x004665a0;NOD_Player__PlayPickupSound;355;2;8
0x00466760;FUN_00466760;183;1;1
0x00466820;FUN_00466820;153;1;4
0x004668c0;FUN_004668c0;123;1;1
0x00466940;FUN_00466940;38;0;2
0x00466970;FUN_00466970;31;0;1
0x00466990;NOD_Player__Radar_HandleReticleObject;1262;1;24
0x00466e90;FUN_00466e90;21;1;0
0x00466eb0;FUN_00466eb0;18;9;0
0x00466ed0;FUN_00466ed0;30;0;0
0x00466ef0;FUN_00466ef0;80;0;4
0x00466f40;FUN_00466f40;65;7;3
0x00466f90;FUN_00466f90;145;0;4
0x00467030;FUN_00467030;32;1;2
0x00467050;FUN_00467050;30;0;2
0x00467070;FUN_00467070;42;0;2
0x004670e0;FUN_004670e0;6;0;0
0x004670f0;FUN_004670f0;33;104;1
0x00467120;FUN_00467120;184;20;7
0x004671e0;CON_Cache<T>__Unlock_29;291;0;7
0x00467310;CON_Cache<T>__Unlock_8;272;28;7
0x00467420;FUN_00467420;459;0;3
0x004675f0;FUN_004675f0;929;16;26
0x00467a10;FUN_00467a10;36;4;1
0x00467a40;FUN_00467a40;19;1;0
0x00467a60;FUN_00467a60;52;4;0
0x00467aa0;FUN_00467aa0;102;5;2
0x00467b10;FUN_00467b10;15;1;0
0x00467b20;FUN_00467b20;46;2;0
0x00467b50;FUN_00467b50;53;1;0
0x00467b90;FUN_00467b90;53;1;0
0x00467bd0;FUN_00467bd0;112;1;6
0x00467c40;FUN_00467c40;96;1;4
0x00467ca0;FUN_00467ca0;96;1;3
0x00467d00;FUN_00467d00;55;1;1
0x00467d40;FUN_00467d40;91;1;0
0x00467da0;NOD_Body__ParseLCS_2;880;1;13
0x00468110;FUN_00468110;31;0;0
0x00468130;FUN_00468130;326;0;5
0x00468280;FUN_00468280;147;4;0
0x00468320;FUN_00468320;82;1;0
0x00468380;FUN_00468380;128;4;3
0x00468400;FUN_00468400;163;2;4
0x004684b0;FUN_004684b0;44;3;1
0x004684e0;FUN_004684e0;118;6;4
0x00468560;FUN_00468560;68;7;1
0x004685b0;FUN_004685b0;55;1;1
0x004685f0;FUN_004685f0;211;11;3
0x004686e0;FUN_004686e0;71;8;1
0x00468730;NOD_Body__Key_ParseIniFile;207;6;7
0x00468800;FUN_00468800;29;0;1
0x00468820;FUN_00468820;24;0;2
0x00468840;FUN_00468840;42;0;2
0x00468950;FUN_00468950;7;0;0
0x00468960;FUN_00468960;6;0;0
0x00468970;FUN_00468970;33;2;1
0x004689a0;FUN_004689a0;153;1;6
0x00468a40;FUN_00468a40;49;0;3
0x00468a80;NOD_SplashDamage__ParseIniFile;2078;0;25
0x004692a0;FUN_004692a0;332;0;7
0x004693f0;FUN_004693f0;348;0;5
0x00469550;FUN_00469550;180;0;6
0x00469610;FUN_00469610;59;0;2
0x00469650;CON_Cache<T>__Lock_14;774;0;11
0x00469960;FUN_00469960;202;2;0
0x00469a30;FUN_00469a30;42;0;2
0x00469aa0;FUN_00469aa0;6;0;0
0x00469ab0;FUN_00469ab0;199;2;9
0x00469b80;FUN_00469b80;7;0;0
0x00469b90;FUN_00469b90;7;0;0
0x00469ba0;FUN_00469ba0;11;0;1
0x00469bb0;FUN_00469bb0;71;0;4
0x00469c00;NOD_Trash__ParseIniFile;2635;0;35
0x0046a650;FUN_0046a650;592;0;15
0x0046a8a0;FUN_0046a8a0;324;0;7
0x0046a9f0;FUN_0046a9f0;71;0;3
0x0046aa40;CON_Cache<T>__Lock_9;807;0;8
0x0046ad70;FUN_0046ad70;110;1;0
0x0046ade0;FUN_0046ade0;42;0;2
0x0046ae50;FUN_0046ae50;6;0;0
0x0046ae60;FUN_0046ae60;120;2;2
0x0046aee0;FUN_0046aee0;106;0;2
0x0046af50;FUN_0046af50;323;0;3
0x0046b0a0;NOD_FX_Spawn__ParseIniFile;2550;0;16
0x0046baa0;FUN_0046baa0;361;0;3
0x0046bc10;NOD_FX_Spawn__HeartBeat;380;0;7
0x0046bd90;FUN_0046bd90;103;0;2
0x0046be00;NOD_FX_Spawn__Spawn;1794;1;12
0x0046c530;FUN_0046c530;13;0;1
0x0046c540;FUN_0046c540;42;0;2
0x0046c630;FUN_0046c630;6;0;0
0x0046c640;FUN_0046c640;122;1;4
0x0046c6c0;FUN_0046c6c0;36;0;2
0x0046c6f0;NOD_EscapePod__ParseIniFile;1376;0;22
0x0046cc50;FUN_0046cc50;242;0;7
0x0046cd50;FUN_0046cd50;221;0;5
0x0046ce30;CON_Cache<T>__Lock_10;407;0;8
0x0046cfd0;FUN_0046cfd0;42;0;2
0x0046d040;FUN_0046d040;6;0;0
0x0046d050;FUN_0046d050;356;2;7
0x0046d1c0;FUN_0046d1c0;7;0;0
0x0046d1d0;FUN_0046d1d0;93;0;4
0x0046d230;CON_Cache<T>__Lock_13;568;0;5
0x0046d470;NOD_Buzzer__ParseIniFile;1291;0;23
0x0046d980;FUN_0046d980;399;0;9
0x0046db10;FUN_0046db10;13;0;1
0x0046db20;FUN_0046db20;639;1;8
0x0046dda0;FUN_0046dda0;42;0;2
0x0046de70;FUN_0046de70;26;0;0
0x0046de90;FUN_0046de90;7;0;0
0x0046dea0;FUN_0046dea0;6;0;0
0x0046deb0;FUN_0046deb0;94;1;2
0x0046df10;FUN_0046df10;49;0;3
0x0046df50;FUN_0046df50;302;0;3
0x0046e080;FUN_0046e080;77;0;1
0x0046e0d0;NOD_Trail__ParseIniFile_2;1682;0;10
0x0046e770;FUN_0046e770;224;0;6
0x0046e850;FUN_0046e850;280;0;4
0x0046e970;FUN_0046e970;71;0;1
0x0046e9c0;FUN_0046e9c0;255;1;3
0x0046eac0;NOD_Trail__ParseIniFile;341;1;8
0x0046ec20;FUN_0046ec20;70;0;0
0x0046ec70;FUN_0046ec70;21;0;0
0x0046ec90;FUN_0046ec90;21;0;0
0x0046ecb0;FUN_0046ecb0;42;0;2
0x0046ed60;FUN_0046ed60;7;0;0
0x0046ed70;FUN_0046ed70;6;0;0
0x0046ed80;FUN_0046ed80;54;1;3
0x0046edc0;FUN_0046edc0;49;0;3
0x0046ee00;FUN_0046ee00;190;0;7
0x0046eec0;NOD_ParticleEmitter__ParseIniFile;263;0;8
0x0046efd0;FUN_0046efd0;193;0;6
0x0046f0a0;FUN_0046f0a0;109;0;2
0x0046f110;FUN_0046f110;728;0;8
0x0046f410;FUN_0046f410;59;0;1
0x0046f450;FUN_0046f450;48;0;1
0x0046f480;FUN_0046f480;42;0;1
0x0046f4b0;FUN_0046f4b0;42;0;2
0x0046f540;FUN_0046f540;6;0;0
0x0046f550;FUN_0046f550;39;1;1
0x0046f580;FUN_0046f580;98;0;2
0x0046f5f0;FUN_0046f5f0;345;0;4
0x0046f750;FUN_0046f750;133;1;1
0x0046f7e0;NOD_Debris__ParseIniFile;458;0;10
0x0046f9b0;FUN_0046f9b0;244;0;5
0x0046fab0;FUN_0046fab0;103;0;2
0x0046fb20;FUN_0046fb20;42;0;2
0x0046fb90;FUN_0046fb90;6;0;0
0x0046fba0;FUN_0046fba0;33;10;1
0x0046fbd0;FUN_0046fbd0;476;3;10
0x0046fdb0;FUN_0046fdb0;7;0;0
0x0046fdc0;FUN_0046fdc0;7;0;0
0x0046fdd0;FUN_0046fdd0;30;0;2
0x0046fdf0;FUN_0046fdf0;192;1;5
0x0046fec0;CON_Cache<T>__Lock_11;1002;0;8
0x004702b0;NOD_Vessel__ParseIniFile_4;2528;0;33
0x00470c90;NOD_Torpedo__HeartBeat;3085;0;38
0x004718a0;FUN_004718a0;23;4;0
0x004718c0;FUN_004718c0;612;0;13
0x00471b30;FUN_00471b30;90;0;4
0x00471b90;FUN_00471b90;13;0;1
0x00471ba0;FUN_00471ba0;652;1;7
0x00471e30;FUN_00471e30;35;31;0
0x00471e60;FUN_00471e60;42;0;2
0x00471ed0;FUN_00471ed0;6;0;0
0x00471ee0;FUN_00471ee0;33;6;1
0x00471f10;FUN_00471f10;439;3;6
0x004720d0;FUN_004720d0;7;0;0
0x004720e0;FUN_004720e0;115;0;4
0x00472160;CON_Cache<T>__Lock_12;852;0;6
0x004724c0;NOD_Bullet__ParseIniFile;3915;0;35
0x00473410;FUN_00473410;351;0;3
0x00473570;FUN_00473570;568;0;14
0x004737b0;FUN_004737b0;292;5;0
0x004738e0;FUN_004738e0;428;0;9
0x00473a90;FUN_00473a90;984;1;10
0x00473e70;FUN_00473e70;42;0;2
0x00473ee0;FUN_00473ee0;6;0;0
0x00473ef0;FUN_00473ef0;296;3;8
0x00474020;FUN_00474020;30;0;2
0x00474040;CON_Cache<T>__Unlock_21;775;1;9
0x00474350;FUN_00474350;125;1;1
0x004743d0;FUN_004743d0;384;0;4
0x00474550;NOD_Gun__Ammo_CurrentAmmoType_2;9785;0;28
0x00476be0;FUN_00476be0;62;2;0
0x00476c20;FUN_00476c20;139;3;3
0x00476cb0;FUN_00476cb0;207;3;7
0x00476d80;FUN_00476d80;660;0;8
0x00477020;FUN_00477020;256;0;4
0x00477120;NOD_Gun__HeartBeat;1100;0;14
0x00477580;FUN_00477580;1480;1;0
0x00477b50;FUN_00477b50;458;0;3
0x00477d20;FUN_00477d20;72;0;2
0x00477d70;FUN_00477d70;313;1;7
0x00477eb0;FUN_00477eb0;39;1;0
0x00477ee0;FUN_00477ee0;315;1;6
0x00478020;FUN_00478020;39;1;0
0x00478050;NOD_Gun__SpawnBullet;2393;3;13
0x004789f0;FUN_004789f0;105;0;2
0x00478a60;FUN_00478a60;193;0;3
0x00478b30;FUN_00478b30;1036;0;16
0x00478f40;FUN_00478f40;48;0;2
0x00478f70;FUN_00478f70;471;0;9
0x00479150;FUN_00479150;965;0;15
0x00479520;FUN_00479520;524;0;13
0x00479730;FUN_00479730;13;1;1
0x00479740;NOD_Gun__Ammo_WouldHaveAmmo;921;2;5
0x00479af0;FUN_00479af0;118;1;5
0x00479b70;FUN_00479b70;39;1;0
0x00479ba0;NOD_Gun__Ammo_CurrentAmmoType;348;4;5
0x00479d50;FUN_00479d50;42;0;2
0x00479dc0;FUN_00479dc0;6;0;0
0x00479dd0;FUN_00479dd0;33;6;1
0x00479e00;FUN_00479e00;195;2;5
0x00479ed0;FUN_00479ed0;60;0;4
0x00479f10;CON_Cache<T>__Lock_2;477;0;7
0x0047a0f0;FUN_0047a0f0;90;2;3
0x0047a150;NOD_ItemBox__ParseIniFile;3223;0;36
0x0047adf0;NOD_ItemBox__HeartBeat;874;0;11
0x0047b170;FUN_0047b170;232;0;5
0x0047b260;FUN_0047b260;61;0;2
0x0047b2a0;FUN_0047b2a0;470;0;18
0x0047b480;FUN_0047b480;201;1;6
0x0047b550;FUN_0047b550;406;0;6
0x0047b6f0;FUN_0047b6f0;89;0;4
0x0047b750;FUN_0047b750;39;0;2
0x0047b7d0;FUN_0047b7d0;6;0;0
0x0047b7e0;FUN_0047b7e0;37;0;2
0x0047b830;FUN_0047b830;36;0;2
0x0047b860;FUN_0047b860;6;0;0
0x0047b870;NOD_Message__Allocate_98;244;1;4
0x0047b970;NOD_Message__Allocate_6;196;2;3
0x0047ba40;FUN_0047ba40;53;0;0
0x0047ba90;FUN_0047ba90;39;0;2
0x0047bb10;FUN_0047bb10;6;0;0
0x0047bb20;FUN_0047bb20;37;0;2
0x0047bb70;FUN_0047bb70;36;0;2
0x0047bba0;FUN_0047bba0;6;0;0
0x0047bbb0;NOD_Message__Allocate_14;294;7;3
0x0047bce0;FUN_0047bce0;29;0;0
0x0047bd10;FUN_0047bd10;39;0;2
0x0047bd90;FUN_0047bd90;6;0;0
0x0047bda0;FUN_0047bda0;37;0;2
0x0047bdf0;FUN_0047bdf0;36;0;2
0x0047be20;FUN_0047be20;6;0;0
0x0047be30;NOD_Message__Allocate_22;170;6;3
0x0047bee0;NOD_Message__Allocate_23;115;1;1
0x0047bf60;FUN_0047bf60;33;0;0
0x0047bf90;FUN_0047bf90;39;0;2
0x0047c010;FUN_0047c010;6;0;0
0x0047c020;FUN_0047c020;37;0;2
0x0047c070;FUN_0047c070;36;0;2
0x0047c0a0;FUN_0047c0a0;6;0;0
0x0047c0b0;NOD_Message__Allocate_76;168;1;3
0x0047c160;NOD_Message__Allocate_78;113;3;1
0x0047c1e0;FUN_0047c1e0;33;0;0
0x0047c210;FUN_0047c210;39;0;2
0x0047c290;FUN_0047c290;6;0;0
0x0047c2a0;FUN_0047c2a0;37;0;2
0x0047c2f0;FUN_0047c2f0;36;0;2
0x0047c320;FUN_0047c320;6;0;0
0x0047c330;NOD_Message__Allocate_83;123;1;3
0x0047c3b0;FUN_0047c3b0;39;0;2
0x0047c430;FUN_0047c430;6;0;0
0x0047c440;FUN_0047c440;37;0;2
0x0047c490;FUN_0047c490;36;0;2
0x0047c4c0;FUN_0047c4c0;6;0;0
0x0047c4d0;FUN_0047c4d0;75;2;2
0x0047c520;FUN_0047c520;39;0;2
0x0047c5a0;FUN_0047c5a0;6;0;0
0x0047c5b0;FUN_0047c5b0;37;0;2
0x0047c600;FUN_0047c600;36;0;2
0x0047c630;FUN_0047c630;6;0;0
0x0047c640;NOD_Message__Allocate_90;466;1;4
0x0047c820;NOD_Message__Allocate_55;69;6;1
0x0047c870;NOD_Message__Allocate_53;418;1;3
0x0047ca20;FUN_0047ca20;53;0;0
0x0047ca70;FUN_0047ca70;39;0;2
0x0047caf0;FUN_0047caf0;6;0;0
0x0047cb00;FUN_0047cb00;37;0;2
0x0047cb50;FUN_0047cb50;36;0;2
0x0047cb80;FUN_0047cb80;6;0;0
0x0047cb90;NOD_Message__Allocate_60;602;4;3
0x0047cdf0;NOD_Message__Allocate_154;530;1;1
0x0047d010;FUN_0047d010;37;0;0
0x0047d050;FUN_0047d050;39;0;2
0x0047d0d0;FUN_0047d0d0;6;0;0
0x0047d0e0;FUN_0047d0e0;37;0;2
0x0047d130;FUN_0047d130;36;0;2
0x0047d160;FUN_0047d160;6;0;0
0x0047d170;NOD_Message__Allocate_28;421;1;3
0x0047d320;NOD_Message__Allocate_34;380;3;1
0x0047d4a0;FUN_0047d4a0;45;0;0
0x0047d4f0;FUN_0047d4f0;39;0;2
0x0047d570;FUN_0047d570;6;0;0
0x0047d580;FUN_0047d580;37;0;2
0x0047d5d0;FUN_0047d5d0;36;0;2
0x0047d600;FUN_0047d600;6;0;0
0x0047d610;NOD_Message__Allocate_43;218;2;3
0x0047d6f0;NOD_Message__Allocate_155;168;1;1
0x0047d7a0;FUN_0047d7a0;44;0;0
0x0047d7d0;FUN_0047d7d0;39;0;2
0x0047d850;FUN_0047d850;6;0;0
0x0047d860;FUN_0047d860;37;0;2
0x0047d8b0;FUN_0047d8b0;36;0;2
0x0047d8e0;FUN_0047d8e0;6;0;0
0x0047d8f0;NOD_Message__Allocate_156;168;1;3
0x0047d9a0;FUN_0047d9a0;33;0;0
0x0047d9d0;FUN_0047d9d0;39;0;2
0x0047da50;FUN_0047da50;6;0;0
0x0047da60;FUN_0047da60;37;0;2
0x0047dab0;FUN_0047dab0;36;0;2
0x0047dae0;FUN_0047dae0;6;0;0
0x0047daf0;NOD_Message__Allocate_11;719;1;4
0x0047ddc0;FUN_0047ddc0;53;0;0
0x0047de20;FUN_0047de20;39;0;2
0x0047dea0;FUN_0047dea0;6;0;0
0x0047deb0;FUN_0047deb0;37;0;2
0x0047df00;FUN_0047df00;36;0;2
0x0047df30;FUN_0047df30;6;0;0
0x0047df40;NOD_Message__Allocate_24;719;1;4
0x0047e210;NOD_Message__Allocate_80;648;2;2
0x0047e4a0;FUN_0047e4a0;6;0;0
0x0047e4b0;FUN_0047e4b0;53;0;0
0x0047e510;FUN_0047e510;39;0;2
0x0047e590;FUN_0047e590;6;0;0
0x0047e5a0;FUN_0047e5a0;37;0;2
0x0047e5f0;FUN_0047e5f0;36;0;2
0x0047e620;FUN_0047e620;6;0;0
0x0047e630;FUN_0047e630;75;2;2
0x0047e680;FUN_0047e680;39;0;2
0x0047e700;FUN_0047e700;6;0;0
0x0047e710;FUN_0047e710;37;0;2
0x0047e760;FUN_0047e760;36;0;2
0x0047e790;FUN_0047e790;6;0;0
0x0047e7a0;NOD_Message__Allocate_97;123;4;3
0x0047e820;FUN_0047e820;39;0;2
0x0047e8a0;FUN_0047e8a0;6;0;0
0x0047e8b0;FUN_0047e8b0;37;0;2
0x0047e900;FUN_0047e900;36;0;2
0x0047e930;FUN_0047e930;6;0;0
0x0047e940;NOD_Message__Allocate_101;118;1;3
0x0047e9c0;FUN_0047e9c0;39;0;2
0x0047ea40;FUN_0047ea40;6;0;0
0x0047ea50;FUN_0047ea50;37;0;2
0x0047eaa0;FUN_0047eaa0;36;0;2
0x0047ead0;FUN_0047ead0;6;0;0
0x0047eae0;NOD_Message__Allocate_57;118;3;3
0x0047eb60;FUN_0047eb60;39;0;2
0x0047ebe0;FUN_0047ebe0;6;0;0
0x0047ebf0;FUN_0047ebf0;37;0;2
0x0047ec40;FUN_0047ec40;36;0;2
0x0047ec70;FUN_0047ec70;6;0;0
0x0047ec80;NOD_Message__Allocate_65;718;1;4
0x0047ef50;NOD_Message__Allocate_71;632;1;2
0x0047f1d0;FUN_0047f1d0;45;0;0
0x0047f220;FUN_0047f220;39;0;2
0x0047f2a0;FUN_0047f2a0;6;0;0
0x0047f2b0;FUN_0047f2b0;37;0;2
0x0047f300;FUN_0047f300;36;0;2
0x0047f330;FUN_0047f330;6;0;0
0x0047f340;NOD_Message__Allocate_33;702;1;3
0x0047f600;NOD_Message__Allocate_45;616;1;2
0x0047f870;FUN_0047f870;45;0;0
0x0047f8c0;FUN_0047f8c0;39;0;2
0x0047f940;FUN_0047f940;6;0;0
0x0047f950;FUN_0047f950;37;0;2
0x0047f9a0;FUN_0047f9a0;36;0;2
0x0047f9d0;FUN_0047f9d0;6;0;0
0x0047f9e0;NOD_Message__Allocate_157;290;1;3
0x0047fb10;NOD_Message__Allocate_153;218;2;1
0x0047fbf0;FUN_0047fbf0;33;0;0
0x0047fc20;FUN_0047fc20;39;0;2
0x0047fca0;FUN_0047fca0;6;0;0
0x0047fcb0;FUN_0047fcb0;37;0;2
0x0047fd00;FUN_0047fd00;36;0;2
0x0047fd30;FUN_0047fd30;6;0;0
0x0047fd40;NOD_Message__Allocate_18;143;1;4
0x0047fdd0;NOD_Message__Allocate_19;95;1;2
0x0047fe30;FUN_0047fe30;36;0;0
0x0047fe60;FUN_0047fe60;39;0;2
0x0047fee0;FUN_0047fee0;6;0;0
0x0047fef0;FUN_0047fef0;37;0;2
0x0047ff40;FUN_0047ff40;36;0;2
0x0047ff70;FUN_0047ff70;6;0;0
0x0047ff80;FUN_0047ff80;39;0;2
0x00480000;FUN_00480000;6;0;0
0x00480010;FUN_00480010;37;0;2
0x00480060;FUN_00480060;36;0;2
0x00480090;FUN_00480090;6;0;0
0x004800a0;NOD_Message__Allocate_77;331;1;3
0x004801f0;NOD_Message__Allocate_79;275;2;1
0x00480310;FUN_00480310;44;0;0
0x00480340;FUN_00480340;39;0;2
0x004803c0;FUN_004803c0;6;0;0
0x004803d0;FUN_004803d0;37;0;2
0x00480420;FUN_00480420;36;0;2
0x00480450;FUN_00480450;6;0;0
0x00480460;NOD_Message__Allocate_143;438;1;3
0x00480620;NOD_Message__Allocate_92;374;1;1
0x004807a0;FUN_004807a0;36;0;0
0x004807d0;FUN_004807d0;39;0;2
0x00480850;FUN_00480850;6;0;0
0x00480860;FUN_00480860;37;0;2
0x004808b0;FUN_004808b0;36;0;2
0x004808e0;FUN_004808e0;6;0;0
0x004808f0;NOD_Message__Allocate_99;232;2;3
0x004809e0;FUN_004809e0;39;0;2
0x00480a60;FUN_00480a60;6;0;0
0x00480a70;FUN_00480a70;37;0;2
0x00480ac0;FUN_00480ac0;36;0;2
0x00480af0;FUN_00480af0;6;0;0
0x00480b00;NOD_Message__Allocate_59;316;1;3
0x00480c40;NOD_Message__Allocate_61;283;1;1
0x00480d60;FUN_00480d60;37;0;0
0x00480da0;FUN_00480da0;39;0;2
0x00480e20;FUN_00480e20;6;0;0
0x00480e30;FUN_00480e30;37;0;2
0x00480e80;FUN_00480e80;36;0;2
0x00480eb0;FUN_00480eb0;6;0;0
0x00480ec0;NOD_Message__Allocate_69;199;1;4
0x00480f90;NOD_Message__Allocate_74;151;1;2
0x00481030;FUN_00481030;37;0;0
0x00481070;FUN_00481070;39;0;2
0x004810f0;FUN_004810f0;6;0;0
0x00481100;FUN_00481100;37;0;2
0x00481150;FUN_00481150;36;0;2
0x00481180;FUN_00481180;6;0;0
0x00481190;NOD_Message__Allocate_29;500;1;3
0x00481390;NOD_Message__Allocate_38;498;1;1
0x00481590;FUN_00481590;6;0;0
0x004815a0;FUN_004815a0;37;0;0
0x004815f0;FUN_004815f0;39;0;2
0x00481670;FUN_00481670;6;0;0
0x00481680;FUN_00481680;37;0;2
0x004816d0;FUN_004816d0;36;0;2
0x00481700;FUN_00481700;6;0;0
0x00481710;NOD_Message__Allocate_49;533;1;4
0x00481930;NOD_Message__Allocate_8;531;1;2
0x00481b50;FUN_00481b50;6;0;0
0x00481b60;FUN_00481b60;45;0;0
0x00481bc0;FUN_00481bc0;39;0;2
0x00481c40;FUN_00481c40;6;0;0
0x00481c50;FUN_00481c50;37;0;2
0x00481ca0;FUN_00481ca0;36;0;2
0x00481cd0;FUN_00481cd0;6;0;0
0x00481ce0;NOD_Message__Allocate_16;264;1;3
0x00481df0;NOD_Message__Allocate_20;222;9;1
0x00481ed0;FUN_00481ed0;29;0;0
0x00481f00;FUN_00481f00;42;0;2
0x00482060;FUN_00482060;75;1;0
0x004820b0;FUN_004820b0;7;0;0
0x004820c0;FUN_004820c0;20;0;0
0x004820e0;FUN_004820e0;20;0;0
0x00482100;FUN_00482100;11;0;1
0x00482110;FUN_00482110;6;0;0
0x00482120;FUN_00482120;49;0;3
0x00482160;FUN_00482160;445;0;11
0x00482320;FUN_00482320;300;0;11
0x00482450;FUN_00482450;230;1;0
0x00482540;FUN_00482540;42;0;2
0x00482610;FUN_00482610;6;0;0
0x00482620;FUN_00482620;36;0;2
0x00482650;NOD_Wheel__ParseIniFile;1302;0;26
0x00482b70;FUN_00482b70;207;0;11
0x00482c40;NOD_Wheel__EnterSimulation;222;0;7
0x00482d20;FUN_00482d20;575;1;4
0x00482f60;FUN_00482f60;42;0;2
0x00482fd0;FUN_00482fd0;6;0;0
0x00482fe0;FUN_00482fe0;33;1;1
0x00483220;FUN_00483220;134;0;3
0x004832b0;FUN_004832b0;50;1;1
0x004832f0;FUN_004832f0;40;1;1
0x00483320;FUN_00483320;159;0;4
0x004833c0;NOD_WayPoint__ParseIniFile;1811;0;25
0x00483ae0;NOD_WayPoint__HeartBeat;1549;0;13
0x00484110;FUN_00484110;241;0;7
0x00484210;FUN_00484210;412;0;7
0x004843d0;FUN_004843d0;240;1;2
0x004844c0;FUN_004844c0;240;1;2
0x004845b0;FUN_004845b0;42;0;2
0x00484620;FUN_00484620;6;0;0
0x00484630;FUN_00484630;33;5;1
0x00484660;FUN_00484660;754;0;22
0x00484960;FUN_00484960;6;0;0
0x00484970;FUN_00484970;6;0;0
0x00484980;FUN_00484980;21;0;0
0x004849a0;FUN_004849a0;19;0;1
0x004849c0;FUN_004849c0;21;0;0
0x004849e0;FUN_004849e0;21;0;0
0x00484a00;FUN_00484a00;7;0;0
0x00484a10;FUN_00484a10;7;0;0
0x00484a20;FUN_00484a20;38;0;2
0x00484a50;FUN_00484a50;11;0;1
0x00484a60;FUN_00484a60;16;0;0
0x00484a70;FUN_00484a70;11;0;1
0x00484a80;FUN_00484a80;30;0;2
0x00484aa0;FUN_00484aa0;9;1;0
0x00484ab0;FUN_00484ab0;9;1;0
0x00484ac0;FUN_00484ac0;9;1;0
0x00484ad0;FUN_00484ad0;6;0;0
0x00484ae0;FUN_00484ae0;9;1;0
0x00484af0;FUN_00484af0;6;0;0
0x00484b00;FUN_00484b00;264;1;8
0x00484c10;FUN_00484c10;1033;1;1
0x00485020;NOD_Vessel__ParseIniFile_2;3041;0;62
0x00485c10;FUN_00485c10;351;1;5
0x00485d70;FUN_00485d70;1033;0;28
0x00486180;FUN_00486180;200;0;7
0x00486250;FUN_00486250;103;0;5
0x004862c0;FUN_004862c0;812;0;15
0x00486620;FUN_00486620;68;0;2
0x00486670;FUN_00486670;68;0;2
0x004866c0;FUN_004866c0;428;2;6
0x00486870;FUN_00486870;253;2;7
0x00486970;NOD_Vessel__StandardTake_ParseIniFile;377;1;6
0x00486af0;FUN_00486af0;224;1;2
0x00486bd0;FUN_00486bd0;32;4;2
0x00486bf0;FUN_00486bf0;42;0;2
0x00486c60;FUN_00486c60;6;0;0
0x00486c70;FUN_00486c70;33;5;1
0x00486ca0;FUN_00486ca0;507;0;16
0x00486ea0;FUN_00486ea0;21;0;0
0x00486ec0;FUN_00486ec0;19;0;1
0x00486ee0;FUN_00486ee0;7;0;0
0x00486ef0;FUN_00486ef0;30;0;0
0x00486f10;FUN_00486f10;7;0;0
0x00486f20;FUN_00486f20;38;0;2
0x00486f50;FUN_00486f50;16;0;0
0x00486f60;FUN_00486f60;11;0;1
0x00486f70;FUN_00486f70;250;0;6
0x00487070;FUN_00487070;9;1;0
0x00487080;FUN_00487080;6;0;0
0x00487090;NOD_Vessel__ParseIniFile_3;2053;0;49
0x004878a0;FUN_004878a0;755;1;1
0x00487ba0;FUN_00487ba0;724;0;25
0x00487e80;FUN_00487e80;173;0;6
0x00487f30;FUN_00487f30;79;0;4
0x00487f80;FUN_00487f80;546;0;9
0x004881b0;FUN_004881b0;42;0;2
0x004882f0;FUN_004882f0;7;0;0
0x00488300;FUN_00488300;7;0;0
0x00488310;FUN_00488310;260;0;3
0x00488420;FUN_00488420;6;0;0
0x00488430;FUN_00488430;33;2;1
0x00488460;FUN_00488460;180;0;2
0x00488520;NOD_Turret_Base__ParseIniFile_3;1413;0;33
0x00488ab0;FUN_00488ab0;379;0;13
0x00488c30;FUN_00488c30;30;0;2
0x00488c50;FUN_00488c50;42;0;2
0x00488cc0;FUN_00488cc0;6;0;0
0x00488cd0;FUN_00488cd0;33;9;1
0x00488d00;FUN_00488d00;493;0;18
0x00488ef0;FUN_00488ef0;20;0;0
0x00488f10;FUN_00488f10;252;0;3
0x00489010;FUN_00489010;16;0;0
0x00489020;FUN_00489020;20;0;0
0x00489040;FUN_00489040;16;0;0
0x00489050;FUN_00489050;36;0;2
0x00489080;FUN_00489080;11;0;1
0x00489090;FUN_00489090;16;0;0
0x004890a0;FUN_004890a0;231;0;9
0x00489190;FUN_00489190;44;2;0
0x004891c0;FUN_004891c0;44;2;0
0x004891f0;FUN_004891f0;75;0;2
0x00489240;FUN_00489240;419;1;1
0x004893f0;NOD_Turret_Base__ParseIniFile_2;2789;0;55
0x00489ee0;FUN_00489ee0;39;1;0
0x00489f10;FUN_00489f10;61;0;2
0x00489f50;FUN_00489f50;742;0;23
0x0048a240;FUN_0048a240;500;0;10
0x0048a440;FUN_0048a440;94;0;4
0x0048a4a0;FUN_0048a4a0;599;1;4
0x0048a700;FUN_0048a700;311;6;0
0x0048a840;FUN_0048a840;174;1;0
0x0048a8f0;FUN_0048a8f0;137;2;0
0x0048a980;FUN_0048a980;54;2;0
0x0048a9c0;FUN_0048a9c0;52;2;0
0x0048aa00;FUN_0048aa00;37;1;1
0x0048aa30;FUN_0048aa30;172;2;1
0x0048aae0;FUN_0048aae0;98;2;0
0x0048ab50;FUN_0048ab50;232;0;7
0x0048ac40;FUN_0048ac40;241;1;2
0x0048ad40;FUN_0048ad40;465;2;6
0x0048af20;FUN_0048af20;35;0;2
0x0048af50;FUN_0048af50;42;0;2
0x0048afc0;FUN_0048afc0;6;0;0
0x0048afd0;FUN_0048afd0;168;0;8
0x0048b080;FUN_0048b080;49;0;3
0x0048b0c0;FUN_0048b0c0;133;0;4
0x0048b150;FUN_0048b150;163;0;5
0x0048b200;FUN_0048b200;61;0;2
0x0048b240;FUN_0048b240;88;0;3
0x0048b2a0;FUN_0048b2a0;42;0;2
0x0048b320;FUN_0048b320;36;0;2
0x0048b350;FUN_0048b350;6;0;0
0x0048b360;FUN_0048b360;33;2;1
0x0048b390;FUN_0048b390;166;0;8
0x0048b440;FUN_0048b440;166;2;5
0x0048b4f0;FUN_0048b4f0;57;0;1
0x0048b530;FUN_0048b530;177;5;3
0x0048b5f0;FUN_0048b5f0;424;4;7
0x0048b7a0;FUN_0048b7a0;42;0;2
0x0048b880;FUN_0048b880;6;0;0
0x0048b890;FUN_0048b890;33;10;1
0x0048b8c0;FUN_0048b8c0;118;12;3
0x0048b940;FUN_0048b940;60;0;4
0x0048b980;FUN_0048b980;40;17;3
0x0048b9b0;NOD_ShieldedBody__ParseIniFile;105;15;6
0x0048ba20;NOD_ShieldedBody__ProcessShieldImpact;92;15;6
0x0048baa0;FUN_0048baa0;1284;1;9
0x0048bfd0;FUN_0048bfd0;1299;1;8
0x0048c510;FUN_0048c510;749;1;3
0x0048c800;FUN_0048c800;987;1;7
0x0048cbe0;FUN_0048cbe0;710;1;6
0x0048ceb0;FUN_0048ceb0;542;12;14
0x0048d0f0;FUN_0048d0f0;88;2;3
0x0048d150;FUN_0048d150;24;0;2
0x0048d170;FUN_0048d170;86;2;4
0x0048d1d0;FUN_0048d1d0;76;2;4
0x0048d220;FUN_0048d220;76;2;4
0x0048d270;FUN_0048d270;42;0;2
0x0048d2e0;FUN_0048d2e0;6;0;0
0x0048d2f0;FUN_0048d2f0;33;1;1
0x0048d320;FUN_0048d320;886;0;22
0x0048d6a0;FUN_0048d6a0;164;0;5
0x0048d750;NOD_Script__HeartBeat;158;0;5
0x0048d7f0;FUN_0048d7f0;90;0;6
0x0048d860;NOD_Message__Allocate_2;5445;2;45
0x0048ee40;FUN_0048ee40;416;1;6
0x0048efe0;FUN_0048efe0;341;1;15
0x0048f140;NOD_Script__PM_BindThread;323;1;6
0x0048f290;NOD_Script__PM_UnBindThread;299;1;4
0x0048f3c0;FUN_0048f3c0;530;1;6
0x0048f5e0;FUN_0048f5e0;564;1;5
0x0048f820;NOD_Message__Allocate_3;1739;1;14
0x004919c0;FUN_004919c0;419;1;7
0x00491b70;FUN_00491b70;487;1;2
0x00491d80;FUN_00491d80;414;1;4
0x00493be0;FUN_00493be0;139;1;4
0x00493c70;FUN_00493c70;202;2;11
0x00493d40;FUN_00493d40;39;0;2
0x00493df0;FUN_00493df0;6;0;0
0x00493e00;FUN_00493e00;36;0;2
0x00493e30;FUN_00493e30;37;0;0
0x00493e60;FUN_00493e60;41;0;1
0x00493e90;FUN_00493e90;41;0;1
0x00493ec0;FUN_00493ec0;39;0;2
0x00493f60;FUN_00493f60;6;0;0
0x00493f70;FUN_00493f70;33;28;1
0x00493fa0;FUN_00493fa0;45;2;1
0x00493fd0;FUN_00493fd0;36;0;2
0x00494000;FUN_00494000;88;1;2
0x00494060;FUN_00494060;187;0;5
0x00494130;FUN_00494130;42;0;2
0x004941a0;FUN_004941a0;6;0;0
0x004941b0;FUN_004941b0;33;4;1
0x004941e0;FUN_004941e0;430;0;16
0x00494390;FUN_00494390;7;0;0
0x004943a0;FUN_004943a0;7;0;0
0x004943b0;FUN_004943b0;5;0;0
0x004943c0;FUN_004943c0;19;0;1
0x004943e0;FUN_004943e0;7;0;0
0x004943f0;FUN_004943f0;7;0;0
0x00494400;FUN_00494400;7;0;0
0x00494410;FUN_00494410;11;0;1
0x00494420;FUN_00494420;30;0;2
0x00494440;FUN_00494440;427;1;1
0x004945f0;CON_Cache<T>__Unlock_24;417;1;12
0x004947a0;NOD_PhysicalCharacter__ParseIniFile;3145;0;49
0x004953f0;FUN_004953f0;378;0;5
0x00495570;FUN_00495570;297;0;4
0x004956a0;FUN_004956a0;1113;0;27
0x00495b00;FUN_00495b00;162;0;5
0x00495bb0;FUN_00495bb0;676;0;20
0x00495e80;FUN_00495e80;155;2;7
0x00495f20;FUN_00495f20;202;1;8
0x00495ff0;FUN_00495ff0;70;0;4
0x00496040;FUN_00496040;102;0;5
0x004960b0;FUN_004960b0;42;0;2
0x00496170;FUN_00496170;6;0;0
0x00496180;FUN_00496180;33;7;1
0x004961b0;FUN_004961b0;46;0;3
0x004961e0;FUN_004961e0;219;0;5
0x004962e0;FUN_004962e0;180;4;2
0x004963a0;FUN_004963a0;98;3;2
0x00496410;FUN_00496410;181;1;8
0x00496550;FUN_00496550;6;0;0
0x00496560;FUN_00496560;33;11;1
0x00496590;FUN_00496590;36;0;2
0x004965c0;FUN_004965c0;145;0;7
0x00496660;FUN_00496660;655;1;10
0x004968f0;FUN_004968f0;42;0;2
0x00496990;FUN_00496990;49;0;3
0x004969d0;FUN_004969d0;6;0;0
0x004969e0;FUN_004969e0;33;3;1
0x00496a10;FUN_00496a10;857;0;14
0x00496d70;FUN_00496d70;31;3;1
0x00496d90;FUN_00496d90;47;12;1
0x00496dc0;FUN_00496dc0;163;1;3
0x00496e70;FUN_00496e70;163;1;3
0x00496f20;FUN_00496f20;771;0;9
0x00497230;FUN_00497230;91;0;2
0x00497290;FUN_00497290;50;0;1
0x004972d0;FUN_004972d0;496;3;6
0x004974e0;FUN_004974e0;29;5;0
0x00497500;FUN_00497500;42;0;2
0x00497570;FUN_00497570;6;0;0
0x004976c0;FUN_004976c0;132;0;2
0x00497750;NOD_Mine__ParseIniFile;2705;0;33
0x004981f0;FUN_004981f0;1100;0;25
0x00498640;FUN_00498640;31;13;0
0x00498660;FUN_00498660;231;0;6
0x00498750;FUN_00498750;72;0;3
0x004987a0;FUN_004987a0;270;0;3
0x004988b0;FUN_004988b0;348;1;1
0x00498a10;FUN_00498a10;42;0;2
0x00498b10;FUN_00498b10;6;0;0
0x00498b20;FUN_00498b20;36;0;2
0x00498b50;NOD_Generic__ParseIniFile_2;1136;0;24
0x00498fc0;FUN_00498fc0;290;0;4
0x004990f0;FUN_004990f0;119;0;3
0x00499170;FUN_00499170;183;0;6
0x00499230;FUN_00499230;207;0;6
0x00499300;FUN_00499300;97;0;3
0x00499370;FUN_00499370;42;0;2
0x00499480;FUN_00499480;6;0;0
0x00499490;FUN_00499490;55;0;2
0x004994d0;FUN_004994d0;78;0;0
0x00499520;NOD_Light__ParseIniFile_2;541;0;13
0x00499740;FUN_00499740;227;0;2
0x00499830;FUN_00499830;243;0;3
0x00499930;FUN_00499930;32;0;0
0x00499950;FUN_00499950;415;0;12
0x00499b10;FUN_00499b10;57;2;0
0x00499b50;FUN_00499b50;42;0;2
0x00499c10;FUN_00499c10;7;0;0
0x00499c20;FUN_00499c20;6;0;0
0x00499c30;FUN_00499c30;33;2;1
0x00499c60;FUN_00499c60;55;0;2
0x00499ca0;FUN_00499ca0;251;0;3
0x00499da0;FUN_00499da0;713;0;5
0x0049a070;FUN_0049a070;164;0;0
0x0049a120;NOD_Halo__ParseIniFile;827;0;12
0x0049a460;FUN_0049a460;209;0;2
0x0049a540;FUN_0049a540;76;0;1
0x0049a590;FUN_0049a590;14;0;0
0x0049a5a0;FUN_0049a5a0;533;1;1
0x0049a7c0;FUN_0049a7c0;247;0;2
0x0049a8c0;FUN_0049a8c0;48;0;0
0x0049a8f0;FUN_0049a8f0;42;0;2
0x0049a980;FUN_0049a980;6;0;0
0x0049a990;FUN_0049a990;33;6;1
0x0049a9c0;FUN_0049a9c0;36;0;2
0x0049a9f0;CON_Cache<T>__Lock_4;416;0;6
0x0049ab90;NOD_Gun_Part__ParseIniFile;988;0;21
0x0049af70;FUN_0049af70;139;0;6
0x0049b000;FUN_0049b000;1480;1;0
0x0049b5d0;FUN_0049b5d0;153;1;0
0x0049b670;FUN_0049b670;317;0;2
0x0049b7b0;FUN_0049b7b0;310;0;4
0x0049b8f0;NOD_Gun_Part__TriggerPrimaryAttack;167;2;1
0x0049b9b0;NOD_Gun_Part__TriggerPrimaryAttack_2;167;2;1
0x0049ba70;NOD_Gun_Part__HandleEffects;477;1;5
0x0049bc70;NOD_Gun_Part__ParseEffect;2058;1;9
0x0049c480;FUN_0049c480;39;0;2
0x0049c500;FUN_0049c500;6;0;0
0x0049c510;FUN_0049c510;36;0;2
0x0049c540;FUN_0049c540;42;0;2
0x0049c5b0;FUN_0049c5b0;6;0;0
0x0049c5c0;FUN_0049c5c0;33;3;1
0x0049c5f0;FUN_0049c5f0;189;0;6
0x0049c6b0;FUN_0049c6b0;11;0;1
0x0049c6c0;CON_Cache<T>__Unlock_31;306;0;6
0x0049c800;CON_Cache<T>__Unlock_13;286;1;6
0x0049c920;NOD_Generic__ParseIniFile;1753;1;37
0x0049d000;FUN_0049d000;533;0;4
0x0049d220;FUN_0049d220;317;0;10
0x0049d360;FUN_0049d360;173;0;6
0x0049d410;FUN_0049d410;84;0;3
0x0049d470;FUN_0049d470;1087;2;20
0x0049d8b0;FUN_0049d8b0;42;0;2
0x0049d9c0;FUN_0049d9c0;6;0;0
0x0049d9d0;FUN_0049d9d0;6;0;0
0x0049d9e0;FUN_0049d9e0;55;0;2
0x0049da20;FUN_0049da20;21;0;1
0x0049da40;FUN_0049da40;660;0;12
0x0049dce0;FUN_0049dce0;266;1;1
0x0049ddf0;FUN_0049ddf0;444;0;8
0x0049dfb0;FUN_0049dfb0;246;1;4
0x0049e0b0;FUN_0049e0b0;42;0;2
0x0049e180;FUN_0049e180;6;0;0
0x0049e190;FUN_0049e190;85;0;5
0x0049e1f0;FUN_0049e1f0;164;0;5
0x0049e2a0;NOD_FX_Sound__ParseIniFile;176;0;6
0x0049e350;FUN_0049e350;205;0;4
0x0049e420;FUN_0049e420;292;0;6
0x0049e550;FUN_0049e550;37;0;1
0x0049e580;FUN_0049e580;89;0;3
0x0049e5e0;FUN_0049e5e0;42;0;2
0x0049e6b0;FUN_0049e6b0;6;0;0
0x0049e6c0;FUN_0049e6c0;59;0;2
0x0049e700;NOD_FX_Sky__ParseIniFile;1025;0;19
0x0049eb10;FUN_0049eb10;42;0;2
0x0049ec00;FUN_0049ec00;6;0;0
0x0049ec10;FUN_0049ec10;36;0;2
0x0049ec40;NOD_SplashDamage__ParseIniFile_2;1358;0;22
0x0049f190;FUN_0049f190;303;0;3
0x0049f2c0;FUN_0049f2c0;157;0;4
0x0049f360;FUN_0049f360;169;0;5
0x0049f410;FUN_0049f410;56;0;2
0x0049f450;CON_Cache<T>__Lock_3;335;0;8
0x0049f5a0;FUN_0049f5a0;42;0;2
0x0049f650;FUN_0049f650;6;0;0
0x0049f660;FUN_0049f660;57;2;1
0x0049f6a0;FUN_0049f6a0;87;0;2
0x0049f700;NOD_FX_Seeder__ParseIniFile_3;1064;0;12
0x0049fb30;FUN_0049fb30;1231;2;6
0x004a0010;NOD_FX_Seeder__EnterSimulation;899;0;4
0x004a03a0;FUN_004a03a0;50;0;1
0x004a03e0;FUN_004a03e0;707;0;6
0x004a06c0;FUN_004a06c0;13;0;0
0x004a06d0;FUN_004a06d0;295;0;2
0x004a0800;FUN_004a0800;1858;2;16
0x004a0f50;FUN_004a0f50;201;6;0
0x004a1020;FUN_004a1020;153;2;0
0x004a10c0;FUN_004a10c0;44;2;1
0x004a10f0;FUN_004a10f0;1008;2;4
0x004a14e0;FUN_004a14e0;562;2;5
0x004a1750;FUN_004a1750;2316;2;17
0x004a2060;FUN_004a2060;786;1;9
0x004a2380;FUN_004a2380;509;1;4
0x004a2580;FUN_004a2580;628;2;7
0x004a2800;FUN_004a2800;33;3;0
0x004a2830;FUN_004a2830;42;0;2
0x004a2900;FUN_004a2900;6;0;0
0x004a2910;FUN_004a2910;81;0;3
0x004a2970;FUN_004a2970;330;0;2
0x004a2ac0;NOD_FX_Rays__HeartBeat;2124;0;12
0x004a3310;FUN_004a3310;43;1;1
0x004a3340;FUN_004a3340;35;1;2
0x004a3370;NOD_FX_Rays__NOD_FX_Rays;2201;0;20
0x004a3c10;FUN_004a3c10;17;0;1
0x004a3c30;FUN_004a3c30;1421;1;2
0x004a41f0;FUN_004a41f0;1212;1;9
0x004a46b0;FUN_004a46b0;19;9;0
0x004a46d0;FUN_004a46d0;638;1;4
0x004a4950;FUN_004a4950;42;0;2
0x004a49c0;FUN_004a49c0;6;0;0
0x004a4bb0;FUN_004a4bb0;30;0;2
0x004a4bd0;CON_Cache<T>__Unlock_17;632;1;7
0x004a4e50;NOD_FX_Plant__ParseIniFile;5574;0;27
0x004a6420;FUN_004a6420;395;0;1
0x004a65b0;FUN_004a65b0;113;0;3
0x004a6630;FUN_004a6630;62;0;2
0x004a6670;FUN_004a6670;62;0;2
0x004a66b0;FUN_004a66b0;106;0;6
0x004a6720;FUN_004a6720;1322;1;12
0x004a6c50;FUN_004a6c50;266;2;2
0x004a6d60;FUN_004a6d60;345;2;13
0x004a6ec0;FUN_004a6ec0;64;0;2
0x004a6f00;FUN_004a6f00;214;2;3
0x004a6fe0;FUN_004a6fe0;42;0;2
0x004a70a0;FUN_004a70a0;6;0;0
0x004a70b0;FUN_004a70b0;36;0;2
0x004a70e0;FUN_004a70e0;181;0;1
0x004a71a0;NOD_FX_Plankton__ParseIniFile;629;0;12
0x004a7420;FUN_004a7420;44;0;1
0x004a7450;FUN_004a7450;42;0;2
0x004a7500;FUN_004a7500;6;0;0
0x004a7510;FUN_004a7510;36;0;2
0x004a7540;FUN_004a7540;188;0;0
0x004a7600;NOD_Light__ParseIniFile_3;236;0;8
0x004a76f0;FUN_004a76f0;175;0;4
0x004a77a0;FUN_004a77a0;140;0;4
0x004a7830;FUN_004a7830;20;0;1
0x004a7850;FUN_004a7850;405;0;11
0x004a7a00;FUN_004a7a00;178;0;6
0x004a7ac0;FUN_004a7ac0;42;0;2
0x004a7b40;FUN_004a7b40;6;0;0
0x004a7b50;FUN_004a7b50;33;1;1
0x004a7b80;FUN_004a7b80;36;0;2
0x004a7bb0;FUN_004a7bb0;67;2;4
0x004a7c00;FUN_004a7c00;81;0;5
0x004a7c60;FUN_004a7c60;29;0;1
0x004a7c80;NOD_Body__ParseLCS;462;1;11
0x004a7e50;FUN_004a7e50;42;0;2
0x004a7f50;FUN_004a7f50;6;0;0
0x004a7f60;FUN_004a7f60;36;0;2
0x004a7f90;NOD_Generic__ParseIniFile_3;1540;0;25
0x004a85a0;FUN_004a85a0;617;0;4
0x004a8810;FUN_004a8810;303;0;0
0x004a8940;FUN_004a8940;162;0;5
0x004a89f0;FUN_004a89f0;46;0;2
0x004a8a20;FUN_004a8a20;42;0;2
0x004a8a90;FUN_004a8a90;6;0;0
0x004a8aa0;FUN_004a8aa0;438;0;5
0x004a8c60;FUN_004a8c60;111;0;3
0x004a8cd0;NOD_Flare__ParseIniFile;1185;0;14
0x004a9180;FUN_004a9180;227;0;2
0x004a9270;FUN_004a9270;241;0;3
0x004a9370;FUN_004a9370;32;0;0
0x004a9390;FUN_004a9390;39;0;2
0x004a9440;FUN_004a9440;6;0;0
0x004a9450;FUN_004a9450;36;0;2
0x004a9480;FUN_004a9480;43;0;0
0x004a94b0;FUN_004a94b0;50;0;1
0x004a94f0;FUN_004a94f0;39;0;2
0x004a9570;FUN_004a9570;6;0;0
0x004a9580;FUN_004a9580;36;0;2
0x004a95b0;FUN_004a95b0;5;0;0
0x004a95c0;FUN_004a95c0;174;0;4
0x004a9670;FUN_004a9670;42;0;2
0x004a9730;FUN_004a9730;6;0;0
0x004a9740;FUN_004a9740;36;0;2
0x004a9770;NOD_Cone__ParseIniFile;1090;0;21
0x004a9bc0;FUN_004a9bc0;87;0;3
0x004a9c20;FUN_004a9c20;123;0;4
0x004a9ca0;FUN_004a9ca0;42;0;2
0x004a9d20;FUN_004a9d20;6;0;0
0x004a9d30;FUN_004a9d30;33;1;1
0x004a9d60;FUN_004a9d60;36;0;2
0x004a9d90;FUN_004a9d90;301;0;5
0x004a9ec0;FUN_004a9ec0;5;0;0
0x004a9ed0;FUN_004a9ed0;450;1;6
0x004aa0a0;FUN_004aa0a0;42;0;2
0x004aa170;FUN_004aa170;7;0;0
0x004aa180;FUN_004aa180;6;0;0
0x004aa190;FUN_004aa190;33;1;1
0x004aa1c0;FUN_004aa1c0;49;0;3
0x004aa200;NOD_Turret_Base__ParseIniFile;1387;0;29
0x004aa770;FUN_004aa770;209;0;9
0x004aa850;FUN_004aa850;127;0;5
0x004aa8d0;FUN_004aa8d0;39;0;2
0x004aa950;FUN_004aa950;6;0;0
0x004aa960;FUN_004aa960;37;0;2
0x004aa9b0;FUN_004aa9b0;36;0;2
0x004aa9e0;FUN_004aa9e0;6;0;0
0x004aa9f0;FUN_004aa9f0;39;0;2
0x004aaa70;FUN_004aaa70;6;0;0
0x004aaa80;FUN_004aaa80;37;0;2
0x004aaad0;FUN_004aaad0;36;0;2
0x004aab00;FUN_004aab00;6;0;0
0x004aab10;FUN_004aab10;33;0;0
0x004aab40;FUN_004aab40;39;0;2
0x004aabc0;FUN_004aabc0;6;0;0
0x004aabd0;FUN_004aabd0;37;0;2
0x004aac20;FUN_004aac20;36;0;2
0x004aac50;FUN_004aac50;6;0;0
0x004aac60;NOD_Message__Allocate_62;728;2;2
0x004aaf40;FUN_004aaf40;53;0;0
0x004aafc0;FUN_004aafc0;39;0;2
0x004ab040;FUN_004ab040;6;0;0
0x004ab050;FUN_004ab050;37;0;2
0x004ab0a0;FUN_004ab0a0;36;0;2
0x004ab0d0;FUN_004ab0d0;6;0;0
0x004ab0e0;FUN_004ab0e0;6;0;0
0x004ab0f0;FUN_004ab0f0;53;0;0
0x004ab170;FUN_004ab170;39;0;2
0x004ab1f0;FUN_004ab1f0;6;0;0
0x004ab200;FUN_004ab200;37;0;2
0x004ab250;FUN_004ab250;36;0;2
0x004ab280;FUN_004ab280;6;0;0
0x004ab290;FUN_004ab290;39;0;2
0x004ab310;FUN_004ab310;6;0;0
0x004ab320;FUN_004ab320;37;0;2
0x004ab370;FUN_004ab370;36;0;2
0x004ab3a0;FUN_004ab3a0;6;0;0
0x004ab3b0;FUN_004ab3b0;39;0;2
0x004ab430;FUN_004ab430;6;0;0
0x004ab440;FUN_004ab440;37;0;2
0x004ab490;FUN_004ab490;36;0;2
0x004ab4c0;FUN_004ab4c0;6;0;0
0x004ab4d0;FUN_004ab4d0;39;0;2
0x004ab550;FUN_004ab550;6;0;0
0x004ab560;FUN_004ab560;37;0;2
0x004ab5b0;FUN_004ab5b0;36;0;2
0x004ab5e0;FUN_004ab5e0;6;0;0
0x004ab5f0;FUN_004ab5f0;75;1;2
0x004ab640;FUN_004ab640;39;0;2
0x004ab6c0;FUN_004ab6c0;6;0;0
0x004ab6d0;FUN_004ab6d0;37;0;2
0x004ab720;FUN_004ab720;36;0;2
0x004ab750;FUN_004ab750;6;0;0
0x004ab760;FUN_004ab760;75;2;2
0x004ab7b0;FUN_004ab7b0;39;0;2
0x004ab830;FUN_004ab830;6;0;0
0x004ab840;FUN_004ab840;37;0;2
0x004ab890;FUN_004ab890;36;0;2
0x004ab8c0;FUN_004ab8c0;6;0;0
0x004ab8d0;FUN_004ab8d0;75;1;2
0x004ab920;FUN_004ab920;39;0;2
0x004ab9a0;FUN_004ab9a0;6;0;0
0x004ab9b0;FUN_004ab9b0;37;0;2
0x004aba00;FUN_004aba00;36;0;2
0x004aba30;FUN_004aba30;6;0;0
0x004aba40;FUN_004aba40;75;1;2
0x004aba90;FUN_004aba90;39;0;2
0x004abb10;FUN_004abb10;6;0;0
0x004abb20;FUN_004abb20;37;0;2
0x004abb70;FUN_004abb70;36;0;2
0x004abba0;FUN_004abba0;6;0;0
0x004abbb0;FUN_004abbb0;39;0;2
0x004abc30;FUN_004abc30;6;0;0
0x004abc40;FUN_004abc40;37;0;2
0x004abc90;FUN_004abc90;36;0;2
0x004abcc0;FUN_004abcc0;6;0;0
0x004abcd0;FUN_004abcd0;39;0;2
0x004abd50;FUN_004abd50;6;0;0
0x004abd60;FUN_004abd60;37;0;2
0x004abdb0;FUN_004abdb0;36;0;2
0x004abde0;FUN_004abde0;6;0;0
0x004abdf0;FUN_004abdf0;39;0;2
0x004abe70;FUN_004abe70;6;0;0
0x004abe80;FUN_004abe80;37;0;2
0x004abed0;FUN_004abed0;36;0;2
0x004abf00;FUN_004abf00;6;0;0
0x004abf10;FUN_004abf10;39;0;2
0x004abf90;FUN_004abf90;6;0;0
0x004abfa0;FUN_004abfa0;37;0;2
0x004abff0;FUN_004abff0;36;0;2
0x004ac020;FUN_004ac020;6;0;0
0x004ac030;FUN_004ac030;25;0;0
0x004ac050;FUN_004ac050;39;0;2
0x004ac0d0;FUN_004ac0d0;6;0;0
0x004ac0e0;FUN_004ac0e0;37;0;2
0x004ac130;FUN_004ac130;36;0;2
0x004ac160;FUN_004ac160;6;0;0
0x004ac170;NOD_Message__Allocate_132;139;4;2
0x004ac200;FUN_004ac200;39;0;2
0x004ac280;FUN_004ac280;6;0;0
0x004ac290;FUN_004ac290;37;0;2
0x004ac2e0;FUN_004ac2e0;36;0;2
0x004ac310;FUN_004ac310;6;0;0
0x004ac320;FUN_004ac320;39;0;2
0x004ac3a0;FUN_004ac3a0;6;0;0
0x004ac3b0;FUN_004ac3b0;37;0;2
0x004ac400;FUN_004ac400;36;0;2
0x004ac430;FUN_004ac430;6;0;0
0x004ac440;FUN_004ac440;105;1;3
0x004ac4b0;FUN_004ac4b0;39;0;2
0x004ac530;FUN_004ac530;6;0;0
0x004ac540;FUN_004ac540;37;0;2
0x004ac590;FUN_004ac590;36;0;2
0x004ac5c0;FUN_004ac5c0;6;0;0
0x004ac5d0;FUN_004ac5d0;100;1;3
0x004ac640;FUN_004ac640;25;0;0
0x004ac660;FUN_004ac660;39;0;2
0x004ac6e0;FUN_004ac6e0;6;0;0
0x004ac6f0;FUN_004ac6f0;37;0;2
0x004ac740;FUN_004ac740;36;0;2
0x004ac770;FUN_004ac770;6;0;0
0x004ac780;FUN_004ac780;111;1;3
0x004ac7f0;FUN_004ac7f0;28;0;0
0x004ac810;FUN_004ac810;39;0;2
0x004ac890;FUN_004ac890;6;0;0
0x004ac8a0;FUN_004ac8a0;37;0;2
0x004ac8f0;FUN_004ac8f0;36;0;2
0x004ac920;FUN_004ac920;6;0;0
0x004ac930;NOD_Message__Allocate_104;150;2;3
0x004ac9d0;FUN_004ac9d0;45;0;0
0x004aca10;FUN_004aca10;39;0;2
0x004aca90;FUN_004aca90;6;0;0
0x004acaa0;FUN_004acaa0;37;0;2
0x004acaf0;FUN_004acaf0;36;0;2
0x004acb20;FUN_004acb20;6;0;0
0x004acb30;NOD_Message__Allocate_107;161;2;3
0x004acbe0;FUN_004acbe0;45;0;0
0x004acc30;FUN_004acc30;39;0;2
0x004accb0;FUN_004accb0;6;0;0
0x004accc0;FUN_004accc0;37;0;2
0x004acd10;FUN_004acd10;36;0;2
0x004acd40;FUN_004acd40;6;0;0
0x004acd50;FUN_004acd50;39;0;2
0x004acdd0;FUN_004acdd0;6;0;0
0x004acde0;FUN_004acde0;37;0;2
0x004ace30;FUN_004ace30;36;0;2
0x004ace60;FUN_004ace60;6;0;0
0x004ace70;FUN_004ace70;39;0;2
0x004acef0;FUN_004acef0;6;0;0
0x004acf00;FUN_004acf00;37;0;2
0x004acf50;FUN_004acf50;36;0;2
0x004acf80;FUN_004acf80;6;0;0
0x004acf90;FUN_004acf90;39;0;2
0x004ad010;FUN_004ad010;6;0;0
0x004ad020;FUN_004ad020;37;0;2
0x004ad070;FUN_004ad070;36;0;2
0x004ad0a0;FUN_004ad0a0;6;0;0
0x004ad0b0;FUN_004ad0b0;75;1;2
0x004ad100;FUN_004ad100;39;0;2
0x004ad180;FUN_004ad180;6;0;0
0x004ad190;FUN_004ad190;37;0;2
0x004ad1e0;FUN_004ad1e0;36;0;2
0x004ad210;FUN_004ad210;6;0;0
0x004ad220;FUN_004ad220;75;1;2
0x004ad270;FUN_004ad270;39;0;2
0x004ad2f0;FUN_004ad2f0;6;0;0
0x004ad300;FUN_004ad300;37;0;2
0x004ad350;FUN_004ad350;36;0;2
0x004ad380;FUN_004ad380;6;0;0
0x004ad390;FUN_004ad390;33;0;0
0x004ad3c0;FUN_004ad3c0;39;0;2
0x004ad440;FUN_004ad440;6;0;0
0x004ad450;FUN_004ad450;37;0;2
0x004ad4a0;FUN_004ad4a0;36;0;2
0x004ad4d0;FUN_004ad4d0;6;0;0
0x004ad4e0;NOD_Message__Allocate_149;123;1;3
0x004ad560;FUN_004ad560;39;0;2
0x004ad5e0;FUN_004ad5e0;6;0;0
0x004ad5f0;FUN_004ad5f0;37;0;2
0x004ad640;FUN_004ad640;36;0;2
0x004ad670;FUN_004ad670;6;0;0
0x004ad680;FUN_004ad680;75;1;2
0x004ad6d0;FUN_004ad6d0;39;0;2
0x004ad750;FUN_004ad750;6;0;0
0x004ad760;FUN_004ad760;37;0;2
0x004ad7b0;FUN_004ad7b0;36;0;2
0x004ad7e0;FUN_004ad7e0;6;0;0
0x004ad7f0;NOD_Message__Allocate_152;272;1;1
0x004ad900;FUN_004ad900;44;0;0
0x004ad930;FUN_004ad930;39;0;2
0x004ad9b0;FUN_004ad9b0;6;0;0
0x004ad9c0;FUN_004ad9c0;37;0;2
0x004ada10;FUN_004ada10;36;0;2
0x004ada40;FUN_004ada40;6;0;0
0x004ada50;FUN_004ada50;75;1;2
0x004adaa0;FUN_004adaa0;39;0;2
0x004adb20;FUN_004adb20;6;0;0
0x004adb30;FUN_004adb30;37;0;2
0x004adb80;FUN_004adb80;36;0;2
0x004adbb0;FUN_004adbb0;6;0;0
0x004adbc0;FUN_004adbc0;75;1;2
0x004adc10;FUN_004adc10;39;0;2
0x004adc90;FUN_004adc90;6;0;0
0x004adca0;FUN_004adca0;37;0;2
0x004adcf0;FUN_004adcf0;36;0;2
0x004add20;FUN_004add20;6;0;0
0x004add30;FUN_004add30;75;1;2
0x004add80;FUN_004add80;39;0;2
0x004ade00;FUN_004ade00;6;0;0
0x004ade10;FUN_004ade10;37;0;2
0x004ade60;FUN_004ade60;36;0;2
0x004ade90;FUN_004ade90;6;0;0
0x004adea0;FUN_004adea0;39;0;2
0x004adf20;FUN_004adf20;6;0;0
0x004adf30;FUN_004adf30;37;0;2
0x004adf80;FUN_004adf80;36;0;2
0x004adfb0;FUN_004adfb0;6;0;0
0x004adfc0;NOD_Message__Allocate_125;450;1;2
0x004ae190;FUN_004ae190;6;0;0
0x004ae1a0;FUN_004ae1a0;37;0;0
0x004ae200;FUN_004ae200;39;0;2
0x004ae280;FUN_004ae280;6;0;0
0x004ae290;FUN_004ae290;37;0;2
0x004ae2e0;FUN_004ae2e0;36;0;2
0x004ae310;FUN_004ae310;6;0;0
0x004ae320;FUN_004ae320;75;1;2
0x004ae370;FUN_004ae370;39;0;2
0x004ae3f0;FUN_004ae3f0;6;0;0
0x004ae400;FUN_004ae400;37;0;2
0x004ae450;FUN_004ae450;36;0;2
0x004ae480;FUN_004ae480;6;0;0
0x004ae490;FUN_004ae490;75;1;2
0x004ae4e0;FUN_004ae4e0;39;0;2
0x004ae560;FUN_004ae560;6;0;0
0x004ae570;FUN_004ae570;37;0;2
0x004ae5c0;FUN_004ae5c0;36;0;2
0x004ae5f0;FUN_004ae5f0;6;0;0
0x004ae600;FUN_004ae600;62;1;1
0x004ae640;FUN_004ae640;29;0;0
0x004ae670;FUN_004ae670;39;0;2
0x004ae6f0;FUN_004ae6f0;6;0;0
0x004ae700;FUN_004ae700;37;0;2
0x004ae750;FUN_004ae750;36;0;2
0x004ae780;FUN_004ae780;6;0;0
0x004ae790;FUN_004ae790;45;0;0
0x004ae7d0;FUN_004ae7d0;39;0;2
0x004ae850;FUN_004ae850;6;0;0
0x004ae860;FUN_004ae860;37;0;2
0x004ae8b0;FUN_004ae8b0;36;0;2
0x004ae8e0;FUN_004ae8e0;6;0;0
0x004ae8f0;FUN_004ae8f0;6;0;0
0x004ae900;FUN_004ae900;45;0;0
0x004ae940;FUN_004ae940;39;0;2
0x004ae9c0;FUN_004ae9c0;6;0;0
0x004ae9d0;FUN_004ae9d0;37;0;2
0x004aea20;FUN_004aea20;36;0;2
0x004aea50;FUN_004aea50;6;0;0
0x004aea60;FUN_004aea60;6;0;0
0x004aea70;FUN_004aea70;53;0;0
0x004aeac0;FUN_004aeac0;39;0;2
0x004aeb40;FUN_004aeb40;6;0;0
0x004aeb50;FUN_004aeb50;37;0;2
0x004aeba0;FUN_004aeba0;36;0;2
0x004aebd0;FUN_004aebd0;6;0;0
0x004aebe0;FUN_004aebe0;39;0;2
0x004aec60;FUN_004aec60;6;0;0
0x004aec70;FUN_004aec70;37;0;2
0x004aecc0;FUN_004aecc0;36;0;2
0x004aecf0;FUN_004aecf0;6;0;0
0x004aed00;FUN_004aed00;39;0;2
0x004aed80;FUN_004aed80;6;0;0
0x004aed90;FUN_004aed90;37;0;2
0x004aede0;FUN_004aede0;36;0;2
0x004aee10;FUN_004aee10;6;0;0
0x004aee20;NOD_Message__Allocate_67;116;2;3
0x004aeea0;FUN_004aeea0;6;0;0
0x004aeeb0;FUN_004aeeb0;45;0;0
0x004aef00;FUN_004aef00;39;0;2
0x004aef80;FUN_004aef80;6;0;0
0x004aef90;FUN_004aef90;37;0;2
0x004aefe0;FUN_004aefe0;36;0;2
0x004af010;FUN_004af010;6;0;0
0x004af020;FUN_004af020;75;1;2
0x004af070;FUN_004af070;39;0;2
0x004af0f0;FUN_004af0f0;6;0;0
0x004af100;FUN_004af100;37;0;2
0x004af150;FUN_004af150;36;0;2
0x004af180;FUN_004af180;6;0;0
0x004af190;FUN_004af190;75;1;2
0x004af1e0;FUN_004af1e0;39;0;2
0x004af260;FUN_004af260;6;0;0
0x004af270;FUN_004af270;37;0;2
0x004af2c0;FUN_004af2c0;36;0;2
0x004af2f0;FUN_004af2f0;6;0;0
0x004af300;FUN_004af300;39;0;2
0x004af380;FUN_004af380;6;0;0
0x004af390;FUN_004af390;37;0;2
0x004af3e0;FUN_004af3e0;36;0;2
0x004af410;FUN_004af410;6;0;0
0x004af420;FUN_004af420;39;0;2
0x004af4a0;FUN_004af4a0;6;0;0
0x004af4b0;FUN_004af4b0;37;0;2
0x004af500;FUN_004af500;36;0;2
0x004af530;FUN_004af530;6;0;0
0x004af540;FUN_004af540;39;0;2
0x004af5c0;FUN_004af5c0;6;0;0
0x004af5d0;FUN_004af5d0;37;0;2
0x004af620;FUN_004af620;36;0;2
0x004af650;FUN_004af650;6;0;0
0x004af660;FUN_004af660;29;0;0
0x004af6a0;FUN_004af6a0;39;0;2
0x004af720;FUN_004af720;6;0;0
0x004af730;FUN_004af730;37;0;2
0x004af780;FUN_004af780;36;0;2
0x004af7b0;FUN_004af7b0;6;0;0
0x004af7c0;FUN_004af7c0;17;0;0
0x004af7e0;FUN_004af7e0;39;0;2
0x004af860;FUN_004af860;6;0;0
0x004af870;FUN_004af870;37;0;2
0x004af8c0;FUN_004af8c0;36;0;2
0x004af8f0;FUN_004af8f0;6;0;0
0x004af900;FUN_004af900;39;0;2
0x004af980;FUN_004af980;6;0;0
0x004af990;FUN_004af990;37;0;2
0x004af9e0;FUN_004af9e0;36;0;2
0x004afa10;FUN_004afa10;6;0;0
0x004afa20;FUN_004afa20;39;0;2
0x004afaa0;FUN_004afaa0;6;0;0
0x004afab0;FUN_004afab0;37;0;2
0x004afb00;FUN_004afb00;36;0;2
0x004afb30;FUN_004afb30;6;0;0
0x004afb40;FUN_004afb40;75;1;2
0x004afb90;FUN_004afb90;39;0;2
0x004afc10;FUN_004afc10;6;0;0
0x004afc20;FUN_004afc20;37;0;2
0x004afc70;FUN_004afc70;36;0;2
0x004afca0;FUN_004afca0;6;0;0
0x004afcb0;FUN_004afcb0;75;2;2
0x004afd00;FUN_004afd00;39;0;2
0x004afd80;FUN_004afd80;6;0;0
0x004afd90;FUN_004afd90;37;0;2
0x004afde0;FUN_004afde0;36;0;2
0x004afe10;FUN_004afe10;6;0;0
0x004afe20;NOD_Message__Allocate_124;247;1;2
0x004aff20;FUN_004aff20;45;0;0
0x004aff70;FUN_004aff70;39;0;2
0x004afff0;FUN_004afff0;6;0;0
0x004b0000;FUN_004b0000;37;0;2
0x004b0050;FUN_004b0050;36;0;2
0x004b0080;FUN_004b0080;6;0;0
0x004b0090;FUN_004b0090;75;2;2
0x004b00e0;FUN_004b00e0;39;0;2
0x004b0160;FUN_004b0160;6;0;0
0x004b0170;FUN_004b0170;37;0;2
0x004b01c0;FUN_004b01c0;36;0;2
0x004b01f0;FUN_004b01f0;6;0;0
0x004b0200;FUN_004b0200;75;1;2
0x004b0250;FUN_004b0250;39;0;2
0x004b02d0;FUN_004b02d0;6;0;0
0x004b02e0;FUN_004b02e0;37;0;2
0x004b0330;FUN_004b0330;36;0;2
0x004b0360;FUN_004b0360;6;0;0
0x004b0370;FUN_004b0370;39;0;2
0x004b03f0;FUN_004b03f0;6;0;0
0x004b0400;FUN_004b0400;37;0;2
0x004b0450;FUN_004b0450;36;0;2
0x004b0480;FUN_004b0480;6;0;0
0x004b0490;FUN_004b0490;75;2;2
0x004b04e0;FUN_004b04e0;39;0;2
0x004b0560;FUN_004b0560;6;0;0
0x004b0570;FUN_004b0570;37;0;2
0x004b05c0;FUN_004b05c0;36;0;2
0x004b05f0;FUN_004b05f0;6;0;0
0x004b0600;FUN_004b0600;3;1;0
0x004b0610;FUN_004b0610;5;0;0
0x004b0620;FUN_004b0620;39;0;2
0x004b06a0;FUN_004b06a0;6;0;0
0x004b06b0;FUN_004b06b0;37;0;2
0x004b0700;FUN_004b0700;36;0;2
0x004b0730;FUN_004b0730;6;0;0
0x004b0740;FUN_004b0740;75;1;2
0x004b0790;FUN_004b0790;39;0;2
0x004b0810;FUN_004b0810;6;0;0
0x004b0820;FUN_004b0820;37;0;2
0x004b0870;FUN_004b0870;36;0;2
0x004b08a0;FUN_004b08a0;6;0;0
0x004b08b0;FUN_004b08b0;39;0;2
0x004b0930;FUN_004b0930;6;0;0
0x004b0940;FUN_004b0940;37;0;2
0x004b0990;FUN_004b0990;36;0;2
0x004b09c0;FUN_004b09c0;6;0;0
0x004b09d0;FUN_004b09d0;39;0;2
0x004b0a50;FUN_004b0a50;6;0;0
0x004b0a60;FUN_004b0a60;37;0;2
0x004b0ab0;FUN_004b0ab0;36;0;2
0x004b0ae0;FUN_004b0ae0;6;0;0
0x004b0af0;FUN_004b0af0;39;0;2
0x004b0b70;FUN_004b0b70;6;0;0
0x004b0b80;FUN_004b0b80;37;0;2
0x004b0bd0;FUN_004b0bd0;36;0;2
0x004b0c00;FUN_004b0c00;6;0;0
0x004b0c10;FUN_004b0c10;6;0;0
0x004b0c20;FUN_004b0c20;14;0;0
0x004b0c30;FUN_004b0c30;39;0;2
0x004b0cb0;FUN_004b0cb0;6;0;0
0x004b0cc0;FUN_004b0cc0;37;0;2
0x004b0d10;FUN_004b0d10;36;0;2
0x004b0d40;FUN_004b0d40;6;0;0
0x004b0d50;FUN_004b0d50;39;0;2
0x004b0dd0;FUN_004b0dd0;6;0;0
0x004b0de0;FUN_004b0de0;37;0;2
0x004b0e30;FUN_004b0e30;36;0;2
0x004b0e60;FUN_004b0e60;6;0;0
0x004b0e70;FUN_004b0e70;39;0;2
0x004b0ef0;FUN_004b0ef0;6;0;0
0x004b0f00;FUN_004b0f00;37;0;2
0x004b0f50;FUN_004b0f50;36;0;2
0x004b0f80;FUN_004b0f80;6;0;0
0x004b0f90;FUN_004b0f90;39;0;2
0x004b1010;FUN_004b1010;6;0;0
0x004b1020;FUN_004b1020;37;0;2
0x004b1070;FUN_004b1070;36;0;2
0x004b10a0;FUN_004b10a0;6;0;0
0x004b10b0;FUN_004b10b0;6;0;0
0x004b10c0;FUN_004b10c0;39;0;2
0x004b1140;FUN_004b1140;6;0;0
0x004b1150;FUN_004b1150;37;0;2
0x004b11a0;FUN_004b11a0;36;0;2
0x004b11d0;FUN_004b11d0;6;0;0
0x004b11e0;FUN_004b11e0;6;0;0
0x004b11f0;FUN_004b11f0;36;0;0
0x004b1220;FUN_004b1220;39;0;2
0x004b12a0;FUN_004b12a0;6;0;0
0x004b12b0;FUN_004b12b0;37;0;2
0x004b1300;FUN_004b1300;36;0;2
0x004b1330;FUN_004b1330;6;0;0
0x004b1340;FUN_004b1340;39;0;2
0x004b13c0;FUN_004b13c0;6;0;0
0x004b13d0;FUN_004b13d0;37;0;2
0x004b1420;FUN_004b1420;36;0;2
0x004b1450;FUN_004b1450;6;0;0
0x004b1460;FUN_004b1460;105;1;3
0x004b14d0;FUN_004b14d0;39;0;2
0x004b1550;FUN_004b1550;6;0;0
0x004b1560;FUN_004b1560;37;0;2
0x004b15b0;FUN_004b15b0;36;0;2
0x004b15e0;FUN_004b15e0;6;0;0
0x004b15f0;FUN_004b15f0;100;1;3
0x004b1660;FUN_004b1660;39;0;2
0x004b16e0;FUN_004b16e0;6;0;0
0x004b16f0;FUN_004b16f0;37;0;2
0x004b1740;FUN_004b1740;36;0;2
0x004b1770;FUN_004b1770;6;0;0
0x004b1780;FUN_004b1780;111;1;3
0x004b17f0;FUN_004b17f0;39;0;2
0x004b1870;FUN_004b1870;6;0;0
0x004b1880;FUN_004b1880;37;0;2
0x004b18d0;FUN_004b18d0;36;0;2
0x004b1900;FUN_004b1900;6;0;0
0x004b1910;FUN_004b1910;45;0;0
0x004b1950;FUN_004b1950;39;0;2
0x004b19d0;FUN_004b19d0;6;0;0
0x004b19e0;FUN_004b19e0;37;0;2
0x004b1a30;FUN_004b1a30;36;0;2
0x004b1a60;FUN_004b1a60;6;0;0
0x004b1a70;FUN_004b1a70;45;0;0
0x004b1ac0;FUN_004b1ac0;39;0;2
0x004b1b40;FUN_004b1b40;6;0;0
0x004b1b50;FUN_004b1b50;37;0;2
0x004b1ba0;FUN_004b1ba0;36;0;2
0x004b1bd0;FUN_004b1bd0;6;0;0
0x004b1be0;FUN_004b1be0;5;8;0
0x004b1bf0;FUN_004b1bf0;39;0;2
0x004b1c70;FUN_004b1c70;6;0;0
0x004b1c80;FUN_004b1c80;37;0;2
0x004b1cd0;FUN_004b1cd0;36;0;2
0x004b1d00;FUN_004b1d00;6;0;0
0x004b1d10;FUN_004b1d10;39;0;2
0x004b1d90;FUN_004b1d90;6;0;0
0x004b1da0;FUN_004b1da0;37;0;2
0x004b1df0;FUN_004b1df0;36;0;2
0x004b1e20;FUN_004b1e20;6;0;0
0x004b1e30;FUN_004b1e30;75;1;2
0x004b1e80;FUN_004b1e80;39;0;2
0x004b1f00;FUN_004b1f00;6;0;0
0x004b1f10;FUN_004b1f10;37;0;2
0x004b1f60;FUN_004b1f60;36;0;2
0x004b1f90;FUN_004b1f90;6;0;0
0x004b1fa0;FUN_004b1fa0;75;1;2
0x004b1ff0;FUN_004b1ff0;39;0;2
0x004b2070;FUN_004b2070;6;0;0
0x004b2080;FUN_004b2080;37;0;2
0x004b20d0;FUN_004b20d0;36;0;2
0x004b2100;FUN_004b2100;6;0;0
0x004b2110;FUN_004b2110;45;0;0
0x004b2160;FUN_004b2160;39;0;2
0x004b21e0;FUN_004b21e0;6;0;0
0x004b21f0;FUN_004b21f0;37;0;2
0x004b2240;FUN_004b2240;36;0;2
0x004b2270;FUN_004b2270;6;0;0
0x004b2280;FUN_004b2280;75;1;2
0x004b22d0;FUN_004b22d0;39;0;2
0x004b2350;FUN_004b2350;6;0;0
0x004b2360;FUN_004b2360;37;0;2
0x004b23b0;FUN_004b23b0;36;0;2
0x004b23e0;FUN_004b23e0;6;0;0
0x004b23f0;FUN_004b23f0;75;1;2
0x004b2440;FUN_004b2440;39;0;2
0x004b24c0;FUN_004b24c0;6;0;0
0x004b24d0;FUN_004b24d0;37;0;2
0x004b2520;FUN_004b2520;36;0;2
0x004b2550;FUN_004b2550;6;0;0
0x004b2560;FUN_004b2560;39;0;2
0x004b25e0;FUN_004b25e0;6;0;0
0x004b25f0;FUN_004b25f0;37;0;2
0x004b2640;FUN_004b2640;36;0;2
0x004b2670;FUN_004b2670;6;0;0
0x004b2680;FUN_004b2680;39;0;2
0x004b2700;FUN_004b2700;6;0;0
0x004b2710;FUN_004b2710;37;0;2
0x004b2760;FUN_004b2760;36;0;2
0x004b2790;FUN_004b2790;6;0;0
0x004b27a0;FUN_004b27a0;39;0;2
0x004b2820;FUN_004b2820;6;0;0
0x004b2830;FUN_004b2830;37;0;2
0x004b2880;FUN_004b2880;36;0;2
0x004b28b0;FUN_004b28b0;6;0;0
0x004b28c0;FUN_004b28c0;29;5;1
0x004b28e0;FUN_004b28e0;39;0;2
0x004b2960;FUN_004b2960;6;0;0
0x004b2970;FUN_004b2970;37;0;2
0x004b29c0;FUN_004b29c0;36;0;2
0x004b29f0;FUN_004b29f0;6;0;0
0x004b2a00;FUN_004b2a00;75;1;2
0x004b2a50;FUN_004b2a50;39;0;2
0x004b2ad0;FUN_004b2ad0;6;0;0
0x004b2ae0;FUN_004b2ae0;37;0;2
0x004b2b30;FUN_004b2b30;36;0;2
0x004b2b60;FUN_004b2b60;6;0;0
0x004b2b70;FUN_004b2b70;75;1;2
0x004b2bc0;FUN_004b2bc0;39;0;2
0x004b2c40;FUN_004b2c40;6;0;0
0x004b2c50;FUN_004b2c50;37;0;2
0x004b2ca0;FUN_004b2ca0;36;0;2
0x004b2cd0;FUN_004b2cd0;6;0;0
0x004b2ce0;FUN_004b2ce0;39;0;2
0x004b2d60;FUN_004b2d60;6;0;0
0x004b2d70;FUN_004b2d70;37;0;2
0x004b2dc0;FUN_004b2dc0;36;0;2
0x004b2df0;FUN_004b2df0;6;0;0
0x004b2e00;FUN_004b2e00;75;1;2
0x004b2e50;FUN_004b2e50;39;0;2
0x004b2ed0;FUN_004b2ed0;6;0;0
0x004b2ee0;FUN_004b2ee0;37;0;2
0x004b2f30;FUN_004b2f30;36;0;2
0x004b2f60;FUN_004b2f60;6;0;0
0x004b2f70;FUN_004b2f70;40;2;2
0x004b2fa0;FUN_004b2fa0;33;0;0
0x004b2fd0;FUN_004b2fd0;39;0;2
0x004b3050;FUN_004b3050;6;0;0
0x004b3060;FUN_004b3060;37;0;2
0x004b30b0;FUN_004b30b0;36;0;2
0x004b30e0;FUN_004b30e0;6;0;0
0x004b30f0;FUN_004b30f0;33;0;0
0x004b3120;FUN_004b3120;39;0;2
0x004b31a0;FUN_004b31a0;6;0;0
0x004b31b0;FUN_004b31b0;37;0;2
0x004b3200;FUN_004b3200;36;0;2
0x004b3230;FUN_004b3230;6;0;0
0x004b3240;FUN_004b3240;75;1;2
0x004b3290;FUN_004b3290;39;0;2
0x004b3310;FUN_004b3310;6;0;0
0x004b3320;FUN_004b3320;37;0;2
0x004b3370;FUN_004b3370;36;0;2
0x004b33a0;FUN_004b33a0;6;0;0
0x004b33b0;FUN_004b33b0;75;1;2
0x004b3400;FUN_004b3400;39;0;2
0x004b3480;FUN_004b3480;6;0;0
0x004b3490;FUN_004b3490;37;0;2
0x004b34e0;FUN_004b34e0;36;0;2
0x004b3510;FUN_004b3510;6;0;0
0x004b3520;FUN_004b3520;75;1;2
0x004b3570;FUN_004b3570;39;0;2
0x004b35f0;FUN_004b35f0;6;0;0
0x004b3600;FUN_004b3600;37;0;2
0x004b3650;FUN_004b3650;36;0;2
0x004b3680;FUN_004b3680;6;0;0
0x004b3690;FUN_004b3690;39;0;2
0x004b3710;FUN_004b3710;6;0;0
0x004b3720;FUN_004b3720;37;0;2
0x004b3770;FUN_004b3770;36;0;2
0x004b37a0;FUN_004b37a0;6;0;0
0x004b37b0;FUN_004b37b0;75;1;2
0x004b3800;FUN_004b3800;39;0;2
0x004b3880;FUN_004b3880;6;0;0
0x004b3890;FUN_004b3890;37;0;2
0x004b38e0;FUN_004b38e0;36;0;2
0x004b3910;FUN_004b3910;6;0;0
0x004b3920;FUN_004b3920;39;0;2
0x004b39a0;FUN_004b39a0;6;0;0
0x004b39b0;FUN_004b39b0;37;0;2
0x004b3a00;FUN_004b3a00;36;0;2
0x004b3a30;FUN_004b3a30;6;0;0
0x004b3a40;NOD_Message__Allocate_10;105;2;2
0x004b3ab0;FUN_004b3ab0;37;0;0
0x004b3af0;FUN_004b3af0;39;0;2
0x004b3b70;FUN_004b3b70;6;0;0
0x004b3b80;FUN_004b3b80;37;0;2
0x004b3bd0;FUN_004b3bd0;36;0;2
0x004b3c00;FUN_004b3c00;6;0;0
0x004b3c10;FUN_004b3c10;75;1;2
0x004b3c60;FUN_004b3c60;39;0;2
0x004b3ce0;FUN_004b3ce0;6;0;0
0x004b3cf0;FUN_004b3cf0;37;0;2
0x004b3d40;FUN_004b3d40;36;0;2
0x004b3d70;FUN_004b3d70;6;0;0
0x004b3d80;FUN_004b3d80;75;1;2
0x004b3dd0;FUN_004b3dd0;39;0;2
0x004b3e50;FUN_004b3e50;6;0;0
0x004b3e60;FUN_004b3e60;37;0;2
0x004b3eb0;FUN_004b3eb0;36;0;2
0x004b3ee0;FUN_004b3ee0;6;0;0
0x004b3ef0;FUN_004b3ef0;39;0;2
0x004b3f70;FUN_004b3f70;6;0;0
0x004b3f80;FUN_004b3f80;37;0;2
0x004b3fd0;FUN_004b3fd0;36;0;2
0x004b4000;FUN_004b4000;6;0;0
0x004b4010;FUN_004b4010;75;1;2
0x004b4060;FUN_004b4060;39;0;2
0x004b40e0;FUN_004b40e0;6;0;0
0x004b40f0;FUN_004b40f0;37;0;2
0x004b4140;FUN_004b4140;36;0;2
0x004b4170;FUN_004b4170;6;0;0
0x004b4180;FUN_004b4180;75;1;2
0x004b41d0;FUN_004b41d0;39;0;2
0x004b4250;FUN_004b4250;6;0;0
0x004b4260;FUN_004b4260;37;0;2
0x004b42b0;FUN_004b42b0;36;0;2
0x004b42e0;FUN_004b42e0;6;0;0
0x004b42f0;FUN_004b42f0;17;0;0
0x004b4310;FUN_004b4310;39;0;2
0x004b4390;FUN_004b4390;6;0;0
0x004b43a0;FUN_004b43a0;37;0;2
0x004b43f0;FUN_004b43f0;36;0;2
0x004b4420;FUN_004b4420;6;0;0
0x004b4430;FUN_004b4430;122;1;3
0x004b44b0;FUN_004b44b0;29;0;0
0x004b44e0;FUN_004b44e0;39;0;2
0x004b4560;FUN_004b4560;6;0;0
0x004b4570;FUN_004b4570;37;0;2
0x004b45c0;FUN_004b45c0;36;0;2
0x004b45f0;FUN_004b45f0;6;0;0
0x004b4600;FUN_004b4600;75;1;2
0x004b4650;FUN_004b4650;39;0;2
0x004b46d0;FUN_004b46d0;6;0;0
0x004b46e0;FUN_004b46e0;37;0;2
0x004b4730;FUN_004b4730;36;0;2
0x004b4760;FUN_004b4760;6;0;0
0x004b4770;FUN_004b4770;39;0;2
0x004b47f0;FUN_004b47f0;6;0;0
0x004b4800;FUN_004b4800;37;0;2
0x004b4850;FUN_004b4850;36;0;2
0x004b4880;FUN_004b4880;6;0;0
0x004b4890;FUN_004b4890;39;0;2
0x004b4910;FUN_004b4910;6;0;0
0x004b4920;FUN_004b4920;37;0;2
0x004b4970;FUN_004b4970;36;0;2
0x004b49a0;FUN_004b49a0;6;0;0
0x004b49b0;FUN_004b49b0;39;0;2
0x004b4a30;FUN_004b4a30;6;0;0
0x004b4a40;FUN_004b4a40;37;0;2
0x004b4a90;FUN_004b4a90;36;0;2
0x004b4ac0;FUN_004b4ac0;6;0;0
0x004b4ad0;FUN_004b4ad0;39;0;2
0x004b4b50;FUN_004b4b50;6;0;0
0x004b4b60;FUN_004b4b60;37;0;2
0x004b4bb0;FUN_004b4bb0;36;0;2
0x004b4be0;FUN_004b4be0;6;0;0
0x004b4bf0;NOD_Message__Allocate_108;272;1;1
0x004b4d00;FUN_004b4d00;36;0;0
0x004b4d30;FUN_004b4d30;39;0;2
0x004b4db0;FUN_004b4db0;6;0;0
0x004b4dc0;FUN_004b4dc0;37;0;2
0x004b4e10;FUN_004b4e10;36;0;2
0x004b4e40;FUN_004b4e40;6;0;0
0x004b4e50;FUN_004b4e50;39;0;2
0x004b4ed0;FUN_004b4ed0;6;0;0
0x004b4ee0;FUN_004b4ee0;37;0;2
0x004b4f30;FUN_004b4f30;36;0;2
0x004b4f60;FUN_004b4f60;6;0;0
0x004b4f70;FUN_004b4f70;39;0;2
0x004b4ff0;FUN_004b4ff0;6;0;0
0x004b5000;FUN_004b5000;37;0;2
0x004b5050;FUN_004b5050;36;0;2
0x004b5080;FUN_004b5080;6;0;0
0x004b5090;FUN_004b5090;39;0;2
0x004b5110;FUN_004b5110;6;0;0
0x004b5120;FUN_004b5120;37;0;2
0x004b5170;FUN_004b5170;36;0;2
0x004b51a0;FUN_004b51a0;6;0;0
0x004b51b0;FUN_004b51b0;39;0;2
0x004b5230;FUN_004b5230;6;0;0
0x004b5240;FUN_004b5240;37;0;2
0x004b5290;FUN_004b5290;36;0;2
0x004b52c0;FUN_004b52c0;6;0;0
0x004b52d0;FUN_004b52d0;62;2;1
0x004b5310;FUN_004b5310;29;0;0
0x004b5340;FUN_004b5340;39;0;2
0x004b53c0;FUN_004b53c0;6;0;0
0x004b53d0;FUN_004b53d0;37;0;2
0x004b5420;FUN_004b5420;36;0;2
0x004b5450;FUN_004b5450;6;0;0
0x004b5460;NOD_Message__Allocate_40;118;1;3
0x004b54e0;FUN_004b54e0;39;0;2
0x004b5560;FUN_004b5560;6;0;0
0x004b5570;FUN_004b5570;37;0;2
0x004b55c0;FUN_004b55c0;36;0;2
0x004b55f0;FUN_004b55f0;6;0;0
0x004b5600;NOD_Message__Allocate_44;118;1;3
0x004b5680;FUN_004b5680;39;0;2
0x004b5700;FUN_004b5700;6;0;0
0x004b5710;FUN_004b5710;37;0;2
0x004b5760;FUN_004b5760;36;0;2
0x004b5790;FUN_004b5790;6;0;0
0x004b57a0;NOD_Message__Allocate_52;118;1;3
0x004b5820;FUN_004b5820;39;0;2
0x004b58a0;FUN_004b58a0;6;0;0
0x004b58b0;FUN_004b58b0;37;0;2
0x004b5900;FUN_004b5900;36;0;2
0x004b5930;FUN_004b5930;6;0;0
0x004b5940;NOD_Message__Allocate_5;118;1;3
0x004b59c0;FUN_004b59c0;39;0;2
0x004b5a40;FUN_004b5a40;6;0;0
0x004b5a50;FUN_004b5a50;37;0;2
0x004b5aa0;FUN_004b5aa0;36;0;2
0x004b5ad0;FUN_004b5ad0;6;0;0
0x004b5ae0;NOD_Message__Allocate_12;118;1;3
0x004b5b60;FUN_004b5b60;39;0;2
0x004b5be0;FUN_004b5be0;6;0;0
0x004b5bf0;FUN_004b5bf0;37;0;2
0x004b5c40;FUN_004b5c40;36;0;2
0x004b5c70;FUN_004b5c70;6;0;0
0x004b5c80;NOD_Message__Allocate_17;118;1;3
0x004b5d00;FUN_004b5d00;39;0;2
0x004b5d80;FUN_004b5d80;6;0;0
0x004b5d90;FUN_004b5d90;37;0;2
0x004b5de0;FUN_004b5de0;36;0;2
0x004b5e10;FUN_004b5e10;6;0;0
0x004b5e20;FUN_004b5e20;39;0;2
0x004b5ea0;FUN_004b5ea0;6;0;0
0x004b5eb0;FUN_004b5eb0;37;0;2
0x004b5f00;FUN_004b5f00;36;0;2
0x004b5f30;FUN_004b5f30;6;0;0
0x004b5f40;FUN_004b5f40;39;0;2
0x004b5fc0;FUN_004b5fc0;6;0;0
0x004b5fd0;FUN_004b5fd0;37;0;2
0x004b6020;FUN_004b6020;36;0;2
0x004b6050;FUN_004b6050;6;0;0
0x004b6060;FUN_004b6060;105;1;3
0x004b60d0;FUN_004b60d0;39;0;2
0x004b6150;FUN_004b6150;6;0;0
0x004b6160;FUN_004b6160;37;0;2
0x004b61b0;FUN_004b61b0;36;0;2
0x004b61e0;FUN_004b61e0;6;0;0
0x004b61f0;FUN_004b61f0;39;0;2
0x004b6270;FUN_004b6270;6;0;0
0x004b6280;FUN_004b6280;37;0;2
0x004b62d0;FUN_004b62d0;36;0;2
0x004b6300;FUN_004b6300;6;0;0
0x004b6310;FUN_004b6310;39;0;2
0x004b6390;FUN_004b6390;6;0;0
0x004b63a0;FUN_004b63a0;37;0;2
0x004b63f0;FUN_004b63f0;36;0;2
0x004b6420;FUN_004b6420;6;0;0
0x004b6430;FUN_004b6430;39;0;2
0x004b64b0;FUN_004b64b0;6;0;0
0x004b64c0;FUN_004b64c0;37;0;2
0x004b6510;FUN_004b6510;36;0;2
0x004b6540;FUN_004b6540;6;0;0
0x004b6550;FUN_004b6550;39;0;2
0x004b65d0;FUN_004b65d0;6;0;0
0x004b65e0;FUN_004b65e0;37;0;2
0x004b6630;FUN_004b6630;36;0;2
0x004b6660;FUN_004b6660;6;0;0
0x004b6670;FUN_004b6670;39;0;2
0x004b66f0;FUN_004b66f0;6;0;0
0x004b6700;FUN_004b6700;37;0;2
0x004b6750;FUN_004b6750;36;0;2
0x004b6780;FUN_004b6780;6;0;0
0x004b6790;FUN_004b6790;39;0;2
0x004b6810;FUN_004b6810;6;0;0
0x004b6820;FUN_004b6820;37;0;2
0x004b6870;FUN_004b6870;36;0;2
0x004b68a0;FUN_004b68a0;6;0;0
0x004b68b0;FUN_004b68b0;39;0;2
0x004b6930;FUN_004b6930;6;0;0
0x004b6940;FUN_004b6940;37;0;2
0x004b6990;FUN_004b6990;36;0;2
0x004b69c0;FUN_004b69c0;6;0;0
0x004b69d0;FUN_004b69d0;39;0;2
0x004b6a50;FUN_004b6a50;6;0;0
0x004b6a60;FUN_004b6a60;37;0;2
0x004b6ab0;FUN_004b6ab0;36;0;2
0x004b6ae0;FUN_004b6ae0;6;0;0
0x004b6af0;FUN_004b6af0;105;2;3
0x004b6b60;FUN_004b6b60;39;0;2
0x004b6be0;FUN_004b6be0;6;0;0
0x004b6bf0;FUN_004b6bf0;37;0;2
0x004b6c40;FUN_004b6c40;36;0;2
0x004b6c70;FUN_004b6c70;6;0;0
0x004b6c80;NOD_Message__Allocate_113;136;2;3
0x004b6d10;FUN_004b6d10;39;0;2
0x004b6d90;FUN_004b6d90;6;0;0
0x004b6da0;FUN_004b6da0;37;0;2
0x004b6df0;FUN_004b6df0;36;0;2
0x004b6e20;FUN_004b6e20;6;0;0
0x004b6e30;FUN_004b6e30;33;0;0
0x004b6e60;FUN_004b6e60;39;0;2
0x004b6ee0;FUN_004b6ee0;6;0;0
0x004b6ef0;FUN_004b6ef0;37;0;2
0x004b6f40;FUN_004b6f40;36;0;2
0x004b6f70;FUN_004b6f70;6;0;0
0x004b6f80;FUN_004b6f80;33;0;0
0x004b6fb0;FUN_004b6fb0;39;0;2
0x004b7030;FUN_004b7030;6;0;0
0x004b7040;FUN_004b7040;37;0;2
0x004b7090;FUN_004b7090;36;0;2
0x004b70c0;FUN_004b70c0;6;0;0
0x004b70d0;FUN_004b70d0;25;0;0
0x004b70f0;FUN_004b70f0;39;0;2
0x004b7170;FUN_004b7170;6;0;0
0x004b7180;FUN_004b7180;37;0;2
0x004b71d0;FUN_004b71d0;36;0;2
0x004b7200;FUN_004b7200;39;0;2
0x004b7280;FUN_004b7280;6;0;0
0x004b7290;FUN_004b7290;37;0;2
0x004b72e0;FUN_004b72e0;36;0;2
0x004b7310;FUN_004b7310;39;0;2
0x004b7390;FUN_004b7390;6;0;0
0x004b73a0;FUN_004b73a0;37;0;2
0x004b73f0;FUN_004b73f0;36;0;2
0x004b7420;FUN_004b7420;6;0;0
0x004b7430;NOD_Message__Allocate_145;250;1;3
0x004b7530;FUN_004b7530;39;0;2
0x004b75b0;FUN_004b75b0;6;0;0
0x004b75c0;FUN_004b75c0;37;0;2
0x004b7610;FUN_004b7610;36;0;2
0x004b7640;FUN_004b7640;6;0;0
0x004b7650;FUN_004b7650;39;0;2
0x004b76d0;FUN_004b76d0;6;0;0
0x004b76e0;FUN_004b76e0;37;0;2
0x004b7730;FUN_004b7730;36;0;2
0x004b7760;FUN_004b7760;6;0;0
0x004b7770;FUN_004b7770;75;1;2
0x004b77c0;FUN_004b77c0;39;0;2
0x004b7840;FUN_004b7840;6;0;0
0x004b7850;FUN_004b7850;37;0;2
0x004b78a0;FUN_004b78a0;36;0;2
0x004b78d0;FUN_004b78d0;6;0;0
0x004b78e0;FUN_004b78e0;75;1;2
0x004b7930;FUN_004b7930;39;0;2
0x004b79b0;FUN_004b79b0;6;0;0
0x004b79c0;FUN_004b79c0;37;0;2
0x004b7a10;FUN_004b7a10;36;0;2
0x004b7a40;FUN_004b7a40;6;0;0
0x004b7a50;FUN_004b7a50;75;1;2
0x004b7aa0;FUN_004b7aa0;39;0;2
0x004b7b20;FUN_004b7b20;6;0;0
0x004b7b30;FUN_004b7b30;37;0;2
0x004b7b80;FUN_004b7b80;36;0;2
0x004b7bb0;FUN_004b7bb0;6;0;0
0x004b7bc0;FUN_004b7bc0;75;1;2
0x004b7c10;FUN_004b7c10;39;0;2
0x004b7c90;FUN_004b7c90;6;0;0
0x004b7ca0;FUN_004b7ca0;37;0;2
0x004b7cf0;FUN_004b7cf0;36;0;2
0x004b7d20;FUN_004b7d20;6;0;0
0x004b7d30;FUN_004b7d30;75;1;2
0x004b7d80;FUN_004b7d80;39;0;2
0x004b7e00;FUN_004b7e00;6;0;0
0x004b7e10;FUN_004b7e10;37;0;2
0x004b7e60;FUN_004b7e60;36;0;2
0x004b7e90;FUN_004b7e90;6;0;0
0x004b7ea0;FUN_004b7ea0;75;1;2
0x004b7ef0;FUN_004b7ef0;39;0;2
0x004b7f70;FUN_004b7f70;6;0;0
0x004b7f80;FUN_004b7f80;37;0;2
0x004b7fd0;FUN_004b7fd0;36;0;2
0x004b8000;FUN_004b8000;6;0;0
0x004b8010;NOD_Message__Allocate_127;123;1;3
0x004b8090;FUN_004b8090;39;0;2
0x004b8110;FUN_004b8110;6;0;0
0x004b8120;FUN_004b8120;37;0;2
0x004b8170;FUN_004b8170;36;0;2
0x004b81a0;FUN_004b81a0;6;0;0
0x004b81b0;FUN_004b81b0;75;1;2
0x004b8200;FUN_004b8200;39;0;2
0x004b8280;FUN_004b8280;6;0;0
0x004b8290;FUN_004b8290;37;0;2
0x004b82e0;FUN_004b82e0;36;0;2
0x004b8310;FUN_004b8310;6;0;0
0x004b8320;FUN_004b8320;39;0;2
0x004b83a0;FUN_004b83a0;6;0;0
0x004b83b0;FUN_004b83b0;37;0;2
0x004b8400;FUN_004b8400;36;0;2
0x004b8430;FUN_004b8430;6;0;0
0x004b8440;FUN_004b8440;39;0;2
0x004b84c0;FUN_004b84c0;6;0;0
0x004b84d0;FUN_004b84d0;37;0;2
0x004b8520;FUN_004b8520;36;0;2
0x004b8550;FUN_004b8550;6;0;0
0x004b8560;NOD_Message__Allocate_87;123;1;3
0x004b85e0;FUN_004b85e0;39;0;2
0x004b8660;FUN_004b8660;6;0;0
0x004b8670;FUN_004b8670;37;0;2
0x004b86c0;FUN_004b86c0;36;0;2
0x004b86f0;FUN_004b86f0;6;0;0
0x004b8700;FUN_004b8700;33;0;0
0x004b8730;FUN_004b8730;39;0;2
0x004b87b0;FUN_004b87b0;6;0;0
0x004b87c0;FUN_004b87c0;37;0;2
0x004b8810;FUN_004b8810;36;0;2
0x004b8840;FUN_004b8840;6;0;0
0x004b8850;FUN_004b8850;39;0;2
0x004b88d0;FUN_004b88d0;6;0;0
0x004b88e0;FUN_004b88e0;37;0;2
0x004b8930;FUN_004b8930;36;0;2
0x004b8960;FUN_004b8960;6;0;0
0x004b8970;NOD_Message__Allocate_102;84;3;2
0x004b89d0;FUN_004b89d0;39;0;2
0x004b8a50;FUN_004b8a50;6;0;0
0x004b8a60;FUN_004b8a60;37;0;2
0x004b8ab0;FUN_004b8ab0;36;0;2
0x004b8ae0;FUN_004b8ae0;6;0;0
0x004b8af0;FUN_004b8af0;39;0;2
0x004b8b70;FUN_004b8b70;6;0;0
0x004b8b80;FUN_004b8b80;37;0;2
0x004b8bd0;FUN_004b8bd0;36;0;2
0x004b8c00;FUN_004b8c00;6;0;0
0x004b8c10;FUN_004b8c10;105;1;3
0x004b8c80;FUN_004b8c80;39;0;2
0x004b8d00;FUN_004b8d00;6;0;0
0x004b8d10;FUN_004b8d10;37;0;2
0x004b8d60;FUN_004b8d60;36;0;2
0x004b8d90;FUN_004b8d90;6;0;0
0x004b8da0;FUN_004b8da0;100;1;3
0x004b8e10;FUN_004b8e10;39;0;2
0x004b8e90;FUN_004b8e90;6;0;0
0x004b8ea0;FUN_004b8ea0;37;0;2
0x004b8ef0;FUN_004b8ef0;36;0;2
0x004b8f20;FUN_004b8f20;6;0;0
0x004b8f30;FUN_004b8f30;111;1;3
0x004b8fa0;FUN_004b8fa0;39;0;2
0x004b9020;FUN_004b9020;6;0;0
0x004b9030;FUN_004b9030;37;0;2
0x004b9080;FUN_004b9080;36;0;2
0x004b90b0;FUN_004b90b0;6;0;0
0x004b90c0;NOD_Message__Allocate_128;95;1;3
0x004b9120;FUN_004b9120;44;0;0
0x004b9150;FUN_004b9150;39;0;2
0x004b91d0;FUN_004b91d0;6;0;0
0x004b91e0;FUN_004b91e0;37;0;2
0x004b9230;FUN_004b9230;36;0;2
0x004b9260;FUN_004b9260;6;0;0
0x004b9270;NOD_Message__Allocate_136;106;1;3
0x004b92e0;FUN_004b92e0;45;0;0
0x004b9320;FUN_004b9320;39;0;2
0x004b93a0;FUN_004b93a0;6;0;0
0x004b93b0;FUN_004b93b0;37;0;2
0x004b9400;FUN_004b9400;36;0;2
0x004b9430;FUN_004b9430;6;0;0
0x004b9440;NOD_Message__Allocate_141;218;1;1
0x004b9520;FUN_004b9520;33;0;0
0x004b9550;FUN_004b9550;39;0;2
0x004b95d0;FUN_004b95d0;6;0;0
0x004b95e0;FUN_004b95e0;37;0;2
0x004b9630;FUN_004b9630;36;0;2
0x004b9660;FUN_004b9660;6;0;0
0x004b9670;FUN_004b9670;75;1;2
0x004b96c0;FUN_004b96c0;39;0;2
0x004b9740;FUN_004b9740;6;0;0
0x004b9750;FUN_004b9750;37;0;2
0x004b97a0;FUN_004b97a0;36;0;2
0x004b97d0;FUN_004b97d0;6;0;0
0x004b97e0;FUN_004b97e0;39;0;2
0x004b9860;FUN_004b9860;6;0;0
0x004b9870;FUN_004b9870;37;0;2
0x004b98c0;FUN_004b98c0;36;0;2
0x004b98f0;FUN_004b98f0;6;0;0
0x004b9900;FUN_004b9900;73;1;1
0x004b9950;FUN_004b9950;29;0;0
0x004b9990;FUN_004b9990;39;0;2
0x004b9a10;FUN_004b9a10;6;0;0
0x004b9a20;FUN_004b9a20;37;0;2
0x004b9a70;FUN_004b9a70;36;0;2
0x004b9aa0;FUN_004b9aa0;6;0;0
0x004b9ab0;FUN_004b9ab0;39;0;2
0x004b9b30;FUN_004b9b30;6;0;0
0x004b9b40;FUN_004b9b40;37;0;2
0x004b9b90;FUN_004b9b90;36;0;2
0x004b9bc0;FUN_004b9bc0;6;0;0
0x004b9bd0;FUN_004b9bd0;39;0;2
0x004b9c50;FUN_004b9c50;6;0;0
0x004b9c60;FUN_004b9c60;37;0;2
0x004b9cb0;FUN_004b9cb0;36;0;2
0x004b9ce0;FUN_004b9ce0;6;0;0
0x004b9cf0;FUN_004b9cf0;39;0;2
0x004b9d70;FUN_004b9d70;6;0;0
0x004b9d80;FUN_004b9d80;37;0;2
0x004b9dd0;FUN_004b9dd0;36;0;2
0x004b9e00;FUN_004b9e00;6;0;0
0x004b9e10;NOD_Message__Allocate_121;112;1;1
0x004b9e80;FUN_004b9e80;33;0;0
0x004b9eb0;FUN_004b9eb0;39;0;2
0x004b9f30;FUN_004b9f30;6;0;0
0x004b9f40;FUN_004b9f40;37;0;2
0x004b9f90;FUN_004b9f90;36;0;2
0x004b9fc0;FUN_004b9fc0;6;0;0
0x004b9fd0;FUN_004b9fd0;75;1;2
0x004ba020;FUN_004ba020;39;0;2
0x004ba0a0;FUN_004ba0a0;6;0;0
0x004ba0b0;FUN_004ba0b0;37;0;2
0x004ba100;FUN_004ba100;36;0;2
0x004ba130;FUN_004ba130;6;0;0
0x004ba140;NOD_Message__Allocate_131;72;1;2
0x004ba190;FUN_004ba190;33;0;0
0x004ba1c0;FUN_004ba1c0;39;0;2
0x004ba240;FUN_004ba240;6;0;0
0x004ba250;FUN_004ba250;37;0;2
0x004ba2a0;FUN_004ba2a0;36;0;2
0x004ba2d0;FUN_004ba2d0;6;0;0
0x004ba2e0;FUN_004ba2e0;75;1;2
0x004ba330;FUN_004ba330;39;0;2
0x004ba3b0;FUN_004ba3b0;6;0;0
0x004ba3c0;FUN_004ba3c0;37;0;2
0x004ba410;FUN_004ba410;36;0;2
0x004ba440;FUN_004ba440;6;0;0
0x004ba450;FUN_004ba450;75;1;2
0x004ba4a0;FUN_004ba4a0;39;0;2
0x004ba520;FUN_004ba520;6;0;0
0x004ba530;FUN_004ba530;37;0;2
0x004ba580;FUN_004ba580;36;0;2
0x004ba5b0;FUN_004ba5b0;6;0;0
0x004ba5c0;FUN_004ba5c0;39;0;2
0x004ba640;FUN_004ba640;6;0;0
0x004ba650;FUN_004ba650;37;0;2
0x004ba6a0;FUN_004ba6a0;36;0;2
0x004ba6d0;FUN_004ba6d0;6;0;0
0x004ba6e0;NOD_Message__Allocate_94;58;40;1
0x004ba720;FUN_004ba720;39;0;2
0x004ba7a0;FUN_004ba7a0;6;0;0
0x004ba7b0;FUN_004ba7b0;37;0;2
0x004ba800;FUN_004ba800;36;0;2
0x004ba830;FUN_004ba830;6;0;0
0x004ba840;FUN_004ba840;39;0;2
0x004ba8c0;FUN_004ba8c0;6;0;0
0x004ba8d0;FUN_004ba8d0;37;0;2
0x004ba920;FUN_004ba920;36;0;2
0x004ba950;FUN_004ba950;6;0;0
0x004ba960;FUN_004ba960;39;0;2
0x004ba9e0;FUN_004ba9e0;6;0;0
0x004ba9f0;FUN_004ba9f0;37;0;2
0x004baa40;FUN_004baa40;36;0;2
0x004baa70;FUN_004baa70;6;0;0
0x004baa80;FUN_004baa80;39;0;2
0x004bab00;FUN_004bab00;6;0;0
0x004bab10;FUN_004bab10;37;0;2
0x004bab60;FUN_004bab60;36;0;2
0x004bab90;FUN_004bab90;6;0;0
0x004baba0;FUN_004baba0;39;0;2
0x004bac20;FUN_004bac20;6;0;0
0x004bac30;FUN_004bac30;37;0;2
0x004bac80;FUN_004bac80;36;0;2
0x004bacb0;FUN_004bacb0;6;0;0
0x004bacc0;NOD_Message__Allocate_112;144;1;3
0x004bad50;FUN_004bad50;39;0;2
0x004badd0;FUN_004badd0;6;0;0
0x004bade0;FUN_004bade0;37;0;2
0x004bae30;FUN_004bae30;36;0;2
0x004bae60;FUN_004bae60;6;0;0
0x004bae70;FUN_004bae70;39;0;2
0x004baef0;FUN_004baef0;6;0;0
0x004baf00;FUN_004baf00;37;0;2
0x004baf50;FUN_004baf50;36;0;2
0x004baf80;FUN_004baf80;6;0;0
0x004baf90;NOD_Message__Allocate_73;164;9;1
0x004bb040;NOD_Message__Allocate_126;410;1;3
0x004bb1e0;FUN_004bb1e0;25;0;0
0x004bb200;FUN_004bb200;39;0;2
0x004bb280;FUN_004bb280;6;0;0
0x004bb290;FUN_004bb290;37;0;2
0x004bb2e0;FUN_004bb2e0;36;0;2
0x004bb310;FUN_004bb310;6;0;0
0x004bb320;FUN_004bb320;39;0;2
0x004bb3a0;FUN_004bb3a0;6;0;0
0x004bb3b0;FUN_004bb3b0;37;0;2
0x004bb400;FUN_004bb400;36;0;2
0x004bb430;FUN_004bb430;6;0;0
0x004bb440;FUN_004bb440;39;0;2
0x004bb4c0;FUN_004bb4c0;6;0;0
0x004bb4d0;FUN_004bb4d0;37;0;2
0x004bb520;FUN_004bb520;36;0;2
0x004bb550;FUN_004bb550;6;0;0
0x004bb560;FUN_004bb560;39;0;2
0x004bb5e0;FUN_004bb5e0;6;0;0
0x004bb5f0;FUN_004bb5f0;37;0;2
0x004bb640;FUN_004bb640;36;0;2
0x004bb670;FUN_004bb670;6;0;0
0x004bb680;FUN_004bb680;39;0;2
0x004bb700;FUN_004bb700;6;0;0
0x004bb710;FUN_004bb710;37;0;2
0x004bb760;FUN_004bb760;36;0;2
0x004bb790;FUN_004bb790;6;0;0
0x004bb7a0;FUN_004bb7a0;17;0;0
0x004bb7c0;FUN_004bb7c0;39;0;2
0x004bb840;FUN_004bb840;6;0;0
0x004bb850;FUN_004bb850;37;0;2
0x004bb8a0;FUN_004bb8a0;36;0;2
0x004bb8d0;FUN_004bb8d0;6;0;0
0x004bb8e0;FUN_004bb8e0;39;0;2
0x004bb960;FUN_004bb960;6;0;0
0x004bb970;FUN_004bb970;37;0;2
0x004bb9c0;FUN_004bb9c0;36;0;2
0x004bb9f0;FUN_004bb9f0;6;0;0
0x004bba00;FUN_004bba00;37;0;0
0x004bba40;FUN_004bba40;39;0;2
0x004bbac0;FUN_004bbac0;6;0;0
0x004bbad0;FUN_004bbad0;37;0;2
0x004bbb20;FUN_004bbb20;36;0;2
0x004bbb50;FUN_004bbb50;6;0;0
0x004bbb60;NOD_Message__Allocate_13;84;4;2
0x004bbbc0;FUN_004bbbc0;39;0;2
0x004bbc40;FUN_004bbc40;6;0;0
0x004bbc50;FUN_004bbc50;37;0;2
0x004bbca0;FUN_004bbca0;36;0;2
0x004bbcd0;FUN_004bbcd0;6;0;0
0x004bbce0;FUN_004bbce0;39;0;2
0x004bbd60;FUN_004bbd60;6;0;0
0x004bbd70;FUN_004bbd70;37;0;2
0x004bbdc0;FUN_004bbdc0;36;0;2
0x004bbdf0;FUN_004bbdf0;6;0;0
0x004bbe00;FUN_004bbe00;39;0;2
0x004bbe80;FUN_004bbe80;6;0;0
0x004bbe90;FUN_004bbe90;37;0;2
0x004bbee0;FUN_004bbee0;36;0;2
0x004bbf10;FUN_004bbf10;6;0;0
0x004bbf20;FUN_004bbf20;33;0;0
0x004bbf50;FUN_004bbf50;39;0;2
0x004bbfd0;FUN_004bbfd0;6;0;0
0x004bbfe0;FUN_004bbfe0;37;0;2
0x004bc030;FUN_004bc030;36;0;2
0x004bc060;FUN_004bc060;6;0;0
0x004bc070;FUN_004bc070;39;0;2
0x004bc0f0;FUN_004bc0f0;6;0;0
0x004bc100;FUN_004bc100;37;0;2
0x004bc150;FUN_004bc150;36;0;2
0x004bc180;FUN_004bc180;6;0;0
0x004bc190;FUN_004bc190;39;0;2
0x004bc210;FUN_004bc210;6;0;0
0x004bc220;FUN_004bc220;37;0;2
0x004bc270;FUN_004bc270;36;0;2
0x004bc2a0;FUN_004bc2a0;6;0;0
0x004bc2b0;FUN_004bc2b0;39;0;2
0x004bc330;FUN_004bc330;6;0;0
0x004bc340;FUN_004bc340;37;0;2
0x004bc390;FUN_004bc390;36;0;2
0x004bc3c0;FUN_004bc3c0;6;0;0
0x004bc3d0;FUN_004bc3d0;75;1;2
0x004bc420;FUN_004bc420;39;0;2
0x004bc4a0;FUN_004bc4a0;6;0;0
0x004bc4b0;FUN_004bc4b0;37;0;2
0x004bc500;FUN_004bc500;36;0;2
0x004bc530;FUN_004bc530;6;0;0
0x004bc540;FUN_004bc540;39;0;2
0x004bc5c0;FUN_004bc5c0;6;0;0
0x004bc5d0;FUN_004bc5d0;37;0;2
0x004bc620;FUN_004bc620;36;0;2
0x004bc650;FUN_004bc650;6;0;0
0x004bc660;FUN_004bc660;39;0;2
0x004bc6e0;FUN_004bc6e0;6;0;0
0x004bc6f0;FUN_004bc6f0;37;0;2
0x004bc740;FUN_004bc740;36;0;2
0x004bc770;FUN_004bc770;6;0;0
0x004bc780;FUN_004bc780;40;1;2
0x004bc7b0;FUN_004bc7b0;33;0;0
0x004bc7e0;NOD_Message__Allocate_96;136;1;3
0x004bc870;FUN_004bc870;39;0;2
0x004bc8f0;FUN_004bc8f0;6;0;0
0x004bc900;FUN_004bc900;37;0;2
0x004bc950;FUN_004bc950;36;0;2
0x004bc980;FUN_004bc980;6;0;0
0x004bc990;FUN_004bc990;139;1;3
0x004bca20;FUN_004bca20;39;0;2
0x004bcaa0;FUN_004bcaa0;6;0;0
0x004bcab0;FUN_004bcab0;37;0;2
0x004bcb00;FUN_004bcb00;36;0;2
0x004bcb30;FUN_004bcb30;6;0;0
0x004bcb40;NOD_Message__Allocate_58;136;1;3
0x004bcbd0;FUN_004bcbd0;39;0;2
0x004bcc50;FUN_004bcc50;6;0;0
0x004bcc60;FUN_004bcc60;37;0;2
0x004bccb0;FUN_004bccb0;36;0;2
0x004bcce0;FUN_004bcce0;6;0;0
0x004bccf0;FUN_004bccf0;139;1;3
0x004bcd80;FUN_004bcd80;39;0;2
0x004bce00;FUN_004bce00;6;0;0
0x004bce10;FUN_004bce10;37;0;2
0x004bce60;FUN_004bce60;36;0;2
0x004bce90;FUN_004bce90;6;0;0
0x004bcea0;NOD_Message__Allocate_70;138;1;3
0x004bcf30;FUN_004bcf30;17;0;0
0x004bcf50;FUN_004bcf50;39;0;2
0x004bcfd0;FUN_004bcfd0;6;0;0
0x004bcfe0;FUN_004bcfe0;37;0;2
0x004bd030;FUN_004bd030;36;0;2
0x004bd060;FUN_004bd060;6;0;0
0x004bd070;NOD_Message__Allocate_25;136;1;3
0x004bd100;FUN_004bd100;39;0;2
0x004bd180;FUN_004bd180;6;0;0
0x004bd190;FUN_004bd190;37;0;2
0x004bd1e0;FUN_004bd1e0;36;0;2
0x004bd210;FUN_004bd210;6;0;0
0x004bd220;NOD_Message__Allocate_31;136;1;3
0x004bd2b0;FUN_004bd2b0;39;0;2
0x004bd330;FUN_004bd330;6;0;0
0x004bd340;FUN_004bd340;37;0;2
0x004bd390;FUN_004bd390;36;0;2
0x004bd3c0;FUN_004bd3c0;6;0;0
0x004bd3d0;FUN_004bd3d0;139;1;3
0x004bd460;FUN_004bd460;39;0;2
0x004bd4e0;FUN_004bd4e0;6;0;0
0x004bd4f0;FUN_004bd4f0;37;0;2
0x004bd540;FUN_004bd540;36;0;2
0x004bd570;FUN_004bd570;6;0;0
0x004bd580;NOD_Message__Allocate_41;144;1;3
0x004bd610;FUN_004bd610;39;0;2
0x004bd690;FUN_004bd690;6;0;0
0x004bd6a0;FUN_004bd6a0;37;0;2
0x004bd6f0;FUN_004bd6f0;36;0;2
0x004bd720;FUN_004bd720;6;0;0
0x004bd730;FUN_004bd730;39;0;2
0x004bd7b0;FUN_004bd7b0;6;0;0
0x004bd7c0;FUN_004bd7c0;37;0;2
0x004bd810;FUN_004bd810;36;0;2
0x004bd840;FUN_004bd840;6;0;0
0x004bd850;FUN_004bd850;39;0;2
0x004bd8d0;FUN_004bd8d0;6;0;0
0x004bd8e0;FUN_004bd8e0;37;0;2
0x004bd930;FUN_004bd930;36;0;2
0x004bd960;FUN_004bd960;6;0;0
0x004bd970;NOD_Message__Allocate_103;137;1;3
0x004bda00;FUN_004bda00;39;0;2
0x004bda80;FUN_004bda80;6;0;0
0x004bda90;FUN_004bda90;37;0;2
0x004bdae0;FUN_004bdae0;36;0;2
0x004bdb10;FUN_004bdb10;6;0;0
0x004bdb20;FUN_004bdb20;39;0;2
0x004bdba0;FUN_004bdba0;6;0;0
0x004bdbb0;FUN_004bdbb0;37;0;2
0x004bdc00;FUN_004bdc00;36;0;2
0x004bdc30;FUN_004bdc30;6;0;0
0x004bdc40;NOD_Message__Allocate_110;428;3;1
0x004bddf0;FUN_004bddf0;37;0;0
0x004bde30;FUN_004bde30;39;0;2
0x004bdeb0;FUN_004bdeb0;6;0;0
0x004bdec0;FUN_004bdec0;37;0;2
0x004bdf10;FUN_004bdf10;36;0;2
0x004bdf40;FUN_004bdf40;6;0;0
0x004bdf50;FUN_004bdf50;39;0;2
0x004bdfd0;FUN_004bdfd0;6;0;0
0x004bdfe0;FUN_004bdfe0;37;0;2
0x004be030;FUN_004be030;36;0;2
0x004be060;FUN_004be060;6;0;0
0x004be070;FUN_004be070;39;0;2
0x004be0f0;FUN_004be0f0;6;0;0
0x004be100;FUN_004be100;37;0;2
0x004be150;FUN_004be150;36;0;2
0x004be180;FUN_004be180;6;0;0
0x004be190;FUN_004be190;29;8;1
0x004be1b0;FUN_004be1b0;39;0;2
0x004be230;FUN_004be230;6;0;0
0x004be240;FUN_004be240;37;0;2
0x004be290;FUN_004be290;36;0;2
0x004be2c0;FUN_004be2c0;6;0;0
0x004be2d0;FUN_004be2d0;39;0;2
0x004be350;FUN_004be350;6;0;0
0x004be360;FUN_004be360;37;0;2
0x004be3b0;FUN_004be3b0;36;0;2
0x004be3e0;FUN_004be3e0;6;0;0
0x004be3f0;FUN_004be3f0;39;0;2
0x004be470;FUN_004be470;6;0;0
0x004be480;FUN_004be480;37;0;2
0x004be4d0;FUN_004be4d0;36;0;2
0x004be500;FUN_004be500;6;0;0
0x004be510;FUN_004be510;39;0;2
0x004be590;FUN_004be590;6;0;0
0x004be5a0;FUN_004be5a0;37;0;2
0x004be5f0;FUN_004be5f0;36;0;2
0x004be620;FUN_004be620;6;0;0
0x004be630;FUN_004be630;75;1;2
0x004be680;FUN_004be680;39;0;2
0x004be700;FUN_004be700;6;0;0
0x004be710;FUN_004be710;37;0;2
0x004be760;FUN_004be760;36;0;2
0x004be790;FUN_004be790;6;0;0
0x004be7a0;FUN_004be7a0;39;0;2
0x004be820;FUN_004be820;6;0;0
0x004be830;FUN_004be830;37;0;2
0x004be880;FUN_004be880;36;0;2
0x004be8b0;FUN_004be8b0;6;0;0
0x004be8c0;FUN_004be8c0;39;0;2
0x004be940;FUN_004be940;6;0;0
0x004be950;FUN_004be950;37;0;2
0x004be9a0;FUN_004be9a0;36;0;2
0x004be9d0;FUN_004be9d0;6;0;0
0x004be9e0;FUN_004be9e0;39;0;2
0x004bea60;FUN_004bea60;6;0;0
0x004bea70;FUN_004bea70;37;0;2
0x004beac0;FUN_004beac0;36;0;2
0x004beaf0;FUN_004beaf0;6;0;0
0x004beb00;FUN_004beb00;105;1;3
0x004beb70;FUN_004beb70;39;0;2
0x004bebf0;FUN_004bebf0;6;0;0
0x004bec00;FUN_004bec00;37;0;2
0x004bec50;FUN_004bec50;36;0;2
0x004bec80;FUN_004bec80;6;0;0
0x004bec90;NOD_Message__Allocate_64;58;13;1
0x004becd0;FUN_004becd0;39;0;2
0x004bed50;FUN_004bed50;6;0;0
0x004bed60;FUN_004bed60;37;0;2
0x004bedb0;FUN_004bedb0;36;0;2
0x004bede0;FUN_004bede0;6;0;0
0x004bedf0;NOD_Message__Allocate_116;137;1;3
0x004bee80;FUN_004bee80;39;0;2
0x004bef00;FUN_004bef00;6;0;0
0x004bef10;FUN_004bef10;37;0;2
0x004bef60;FUN_004bef60;36;0;2
0x004bef90;FUN_004bef90;6;0;0
0x004befa0;FUN_004befa0;39;0;2
0x004bf020;FUN_004bf020;6;0;0
0x004bf030;FUN_004bf030;37;0;2
0x004bf080;FUN_004bf080;36;0;2
0x004bf0b0;FUN_004bf0b0;6;0;0
0x004bf0c0;NOD_Message__Allocate_129;137;1;3
0x004bf150;FUN_004bf150;39;0;2
0x004bf1d0;FUN_004bf1d0;6;0;0
0x004bf1e0;FUN_004bf1e0;37;0;2
0x004bf230;FUN_004bf230;36;0;2
0x004bf260;FUN_004bf260;6;0;0
0x004bf270;FUN_004bf270;39;0;2
0x004bf2f0;FUN_004bf2f0;6;0;0
0x004bf300;FUN_004bf300;37;0;2
0x004bf350;FUN_004bf350;36;0;2
0x004bf380;FUN_004bf380;6;0;0
0x004bf390;FUN_004bf390;139;0;3
0x004bf420;FUN_004bf420;39;0;2
0x004bf4a0;FUN_004bf4a0;6;0;0
0x004bf4b0;FUN_004bf4b0;37;0;2
0x004bf500;FUN_004bf500;36;0;2
0x004bf530;FUN_004bf530;6;0;0
0x004bf540;FUN_004bf540;39;0;2
0x004bf5c0;FUN_004bf5c0;6;0;0
0x004bf5d0;FUN_004bf5d0;37;0;2
0x004bf620;FUN_004bf620;36;0;2
0x004bf650;FUN_004bf650;6;0;0
0x004bf660;FUN_004bf660;39;0;2
0x004bf6e0;FUN_004bf6e0;6;0;0
0x004bf6f0;FUN_004bf6f0;37;0;2
0x004bf740;FUN_004bf740;36;0;2
0x004bf770;FUN_004bf770;6;0;0
0x004bf780;NOD_Message__Allocate_51;118;1;3
0x004bf800;FUN_004bf800;39;0;2
0x004bf880;FUN_004bf880;6;0;0
0x004bf890;FUN_004bf890;37;0;2
0x004bf8e0;FUN_004bf8e0;36;0;2
0x004bf910;FUN_004bf910;6;0;0
0x004bf920;FUN_004bf920;75;1;2
0x004bf970;FUN_004bf970;39;0;2
0x004bf9f0;FUN_004bf9f0;6;0;0
0x004bfa00;FUN_004bfa00;37;0;2
0x004bfa50;FUN_004bfa50;36;0;2
0x004bfa80;FUN_004bfa80;6;0;0
0x004bfa90;FUN_004bfa90;75;1;2
0x004bfae0;FUN_004bfae0;39;0;2
0x004bfb60;FUN_004bfb60;6;0;0
0x004bfb70;FUN_004bfb70;37;0;2
0x004bfbc0;FUN_004bfbc0;36;0;2
0x004bfbf0;FUN_004bfbf0;6;0;0
0x004bfc00;NOD_Message__Allocate_111;130;1;3
0x004bfc90;FUN_004bfc90;39;0;2
0x004bfd10;FUN_004bfd10;6;0;0
0x004bfd20;FUN_004bfd20;37;0;2
0x004bfd70;FUN_004bfd70;36;0;2
0x004bfda0;FUN_004bfda0;6;0;0
0x004bfdb0;NOD_Message__Allocate_120;130;1;3
0x004bfe40;FUN_004bfe40;39;0;2
0x004bfec0;FUN_004bfec0;6;0;0
0x004bfed0;FUN_004bfed0;37;0;2
0x004bff20;FUN_004bff20;36;0;2
0x004bff50;FUN_004bff50;6;0;0
0x004bff60;FUN_004bff60;105;5;3
0x004bffd0;FUN_004bffd0;39;0;2
0x004c0050;FUN_004c0050;6;0;0
0x004c0060;FUN_004c0060;37;0;2
0x004c00b0;FUN_004c00b0;36;0;2
0x004c00e0;FUN_004c00e0;6;0;0
0x004c00f0;FUN_004c00f0;105;5;3
0x004c0160;FUN_004c0160;39;0;2
0x004c01e0;FUN_004c01e0;6;0;0
0x004c01f0;FUN_004c01f0;37;0;2
0x004c0240;FUN_004c0240;36;0;2
0x004c0270;FUN_004c0270;6;0;0
0x004c0280;NOD_Message__Allocate_139;153;2;3
0x004c0320;FUN_004c0320;45;0;0
0x004c0360;FUN_004c0360;39;0;2
0x004c03e0;FUN_004c03e0;6;0;0
0x004c03f0;FUN_004c03f0;37;0;2
0x004c0440;FUN_004c0440;36;0;2
0x004c0470;FUN_004c0470;6;0;0
0x004c0480;NOD_Message__Allocate_86;214;3;5
0x004c0560;FUN_004c0560;45;0;0
0x004c05a0;FUN_004c05a0;39;0;2
0x004c0620;FUN_004c0620;6;0;0
0x004c0630;FUN_004c0630;37;0;2
0x004c0680;FUN_004c0680;36;0;2
0x004c06b0;FUN_004c06b0;6;0;0
0x004c06c0;NOD_Message__Allocate_93;230;3;3
0x004c07b0;FUN_004c07b0;36;0;0
0x004c07e0;FUN_004c07e0;39;0;2
0x004c0860;FUN_004c0860;6;0;0
0x004c0870;FUN_004c0870;37;0;2
0x004c08c0;FUN_004c08c0;36;0;2
0x004c08f0;FUN_004c08f0;6;0;0
0x004c0900;FUN_004c0900;105;5;3
0x004c0970;FUN_004c0970;17;0;0
0x004c0990;FUN_004c0990;39;0;2
0x004c0a10;FUN_004c0a10;6;0;0
0x004c0a20;FUN_004c0a20;37;0;2
0x004c0a70;FUN_004c0a70;36;0;2
0x004c0aa0;FUN_004c0aa0;6;0;0
0x004c0ab0;FUN_004c0ab0;39;0;2
0x004c0b30;FUN_004c0b30;6;0;0
0x004c0b40;FUN_004c0b40;37;0;2
0x004c0b90;FUN_004c0b90;36;0;2
0x004c0bc0;FUN_004c0bc0;6;0;0
0x004c0bd0;FUN_004c0bd0;29;0;0
0x004c0c00;FUN_004c0c00;39;0;2
0x004c0c80;FUN_004c0c80;6;0;0
0x004c0c90;FUN_004c0c90;37;0;2
0x004c0ce0;FUN_004c0ce0;36;0;2
0x004c0d10;FUN_004c0d10;6;0;0
0x004c0d20;FUN_004c0d20;29;0;0
0x004c0d50;FUN_004c0d50;39;0;2
0x004c0dd0;FUN_004c0dd0;6;0;0
0x004c0de0;FUN_004c0de0;37;0;2
0x004c0e30;FUN_004c0e30;36;0;2
0x004c0e60;FUN_004c0e60;6;0;0
0x004c0e70;FUN_004c0e70;29;0;0
0x004c0ea0;FUN_004c0ea0;39;0;2
0x004c0f20;FUN_004c0f20;6;0;0
0x004c0f30;FUN_004c0f30;37;0;2
0x004c0f80;FUN_004c0f80;36;0;2
0x004c0fb0;FUN_004c0fb0;6;0;0
0x004c0fc0;NOD_Message__Allocate_72;240;10;3
0x004c10b0;NOD_Message__Allocate_27;168;10;1
0x004c1160;FUN_004c1160;28;0;0
0x004c1180;FUN_004c1180;39;0;2
0x004c1200;FUN_004c1200;6;0;0
0x004c1210;FUN_004c1210;37;0;2
0x004c1260;FUN_004c1260;36;0;2
0x004c1290;FUN_004c1290;6;0;0
0x004c12a0;FUN_004c12a0;39;0;2
0x004c1320;FUN_004c1320;6;0;0
0x004c1330;FUN_004c1330;37;0;2
0x004c1380;FUN_004c1380;36;0;2
0x004c13b0;FUN_004c13b0;6;0;0
0x004c13c0;NOD_Message__Allocate_36;362;1;4
0x004c1530;FUN_004c1530;37;0;0
0x004c1570;FUN_004c1570;39;0;2
0x004c15f0;FUN_004c15f0;6;0;0
0x004c1600;FUN_004c1600;37;0;2
0x004c1650;FUN_004c1650;36;0;2
0x004c1680;FUN_004c1680;6;0;0
0x004c1690;NOD_Message__Allocate_46;362;3;4
0x004c1800;FUN_004c1800;37;0;0
0x004c1840;FUN_004c1840;39;0;2
0x004c18c0;FUN_004c18c0;6;0;0
0x004c18d0;FUN_004c18d0;37;0;2
0x004c1920;FUN_004c1920;36;0;2
0x004c1950;FUN_004c1950;6;0;0
0x004c1960;FUN_004c1960;39;0;2
0x004c19e0;FUN_004c19e0;6;0;0
0x004c19f0;FUN_004c19f0;37;0;2
0x004c1a40;FUN_004c1a40;36;0;2
0x004c1a70;FUN_004c1a70;6;0;0
0x004c1a80;FUN_004c1a80;39;0;2
0x004c1b00;FUN_004c1b00;6;0;0
0x004c1b10;FUN_004c1b10;37;0;2
0x004c1b60;FUN_004c1b60;36;0;2
0x004c1b90;FUN_004c1b90;6;0;0
0x004c1ba0;FUN_004c1ba0;39;0;2
0x004c1c20;FUN_004c1c20;6;0;0
0x004c1c30;FUN_004c1c30;37;0;2
0x004c1c80;FUN_004c1c80;36;0;2
0x004c1cb0;FUN_004c1cb0;6;0;0
0x004c1cc0;NOD_Message__Allocate_15;362;1;4
0x004c1e30;NOD_Message__Allocate_123;306;3;2
0x004c1f70;FUN_004c1f70;37;0;0
0x004c2030;FUN_004c2030;6;0;0
0x004c2040;FUN_004c2040;37;0;2
0x004c2090;FUN_004c2090;36;0;2
0x004c20c0;FUN_004c20c0;6;0;0
0x004c20d0;NOD_Message__Allocate_75;694;1;2
0x004c2390;FUN_004c2390;29;0;0
0x004c23d0;FUN_004c23d0;39;0;2
0x004c2450;FUN_004c2450;6;0;0
0x004c2460;FUN_004c2460;37;0;2
0x004c24b0;FUN_004c24b0;36;0;2
0x004c24e0;FUN_004c24e0;6;0;0
0x004c24f0;FUN_004c24f0;39;0;2
0x004c2570;FUN_004c2570;6;0;0
0x004c2580;FUN_004c2580;37;0;2
0x004c25d0;FUN_004c25d0;36;0;2
0x004c2600;FUN_004c2600;6;0;0
0x004c2610;FUN_004c2610;39;0;2
0x004c2690;FUN_004c2690;6;0;0
0x004c26a0;FUN_004c26a0;37;0;2
0x004c26f0;FUN_004c26f0;36;0;2
0x004c2720;FUN_004c2720;6;0;0
0x004c2730;NOD_Message__Allocate_95;250;1;3
0x004c2830;FUN_004c2830;39;0;2
0x004c28b0;FUN_004c28b0;6;0;0
0x004c28c0;FUN_004c28c0;37;0;2
0x004c2910;FUN_004c2910;36;0;2
0x004c2940;FUN_004c2940;6;0;0
0x004c2950;FUN_004c2950;39;0;2
0x004c29d0;FUN_004c29d0;6;0;0
0x004c29e0;FUN_004c29e0;37;0;2
0x004c2a30;FUN_004c2a30;36;0;2
0x004c2a60;FUN_004c2a60;6;0;0
0x004c2a70;NOD_Message__Allocate_56;392;3;3
0x004c2c00;NOD_Message__Allocate_63;320;5;1
0x004c2d40;FUN_004c2d40;39;0;2
0x004c2dc0;FUN_004c2dc0;6;0;0
0x004c2dd0;FUN_004c2dd0;37;0;2
0x004c2e20;FUN_004c2e20;36;0;2
0x004c2e50;FUN_004c2e50;6;0;0
0x004c2e60;FUN_004c2e60;39;0;2
0x004c2ee0;FUN_004c2ee0;6;0;0
0x004c2ef0;FUN_004c2ef0;37;0;2
0x004c2f40;FUN_004c2f40;36;0;2
0x004c2f70;FUN_004c2f70;6;0;0
0x004c2f80;FUN_004c2f80;39;0;2
0x004c3000;FUN_004c3000;6;0;0
0x004c3010;FUN_004c3010;37;0;2
0x004c3060;FUN_004c3060;36;0;2
0x004c3090;FUN_004c3090;6;0;0
0x004c30a0;NOD_Message__Allocate_130;167;1;3
0x004c3150;FUN_004c3150;39;0;2
0x004c31d0;FUN_004c31d0;6;0;0
0x004c31e0;FUN_004c31e0;37;0;2
0x004c3230;FUN_004c3230;36;0;2
0x004c3260;FUN_004c3260;6;0;0
0x004c3270;FUN_004c3270;33;0;0
0x004c32a0;FUN_004c32a0;39;0;2
0x004c3320;FUN_004c3320;6;0;0
0x004c3330;FUN_004c3330;37;0;2
0x004c3380;FUN_004c3380;36;0;2
0x004c33b0;FUN_004c33b0;6;0;0
0x004c33c0;NOD_Message__Allocate_37;144;1;3
0x004c3450;FUN_004c3450;39;0;2
0x004c34d0;FUN_004c34d0;6;0;0
0x004c34e0;FUN_004c34e0;37;0;2
0x004c3530;FUN_004c3530;36;0;2
0x004c3560;FUN_004c3560;6;0;0
0x004c3570;FUN_004c3570;39;0;2
0x004c35f0;FUN_004c35f0;6;0;0
0x004c3600;FUN_004c3600;37;0;2
0x004c3650;FUN_004c3650;36;0;2
0x004c3680;FUN_004c3680;6;0;0
0x004c3690;NOD_Message__Allocate_47;144;1;3
0x004c3720;FUN_004c3720;39;0;2
0x004c37a0;FUN_004c37a0;6;0;0
0x004c37b0;FUN_004c37b0;37;0;2
0x004c3800;FUN_004c3800;36;0;2
0x004c3830;FUN_004c3830;6;0;0
0x004c3840;FUN_004c3840;39;0;2
0x004c38c0;FUN_004c38c0;6;0;0
0x004c38d0;FUN_004c38d0;37;0;2
0x004c3920;FUN_004c3920;36;0;2
0x004c3950;FUN_004c3950;6;0;0
0x004c3960;NOD_Message__Allocate_7;144;1;3
0x004c39f0;FUN_004c39f0;39;0;2
0x004c3a70;FUN_004c3a70;6;0;0
0x004c3a80;FUN_004c3a80;37;0;2
0x004c3ad0;FUN_004c3ad0;36;0;2
0x004c3b00;FUN_004c3b00;6;0;0
0x004c3b10;FUN_004c3b10;39;0;2
0x004c3b90;FUN_004c3b90;6;0;0
0x004c3ba0;FUN_004c3ba0;37;0;2
0x004c3bf0;FUN_004c3bf0;36;0;2
0x004c3c20;FUN_004c3c20;6;0;0
0x004c3c30;FUN_004c3c30;39;0;2
0x004c3cb0;FUN_004c3cb0;6;0;0
0x004c3cc0;FUN_004c3cc0;37;0;2
0x004c3d10;FUN_004c3d10;36;0;2
0x004c3d40;FUN_004c3d40;6;0;0
0x004c3d50;FUN_004c3d50;75;1;2
0x004c3da0;FUN_004c3da0;39;0;2
0x004c3e20;FUN_004c3e20;6;0;0
0x004c3e30;FUN_004c3e30;37;0;2
0x004c3e80;FUN_004c3e80;36;0;2
0x004c3eb0;FUN_004c3eb0;6;0;0
0x004c3ec0;FUN_004c3ec0;39;0;2
0x004c3f40;FUN_004c3f40;6;0;0
0x004c3f50;FUN_004c3f50;37;0;2
0x004c3fa0;FUN_004c3fa0;36;0;2
0x004c3fd0;FUN_004c3fd0;6;0;0
0x004c3fe0;FUN_004c3fe0;39;0;2
0x004c4060;FUN_004c4060;6;0;0
0x004c4070;FUN_004c4070;37;0;2
0x004c40c0;FUN_004c40c0;36;0;2
0x004c40f0;FUN_004c40f0;6;0;0
0x004c4100;FUN_004c4100;71;1;2
0x004c4190;FUN_004c4190;39;0;2
0x004c4210;FUN_004c4210;6;0;0
0x004c4220;FUN_004c4220;37;0;2
0x004c4270;FUN_004c4270;36;0;2
0x004c42a0;FUN_004c42a0;6;0;0
0x004c42b0;FUN_004c42b0;39;0;2
0x004c4330;FUN_004c4330;6;0;0
0x004c4340;FUN_004c4340;37;0;2
0x004c4390;FUN_004c4390;36;0;2
0x004c43c0;FUN_004c43c0;6;0;0
0x004c43d0;FUN_004c43d0;39;0;2
0x004c4450;FUN_004c4450;6;0;0
0x004c4460;FUN_004c4460;37;0;2
0x004c44b0;FUN_004c44b0;36;0;2
0x004c44e0;FUN_004c44e0;6;0;0
0x004c44f0;NOD_Message__Allocate_148;130;1;3
0x004c4580;FUN_004c4580;39;0;2
0x004c4600;FUN_004c4600;6;0;0
0x004c4610;FUN_004c4610;37;0;2
0x004c4660;FUN_004c4660;36;0;2
0x004c4690;FUN_004c4690;6;0;0
0x004c46a0;FUN_004c46a0;39;0;2
0x004c4720;FUN_004c4720;6;0;0
0x004c4730;FUN_004c4730;37;0;2
0x004c4780;FUN_004c4780;36;0;2
0x004c47b0;FUN_004c47b0;6;0;0
0x004c47c0;FUN_004c47c0;39;0;2
0x004c4840;FUN_004c4840;6;0;0
0x004c4850;FUN_004c4850;37;0;2
0x004c48a0;FUN_004c48a0;36;0;2
0x004c48d0;FUN_004c48d0;6;0;0
0x004c48e0;NOD_Message__Allocate_100;130;1;3
0x004c4970;FUN_004c4970;39;0;2
0x004c49f0;FUN_004c49f0;6;0;0
0x004c4a00;FUN_004c4a00;37;0;2
0x004c4a50;FUN_004c4a50;36;0;2
0x004c4a80;FUN_004c4a80;6;0;0
0x004c4a90;FUN_004c4a90;37;0;0
0x004c4ad0;FUN_004c4ad0;39;0;2
0x004c4b50;FUN_004c4b50;6;0;0
0x004c4b60;FUN_004c4b60;37;0;2
0x004c4bb0;FUN_004c4bb0;36;0;2
0x004c4be0;FUN_004c4be0;6;0;0
0x004c4bf0;FUN_004c4bf0;75;1;2
0x004c4c40;FUN_004c4c40;39;0;2
0x004c4cc0;FUN_004c4cc0;6;0;0
0x004c4cd0;FUN_004c4cd0;37;0;2
0x004c4d20;FUN_004c4d20;36;0;2
0x004c4d50;FUN_004c4d50;6;0;0
0x004c4d60;FUN_004c4d60;75;1;2
0x004c4db0;FUN_004c4db0;39;0;2
0x004c4e30;FUN_004c4e30;6;0;0
0x004c4e40;FUN_004c4e40;37;0;2
0x004c4e90;FUN_004c4e90;36;0;2
0x004c4ec0;FUN_004c4ec0;6;0;0
0x004c4ed0;NOD_Message__Allocate_68;169;1;3
0x004c4f80;FUN_004c4f80;6;0;0
0x004c4f90;FUN_004c4f90;53;0;0
0x004c4ff0;FUN_004c4ff0;39;0;2
0x004c5070;FUN_004c5070;6;0;0
0x004c5080;FUN_004c5080;37;0;2
0x004c50d0;FUN_004c50d0;36;0;2
0x004c5100;FUN_004c5100;6;0;0
0x004c5110;FUN_004c5110;75;1;2
0x004c5160;FUN_004c5160;39;0;2
0x004c51e0;FUN_004c51e0;6;0;0
0x004c51f0;FUN_004c51f0;37;0;2
0x004c5240;FUN_004c5240;36;0;2
0x004c5270;FUN_004c5270;6;0;0
0x004c5280;FUN_004c5280;75;1;2
0x004c52d0;FUN_004c52d0;39;0;2
0x004c5350;FUN_004c5350;6;0;0
0x004c5360;FUN_004c5360;37;0;2
0x004c53b0;FUN_004c53b0;36;0;2
0x004c53e0;FUN_004c53e0;6;0;0
0x004c53f0;FUN_004c53f0;39;0;2
0x004c5470;FUN_004c5470;6;0;0
0x004c5480;FUN_004c5480;37;0;2
0x004c54d0;FUN_004c54d0;36;0;2
0x004c5500;FUN_004c5500;6;0;0
0x004c5510;FUN_004c5510;75;1;2
0x004c5560;FUN_004c5560;39;0;2
0x004c55e0;FUN_004c55e0;6;0;0
0x004c55f0;FUN_004c55f0;37;0;2
0x004c5640;FUN_004c5640;36;0;2
0x004c5670;FUN_004c5670;6;0;0
0x004c5680;FUN_004c5680;33;0;0
0x004c56b0;FUN_004c56b0;39;0;2
0x004c5730;FUN_004c5730;6;0;0
0x004c5740;FUN_004c5740;37;0;2
0x004c5790;FUN_004c5790;36;0;2
0x004c57c0;FUN_004c57c0;6;0;0
0x004c57d0;NOD_Message__Allocate_50;171;1;3
0x004c5880;NOD_Message__Allocate_4;115;2;1
0x004c5900;FUN_004c5900;25;0;0
0x004c5920;FUN_004c5920;39;0;2
0x004c59a0;FUN_004c59a0;6;0;0
0x004c59b0;FUN_004c59b0;37;0;2
0x004c5a00;FUN_004c5a00;36;0;2
0x004c5a30;FUN_004c5a30;6;0;0
0x004c5a40;NOD_Message__Allocate_9;111;14;1
0x004c5ab0;FUN_004c5ab0;33;0;0
0x004c5ae0;FUN_004c5ae0;39;0;2
0x004c5b60;FUN_004c5b60;6;0;0
0x004c5b70;FUN_004c5b70;37;0;2
0x004c5bc0;FUN_004c5bc0;36;0;2
0x004c5bf0;FUN_004c5bf0;6;0;0
0x004c5c00;FUN_004c5c00;39;0;2
0x004c5c80;FUN_004c5c80;6;0;0
0x004c5c90;FUN_004c5c90;37;0;2
0x004c5ce0;FUN_004c5ce0;36;0;2
0x004c5d10;FUN_004c5d10;6;0;0
0x004c5d20;FUN_004c5d20;39;0;2
0x004c5da0;FUN_004c5da0;6;0;0
0x004c5db0;FUN_004c5db0;37;0;2
0x004c5e00;FUN_004c5e00;36;0;2
0x004c5e30;FUN_004c5e30;6;0;0
0x004c5e40;FUN_004c5e40;39;0;2
0x004c5ec0;FUN_004c5ec0;6;0;0
0x004c5ed0;FUN_004c5ed0;37;0;2
0x004c5f20;FUN_004c5f20;36;0;2
0x004c5f50;FUN_004c5f50;6;0;0
0x004c5f60;FUN_004c5f60;39;0;2
0x004c5fe0;FUN_004c5fe0;6;0;0
0x004c5ff0;FUN_004c5ff0;37;0;2
0x004c6040;FUN_004c6040;36;0;2
0x004c6070;FUN_004c6070;6;0;0
0x004c6080;FUN_004c6080;75;2;2
0x004c60d0;FUN_004c60d0;39;0;2
0x004c6150;FUN_004c6150;6;0;0
0x004c6160;FUN_004c6160;37;0;2
0x004c61b0;FUN_004c61b0;36;0;2
0x004c61e0;FUN_004c61e0;6;0;0
0x004c61f0;FUN_004c61f0;39;0;2
0x004c6270;FUN_004c6270;6;0;0
0x004c6280;FUN_004c6280;37;0;2
0x004c62d0;FUN_004c62d0;36;0;2
0x004c6300;FUN_004c6300;6;0;0
0x004c6310;FUN_004c6310;39;0;2
0x004c6390;FUN_004c6390;6;0;0
0x004c63a0;FUN_004c63a0;37;0;2
0x004c63f0;FUN_004c63f0;36;0;2
0x004c6420;FUN_004c6420;6;0;0
0x004c6430;FUN_004c6430;39;0;2
0x004c64b0;FUN_004c64b0;6;0;0
0x004c64c0;FUN_004c64c0;37;0;2
0x004c6510;FUN_004c6510;36;0;2
0x004c6540;FUN_004c6540;6;0;0
0x004c6550;FUN_004c6550;39;0;2
0x004c65d0;FUN_004c65d0;6;0;0
0x004c65e0;FUN_004c65e0;37;0;2
0x004c6630;FUN_004c6630;36;0;2
0x004c6660;FUN_004c6660;6;0;0
0x004c6670;NOD_Message__Allocate_91;118;1;3
0x004c66f0;FUN_004c66f0;39;0;2
0x004c6770;FUN_004c6770;6;0;0
0x004c6780;FUN_004c6780;37;0;2
0x004c67d0;FUN_004c67d0;36;0;2
0x004c6800;FUN_004c6800;6;0;0
0x004c6810;NOD_Message__Allocate_54;118;1;3
0x004c6890;FUN_004c6890;39;0;2
0x004c6910;FUN_004c6910;6;0;0
0x004c6920;FUN_004c6920;37;0;2
0x004c6970;FUN_004c6970;36;0;2
0x004c69a0;FUN_004c69a0;6;0;0
0x004c69b0;FUN_004c69b0;39;0;2
0x004c6a30;FUN_004c6a30;6;0;0
0x004c6a40;FUN_004c6a40;37;0;2
0x004c6a90;FUN_004c6a90;36;0;2
0x004c6ac0;FUN_004c6ac0;6;0;0
0x004c6ad0;FUN_004c6ad0;75;1;2
0x004c6b20;FUN_004c6b20;39;0;2
0x004c6ba0;FUN_004c6ba0;6;0;0
0x004c6bb0;FUN_004c6bb0;37;0;2
0x004c6c00;FUN_004c6c00;36;0;2
0x004c6c30;FUN_004c6c30;6;0;0
0x004c6c40;FUN_004c6c40;75;1;2
0x004c6c90;FUN_004c6c90;39;0;2
0x004c6d10;FUN_004c6d10;6;0;0
0x004c6d20;FUN_004c6d20;37;0;2
0x004c6d70;FUN_004c6d70;36;0;2
0x004c6da0;FUN_004c6da0;6;0;0
0x004c6db0;FUN_004c6db0;39;0;2
0x004c6e30;FUN_004c6e30;6;0;0
0x004c6e40;FUN_004c6e40;37;0;2
0x004c6e90;FUN_004c6e90;36;0;2
0x004c6ec0;FUN_004c6ec0;6;0;0
0x004c6ed0;FUN_004c6ed0;39;0;2
0x004c6f50;FUN_004c6f50;6;0;0
0x004c6f60;FUN_004c6f60;37;0;2
0x004c6fb0;FUN_004c6fb0;36;0;2
0x004c6fe0;FUN_004c6fe0;6;0;0
0x004c6ff0;FUN_004c6ff0;39;0;2
0x004c7070;FUN_004c7070;6;0;0
0x004c7080;FUN_004c7080;37;0;2
0x004c70d0;FUN_004c70d0;36;0;2
0x004c7100;FUN_004c7100;6;0;0
0x004c7110;FUN_004c7110;39;0;2
0x004c7190;FUN_004c7190;6;0;0
0x004c71a0;FUN_004c71a0;37;0;2
0x004c71f0;FUN_004c71f0;36;0;2
0x004c7220;FUN_004c7220;6;0;0
0x004c7230;FUN_004c7230;39;0;2
0x004c72b0;FUN_004c72b0;6;0;0
0x004c72c0;FUN_004c72c0;37;0;2
0x004c7310;FUN_004c7310;36;0;2
0x004c7340;FUN_004c7340;6;0;0
0x004c7350;NOD_Message__Allocate_32;263;11;3
0x004c7460;NOD_Message__Allocate_39;220;1;1
0x004c7540;FUN_004c7540;29;0;0
0x004c7570;FUN_004c7570;39;0;2
0x004c75f0;FUN_004c75f0;6;0;0
0x004c7600;FUN_004c7600;37;0;2
0x004c7650;FUN_004c7650;36;0;2
0x004c7680;FUN_004c7680;6;0;0
0x004c7690;NOD_Message__Allocate_48;130;1;3
0x004c7720;FUN_004c7720;39;0;2
0x004c77a0;FUN_004c77a0;6;0;0
0x004c77b0;FUN_004c77b0;37;0;2
0x004c7800;FUN_004c7800;36;0;2
0x004c7830;FUN_004c7830;6;0;0
0x004c7840;NOD_Message__Allocate;123;2;3
0x004c78c0;FUN_004c78c0;39;0;2
0x004c7940;FUN_004c7940;6;0;0
0x004c7950;FUN_004c7950;37;0;2
0x004c79a0;FUN_004c79a0;36;0;2
0x004c79d0;FUN_004c79d0;6;0;0
0x004c79e0;FUN_004c79e0;75;1;2
0x004c7a30;FUN_004c7a30;39;0;2
0x004c7ab0;FUN_004c7ab0;6;0;0
0x004c7ac0;FUN_004c7ac0;37;0;2
0x004c7b10;FUN_004c7b10;36;0;2
0x004c7b40;FUN_004c7b40;6;0;0
0x004c7b50;FUN_004c7b50;75;1;2
0x004c7ba0;FUN_004c7ba0;39;0;2
0x004c7c20;FUN_004c7c20;6;0;0
0x004c7c30;FUN_004c7c30;37;0;2
0x004c7c80;FUN_004c7c80;36;0;2
0x004c7cb0;FUN_004c7cb0;6;0;0
0x004c7cc0;FUN_004c7cc0;75;1;2
0x004c7d10;FUN_004c7d10;39;0;2
0x004c7d90;FUN_004c7d90;6;0;0
0x004c7da0;FUN_004c7da0;37;0;2
0x004c7df0;FUN_004c7df0;36;0;2
0x004c7e20;FUN_004c7e20;6;0;0
0x004c7e30;FUN_004c7e30;75;1;2
0x004c7e80;FUN_004c7e80;39;0;2
0x004c7f00;FUN_004c7f00;6;0;0
0x004c7f10;FUN_004c7f10;37;0;2
0x004c7f60;FUN_004c7f60;36;0;2
0x004c7f90;FUN_004c7f90;6;0;0
0x004c7fa0;FUN_004c7fa0;39;0;2
0x004c8020;NOD_MessagePrototype__dtor_NOD_MessagePrototype;108;0;3
0x004c8090;FUN_004c8090;6;0;0
0x004c80a0;NOD_MessagePrototype__NOD_MessagePrototype;157;400;3
0x004c8140;NOD_MessagePrototype__dtor_NOD_MessagePrototype_2;94;400;2
0x004c81a0;FUN_004c81a0;26;2;0
0x004c81c0;FUN_004c81c0;45;1;0
0x004c81f0;FUN_004c81f0;6;0;0
0x004c8200;FUN_004c8200;42;0;2
0x004c82a0;FUN_004c82a0;6;0;0
0x004c82b0;NOD_Message__Allocate_81;131;5;1
0x004c8340;NOD_Message__Allocate_82;177;6;1
0x004c8400;FUN_004c8400;15;2;0
0x004c8410;FUN_004c8410;62;1;0
0x004c8450;FUN_004c8450;67;1;0
0x004c84a0;FUN_004c84a0;10;1;0
0x004c84b0;FUN_004c84b0;227;19;0
0x004c85a0;FUN_004c85a0;3048;10;20
0x004c91b0;FUN_004c91b0;36;0;2
0x004c91e0;FUN_004c91e0;78;0;2
0x004c9230;FUN_004c9230;1;0;0
0x004c92d0;FUN_004c92d0;28;1;1
0x004c92f0;FUN_004c92f0;30;0;2
0x004c9310;FUN_004c9310;30;0;2
0x004c9330;FUN_004c9330;51;0;2
0x004c9370;FUN_004c9370;57;0;3
0x004c93b0;FUN_004c93b0;70;1;3
0x004c9400;FUN_004c9400;70;1;3
0x004c9450;FUN_004c9450;257;8;5
0x004c9560;FUN_004c9560;271;1;5
0x004c9670;FUN_004c9670;233;1;7
0x004c9760;FUN_004c9760;30;0;2
0x004c9780;FUN_004c9780;118;0;0
0x004c9800;FUN_004c9800;76;1;3
0x004c9850;FUN_004c9850;76;2;3
0x004c98a0;FUN_004c98a0;79;1;3
0x004c98f0;FUN_004c98f0;257;0;5
0x004c9a00;FUN_004c9a00;69;0;3
0x004c9a50;FUN_004c9a50;24;0;0
0x004c9a70;FUN_004c9a70;60;0;0
0x004c9ab0;FUN_004c9ab0;139;1;5
0x004c9b40;FUN_004c9b40;93;23;2
0x004c9ba0;FUN_004c9ba0;67;0;2
0x004c9bf0;FUN_004c9bf0;148;8;3
0x004c9c90;FUN_004c9c90;231;2;4
0x004c9d80;FUN_004c9d80;296;11;7
0x004c9eb0;FUN_004c9eb0;120;5;2
0x004c9f30;FUN_004c9f30;269;10;4
0x004ca040;FUN_004ca040;55;2;2
0x004ca080;FUN_004ca080;55;2;2
0x004ca0c0;FUN_004ca0c0;55;3;2
0x004ca100;FUN_004ca100;45;4;2
0x004ca130;FUN_004ca130;114;5;3
0x004ca1b0;FUN_004ca1b0;135;2;6
0x004ca240;FUN_004ca240;126;12;4
0x004ca2c0;FUN_004ca2c0;3023;23;9
0x004caec0;FUN_004caec0;4284;26;12
0x004cbfa0;FUN_004cbfa0;43;1;1
0x004cbfd0;FUN_004cbfd0;597;10;0
0x004cc230;FUN_004cc230;260;2;0
0x004cc340;FUN_004cc340;74;12;2
0x004cc390;FUN_004cc390;74;6;2
0x004cc3e0;FUN_004cc3e0;45;5;0
0x004cc410;FUN_004cc410;744;2;4
0x004cc720;FUN_004cc720;331;4;1
0x004cc870;FUN_004cc870;45;4;0
0x004cc8a0;FUN_004cc8a0;164;1;2
0x004cc950;FUN_004cc950;45;1;0
0x004cc980;FUN_004cc980;334;8;4
0x004ccad0;FUN_004ccad0;400;10;7
0x004ccc60;FUN_004ccc60;61;1;0
0x004ccd90;FUN_004ccd90;228;1;7
0x004cce80;FUN_004cce80;132;2;3
0x004ccf10;FUN_004ccf10;159;5;1
0x004ccfb0;FUN_004ccfb0;39;0;2
0x004cd030;FUN_004cd030;6;0;0
0x004cd040;FUN_004cd040;37;0;2
0x004cd090;FUN_004cd090;36;0;2
0x004cd0c0;FUN_004cd0c0;6;0;0
0x004cd0d0;FUN_004cd0d0;39;0;2
0x004cd150;FUN_004cd150;6;0;0
0x004cd160;FUN_004cd160;37;0;2
0x004cd1b0;FUN_004cd1b0;36;0;2
0x004cd1e0;FUN_004cd1e0;6;0;0
0x004cd1f0;FUN_004cd1f0;39;0;2
0x004cd270;FUN_004cd270;6;0;0
0x004cd280;FUN_004cd280;37;0;2
0x004cd2d0;FUN_004cd2d0;36;0;2
0x004cd300;FUN_004cd300;6;0;0
0x004cd310;NOD_Message__Allocate_140;130;1;3
0x004cd3a0;FUN_004cd3a0;39;0;2
0x004cd420;FUN_004cd420;6;0;0
0x004cd430;FUN_004cd430;37;0;2
0x004cd480;FUN_004cd480;36;0;2
0x004cd4b0;FUN_004cd4b0;6;0;0
0x004cd4c0;NOD_Message__Allocate_146;130;1;3
0x004cd550;FUN_004cd550;39;0;2
0x004cd5d0;FUN_004cd5d0;6;0;0
0x004cd5e0;FUN_004cd5e0;37;0;2
0x004cd630;FUN_004cd630;36;0;2
0x004cd660;FUN_004cd660;6;0;0
0x004cd670;NOD_Message__Allocate_150;240;1;3
0x004cd760;FUN_004cd760;39;0;2
0x004cd7e0;FUN_004cd7e0;6;0;0
0x004cd7f0;FUN_004cd7f0;37;0;2
0x004cd840;FUN_004cd840;36;0;2
0x004cd870;FUN_004cd870;6;0;0
0x004cd880;FUN_004cd880;39;0;2
0x004cd900;FUN_004cd900;6;0;0
0x004cd910;FUN_004cd910;37;0;2
0x004cd960;FUN_004cd960;36;0;2
0x004cd990;FUN_004cd990;6;0;0
0x004cd9a0;NOD_Message__Allocate_105;130;1;3
0x004cda30;FUN_004cda30;39;0;2
0x004cdab0;FUN_004cdab0;6;0;0
0x004cdac0;FUN_004cdac0;37;0;2
0x004cdb10;FUN_004cdb10;36;0;2
0x004cdb40;FUN_004cdb40;6;0;0
0x004cdb50;NOD_Message__Allocate_106;186;1;3
0x004cdc10;FUN_004cdc10;25;0;0
0x004cdc30;FUN_004cdc30;39;0;2
0x004cdcb0;FUN_004cdcb0;6;0;0
0x004cdcc0;FUN_004cdcc0;37;0;2
0x004cdd10;FUN_004cdd10;36;0;2
0x004cdd40;FUN_004cdd40;6;0;0
0x004cdd50;NOD_Message__Allocate_114;232;1;3
0x004cde40;FUN_004cde40;17;0;0
0x004cde60;FUN_004cde60;1;0;0
0x004cde70;FUN_004cde70;1;0;0
0x004cde80;FUN_004cde80;31;4;0
0x004cdea0;FUN_004cdea0;39;0;2
0x004cdf20;FUN_004cdf20;6;0;0
0x004cdf30;FUN_004cdf30;22;55;1
0x004cdf50;FUN_004cdf50;47;25;1
0x004cdf80;FUN_004cdf80;32;6;0
0x004cdfa0;FUN_004cdfa0;28;11;1
0x004cdfc0;FUN_004cdfc0;25;11;1
0x004cdfe0;FUN_004cdfe0;45;5;0
0x004ce010;FUN_004ce010;31;0;1
0x004ce030;FUN_004ce030;50;21;1
0x004ce070;FUN_004ce070;42;0;2
0x004ce120;FUN_004ce120;6;0;0
0x004ce130;FUN_004ce130;61;34;1
0x004ce170;FUN_004ce170;60;0;2
0x004ce1b0;FUN_004ce1b0;68;21;2
0x004ce200;FUN_004ce200;168;1;1
0x004ce2b0;FUN_004ce2b0;193;2;1
0x004ce380;FUN_004ce380;97;32;1
0x004ce3f0;FUN_004ce3f0;112;3;1
0x004ce460;FUN_004ce460;15;1;0
0x004ce470;FUN_004ce470;9;1;0
0x004ce480;SIM_Path__GetName;54;1;1
0x004ce4c0;FUN_004ce4c0;96;0;1
0x004ce520;NOD_Message__Allocate_88;168;9;3
0x004ce5d0;NOD_Message__Allocate_89;197;17;2
0x004ce6a0;FUN_004ce6a0;39;0;2
0x004ce720;FUN_004ce720;6;0;0
0x004ce730;FUN_004ce730;22;24;1
0x004ce750;FUN_004ce750;47;13;1
0x004ce780;FUN_004ce780;32;2;0
0x004ce7a0;FUN_004ce7a0;4;62;0
0x004ce7b0;FUN_004ce7b0;31;0;1
0x004ce7d0;FUN_004ce7d0;34;31;2
0x004ce800;FUN_004ce800;50;10;1
0x004ce840;VCA_Skin__LoadReferenceFrame;954;1;12
0x004cec00;VCA_Skin__SetMesh;320;1;1
0x004ced40;VCA_Skin__ComputeAnimatedMesh;547;1;7
0x004cef70;FUN_004cef70;98;3;0
0x004cefe0;FUN_004cefe0;78;2;1
0x004cf030;FUN_004cf030;621;1;11
0x004cf2a0;FUN_004cf2a0;100;1;1
0x004cf310;FUN_004cf310;54;1;1
0x004cf350;FUN_004cf350;500;2;14
0x004cf550;FUN_004cf550;486;1;6
0x004cf740;FUN_004cf740;36;3;0
0x004cf770;FUN_004cf770;37;6;0
0x004cf7a0;FUN_004cf7a0;78;1;0
0x004cf7f0;FUN_004cf7f0;37;1;1
0x004cf820;FUN_004cf820;13;1;0
0x004cf830;FUN_004cf830;80;3;3
0x004cf880;FUN_004cf880;178;1;2
0x004cf940;VCA_AnimationController__ActivateAnimation;276;1;4
0x004cfa60;FUN_004cfa60;120;2;1
0x004cfae0;FUN_004cfae0;359;1;0
0x004cfc50;VCA_AnimationController__IsAnimationOver;197;1;1
0x004cfd20;VCA_AnimationController__SetWeightOfChannel;202;2;2
0x004cfdf0;VCA_AnimationController__RemoveAnimationFromChannel;174;1;3
0x004cfea0;FUN_004cfea0;20;1;1
0x004cfec0;FUN_004cfec0;68;1;0
0x004cff10;FUN_004cff10;633;1;4
0x004d0190;FUN_004d0190;577;1;6
0x004d03e0;FUN_004d03e0;318;2;3
0x004d0520;FUN_004d0520;124;1;0
0x004d05a0;FUN_004d05a0;580;2;4
0x004d07f0;FUN_004d07f0;113;1;1
0x004d0870;FUN_004d0870;746;1;2
0x004d0b60;FUN_004d0b60;390;1;1
0x004d0cf0;FUN_004d0cf0;368;2;6
0x004d0e60;VCA_Bone__SetWeightOfBoneChannel_2;458;1;4
0x004d1030;VCA_Bone__RemoveBoneAnimation;105;1;1
0x004d10a0;VCA_Bone__SetWeightOfBoneChannel;92;1;1
0x004d1100;FUN_004d1100;25;4;0
0x004d1120;FUN_004d1120;43;1;0
0x004d1150;FUN_004d1150;72;1;2
0x004d11a0;FUN_004d11a0;25;1;1
0x004d11c0;COS_OBBS_Tree_Cache__AllocateTree;430;4;7
0x004d1370;COS_OBBS_Tree_Cache__AllocateTree_2;325;1;6
0x004d14c0;FUN_004d14c0;57;3;0
0x004d1500;FUN_004d1500;167;4;3
0x004d15b0;FUN_004d15b0;770;2;5
0x004d18c0;FUN_004d18c0;487;8;6
0x004d1ab0;FUN_004d1ab0;570;1;2
0x004d1cf0;FUN_004d1cf0;77;1;0
0x004d1d40;FUN_004d1d40;296;1;5
0x004d1e70;FUN_004d1e70;118;1;1
0x004d1ef0;FUN_004d1ef0;1077;3;4
0x004d2330;FUN_004d2330;23;1;0
0x004d2350;FUN_004d2350;868;1;3
0x004d26c0;FUN_004d26c0;712;1;8
0x004d2990;FUN_004d2990;325;12;2
0x004d2ae0;FUN_004d2ae0;682;1;6
0x004d2d90;FUN_004d2d90;48;6;0
0x004d2dc0;FUN_004d2dc0;73;6;0
0x004d2e10;FUN_004d2e10;97;6;0
0x004d2e80;FUN_004d2e80;688;1;6
0x004d3130;FUN_004d3130;688;1;6
0x004d33e0;FUN_004d33e0;681;1;6
0x004d3690;FUN_004d3690;694;1;6
0x004d3950;FUN_004d3950;694;1;6
0x004d3c10;FUN_004d3c10;671;12;6
0x004d3eb0;FUN_004d3eb0;365;1;1
0x004d4020;FUN_004d4020;421;7;0
0x004d41d0;FUN_004d41d0;127;1;0
0x004d4250;FUN_004d4250;347;1;5
0x004d43b0;FUN_004d43b0;137;1;0
0x004d4440;FUN_004d4440;137;3;0
0x004d44d0;FUN_004d44d0;287;2;2
0x004d45f0;FUN_004d45f0;48;6;1
0x004d4620;FUN_004d4620;334;2;1
0x004d4770;FUN_004d4770;154;1;2
0x004d4810;FUN_004d4810;1174;1;1
0x004d4cb0;FUN_004d4cb0;1461;1;1
0x004d5270;FUN_004d5270;507;1;0
0x004d5470;FUN_004d5470;1348;1;7
0x004d59c0;FUN_004d59c0;57;9;0
0x004d5a00;FUN_004d5a00;126;5;0
0x004d5a80;FUN_004d5a80;6399;6;11
0x004d7380;FUN_004d7380;35;1;0
0x004d73b0;FUN_004d73b0;291;1;0
0x004d74e0;FUN_004d74e0;52;1;0
0x004d7520;FUN_004d7520;389;1;4
0x004d76b0;FUN_004d76b0;437;1;5
0x004d7870;FUN_004d7870;463;2;3
0x004d7a40;FUN_004d7a40;1448;1;2
0x004d7ff0;FUN_004d7ff0;10514;1;10
0x004da920;FUN_004da920;40;1;0
0x004da950;FUN_004da950;878;1;8
0x004dacc0;FUN_004dacc0;35;3;0
0x004dacf0;FUN_004dacf0;625;1;4
0x004daf70;FUN_004daf70;98;1;1
0x004dafe0;FUN_004dafe0;680;1;1
0x004db290;FUN_004db290;995;2;11
0x004db680;FUN_004db680;34;2;0
0x004db6b0;FUN_004db6b0;211;3;1
0x004db790;FUN_004db790;971;2;14
0x004dbb60;FUN_004dbb60;159;2;0
0x004dbc00;FUN_004dbc00;989;2;12
0x004dbfe0;FUN_004dbfe0;102;2;0
0x004dc050;FUN_004dc050;108;1;1
0x004dc0c0;FUN_004dc0c0;656;2;10
0x004dc350;FUN_004dc350;181;1;1
0x004dc410;FUN_004dc410;741;2;6
0x004dc700;FUN_004dc700;44;5;2
0x004dc730;FUN_004dc730;1095;4;3
0x004dcb80;FUN_004dcb80;417;2;11
0x004dcd30;FUN_004dcd30;572;4;5
0x004dcf70;FUN_004dcf70;549;1;5
0x004dd1a0;FUN_004dd1a0;447;2;4
0x004dd360;FUN_004dd360;44;4;1
0x004dd390;FUN_004dd390;52;3;1
0x004dd3d0;FUN_004dd3d0;194;1;1
0x004dd4a0;FUN_004dd4a0;17;1;0
0x004dd4c0;FUN_004dd4c0;473;5;1
0x004dd6a0;FUN_004dd6a0;584;2;4
0x004dd8f0;FUN_004dd8f0;124;5;0
0x004dd970;FUN_004dd970;1115;1;7
0x004dde80;FUN_004dde80;267;1;2
0x004ddf90;FUN_004ddf90;623;1;5
0x004de200;FUN_004de200;654;1;2
0x004de490;FUN_004de490;301;2;1
0x004de5c0;FUN_004de5c0;506;1;3
0x004de7c0;FUN_004de7c0;1610;1;10
0x004dee10;FUN_004dee10;101;1;2
0x004dee80;FUN_004dee80;156;1;2
0x004def20;FUN_004def20;101;1;2
0x004def90;FUN_004def90;101;1;2
0x004df000;FUN_004df000;1839;1;10
0x004df730;FUN_004df730;133;1;1
0x004df7c0;FUN_004df7c0;77;2;1
0x004df810;FUN_004df810;505;3;5
0x004dfa10;FUN_004dfa10;500;1;4
0x004dfc10;FUN_004dfc10;304;2;3
0x004dfd40;FUN_004dfd40;644;2;5
0x004dffd0;FUN_004dffd0;46;1;1
0x004e0000;FUN_004e0000;335;2;3
0x004e0150;FUN_004e0150;134;1;1
0x004e01e0;FUN_004e01e0;160;1;1
0x004e0280;FUN_004e0280;1404;1;10
0x004e0800;FUN_004e0800;987;1;8
0x004e0be0;FUN_004e0be0;2972;2;15
0x004e1780;FUN_004e1780;212;1;1
0x004e1860;FUN_004e1860;565;1;4
0x004e1aa0;FUN_004e1aa0;102;1;1
0x004e1b10;FUN_004e1b10;446;1;1
0x004e1ce0;FUN_004e1ce0;49;1;0
0x004e1d20;FUN_004e1d20;75;1;0
0x004e1d80;FUN_004e1d80;417;1;1
0x004e1f30;VFX_Trail__SetSampling;95;1;1
0x004e1f90;FUN_004e1f90;137;1;0
0x004e2020;FUN_004e2020;635;1;2
0x004e22a0;FUN_004e22a0;199;2;0
0x004e2370;FUN_004e2370;757;1;5
0x004e2670;FUN_004e2670;210;1;1
0x004e2750;FUN_004e2750;764;1;9
0x004e2a50;FUN_004e2a50;874;3;4
0x004e2dc0;FUN_004e2dc0;1913;2;7
0x004e3540;FUN_004e3540;171;1;1
0x004e35f0;FUN_004e35f0;242;1;1
0x004e36f0;FUN_004e36f0;226;1;1
0x004e37e0;FUN_004e37e0;372;2;0
0x004e3960;FUN_004e3960;112;1;0
0x004e39d0;FUN_004e39d0;125;1;2
0x004e3a50;FUN_004e3a50;155;1;0
0x004e3af0;FUN_004e3af0;1185;1;6
0x004e3fa0;FUN_004e3fa0;355;1;4
0x004e4110;FUN_004e4110;81;1;1
0x004e4170;FUN_004e4170;148;1;3
0x004e4210;FUN_004e4210;268;1;2
0x004e4320;FUN_004e4320;119;2;0
0x004e43a0;FUN_004e43a0;660;7;12
0x004e4640;FUN_004e4640;318;9;3
0x004e4780;FUN_004e4780;126;2;2
0x004e4800;FUN_004e4800;255;2;3
0x004e4900;FUN_004e4900;61;8;3
0x004e4940;FUN_004e4940;16;3;0
0x004e4950;FUN_004e4950;27;1;1
0x004e4970;FUN_004e4970;30;1;1
0x004e4990;FUN_004e4990;10;1;0
0x004e49a0;FUN_004e49a0;4;1;0
0x004e49b0;FUN_004e49b0;10;1;0
0x004e49c0;FUN_004e49c0;4;2;0
0x004e49d0;NET_Site__NET_Site;251;2;3
0x004e4ad0;FUN_004e4ad0;99;0;2
0x004e4b40;FUN_004e4b40;79;3;2
0x004e4b90;FUN_004e4b90;49;0;0
0x004e4bd0;FUN_004e4bd0;21;0;0
0x004e4de0;FUN_004e4de0;18;0;1
0x004e4e00;FUN_004e4e00;18;0;1
0x004e4e20;FUN_004e4e20;18;0;1
0x004e4e40;FUN_004e4e40;18;0;1
0x004e4e60;FUN_004e4e60;18;0;1
0x004e4e80;FUN_004e4e80;18;0;1
0x004e4ea0;FUN_004e4ea0;18;0;1
0x004e4ec0;FUN_004e4ec0;18;0;1
0x004e4ee0;FUN_004e4ee0;18;0;1
0x004e4f00;FUN_004e4f00;18;0;1
0x004e4f20;FUN_004e4f20;18;0;1
0x004e4f40;FUN_004e4f40;18;0;1
0x004e4f60;FUN_004e4f60;18;0;1
0x004e4f80;FUN_004e4f80;18;0;1
0x004e4fa0;FUN_004e4fa0;18;0;1
0x004e4fc0;FUN_004e4fc0;18;0;1
0x004e4fe0;FUN_004e4fe0;18;0;1
0x004e5000;FUN_004e5000;18;0;1
0x004e5020;FUN_004e5020;18;0;1
0x004e5040;FUN_004e5040;18;0;1
0x004e5060;FUN_004e5060;18;0;1
0x004e5080;FUN_004e5080;201;1;7
0x004e5150;FUN_004e5150;30;0;2
0x004e5170;FUN_004e5170;428;1;9
0x004e5320;FUN_004e5320;37;1;0
0x004e5350;NET_Server__Host;1120;1;9
0x004e57b0;FUN_004e57b0;48;1;2
0x004e57e0;FUN_004e57e0;277;0;6
0x004e5900;FUN_004e5900;126;0;0
0x004e5980;NET_Server__Receive;448;0;6
0x004e5b60;FUN_004e5b60;420;2;7
0x004e5d10;NET_Server__DisconectRemote;111;1;1
0x004e5d80;FUN_004e5d80;315;2;0
0x004e5ec0;FUN_004e5ec0;367;1;5
0x004e6030;NET_Server__Process_CREATE_PLAYER;411;0;6
0x004e61d0;NET_Server__Process_DESTROY_PLAYER;238;0;3
0x004e62d0;FUN_004e62d0;20;0;0
0x004e62f0;FUN_004e62f0;20;0;0
0x004e6310;NET_Server__Process_RECEIVE_2;171;0;3
0x004e63c0;FUN_004e63c0;73;1;2
0x004e6410;FUN_004e6410;30;0;2
0x004e6430;FUN_004e6430;177;1;4
0x004e64f0;FUN_004e64f0;542;1;6
0x004e6710;FUN_004e6710;92;1;1
0x004e6770;NET_Client__ConnectDirectly;784;2;7
0x004e6a80;NET_Client__StopSessionEnumeration;258;3;3
0x004e6b90;FUN_004e6b90;23;2;0
0x004e6bb0;NET_Client__Send;137;0;1
0x004e6c40;NET_Client__Receive;478;0;6
0x004e6e40;FUN_004e6e40;30;0;0
0x004e6e60;NET_Server__Process_CONNECT_COMPLETE;283;0;3
0x004e6f80;FUN_004e6f80;488;0;5
0x004e7170;NET_Server__Process_RECEIVE;162;0;3
0x004e7220;NET_Server__Process_TERMINATE_SESSION;140;0;3
0x004e72b0;FUN_004e72b0;167;2;3
0x004e7360;FUN_004e7360;66;3;0
0x004e73b0;FUN_004e73b0;257;20;0
0x004e74c0;FUN_004e74c0;31439;20;7
0x004ef010;FUN_004ef010;41;12;0
0x004ef040;FUN_004ef040;1022;14;0
0x004ef440;FUN_004ef440;37;2;0
0x004ef470;FUN_004ef470;145;2;0
0x004ef510;FUN_004ef510;141;2;0
0x004ef5a0;FUN_004ef5a0;220;0;5
0x004ef680;FUN_004ef680;608;1;0
0x004ef8e0;FUN_004ef8e0;908;1;0
0x004efc70;FUN_004efc70;128;2;0
0x004efcf0;FUN_004efcf0;162;3;1
0x004efda0;FUN_004efda0;10;0;0
0x004efdb0;FUN_004efdb0;363;3;0
0x004eff20;FUN_004eff20;1133;1;2
0x004f0390;FUN_004f0390;1605;1;3
0x004f09e0;FUN_004f09e0;174;4;1
0x004f0a90;FUN_004f0a90;175;0;0
0x004f0b40;FUN_004f0b40;499;4;0
0x004f0d40;FUN_004f0d40;363;4;0
0x004f0eb0;FUN_004f0eb0;2941;1;4
0x004f1a30;FUN_004f1a30;651;1;2
0x004f1cc0;FUN_004f1cc0;39;9;0
0x004f1cf0;FUN_004f1cf0;65;1;0
0x004f1d40;FUN_004f1d40;149;4;0
0x004f1de0;FUN_004f1de0;36;1;1
0x004f1e10;FUN_004f1e10;191;1;0
0x004f1ed0;FUN_004f1ed0;90;2;2
0x004f1f30;FUN_004f1f30;139;2;0
0x004f1fc0;FUN_004f1fc0;111;2;0
0x004f2030;FUN_004f2030;162;1;1
0x004f20e0;FUN_004f20e0;245;1;0
0x004f21e0;FUN_004f21e0;193;1;1
0x004f22b0;FUN_004f22b0;631;1;6
0x004f2530;FUN_004f2530;256;1;3
0x004f2630;FUN_004f2630;1046;1;15
0x004f2a50;FUN_004f2a50;25;110;0
0x004f2a70;FUN_004f2a70;134;20;1
0x004f2b00;FUN_004f2b00;61;8;1
0x004f2b40;FUN_004f2b40;69;19;1
0x004f2b90;FUN_004f2b90;62;2;1
0x004f2bd0;FUN_004f2bd0;1219;1;13
0x004f30a0;FUN_004f30a0;154;2;0
0x004f3140;FUN_004f3140;972;1;10
0x004f3510;CRect;32;6;0
0x004f3530;FUN_004f3530;700;1;8
0x004f37f0;FUN_004f37f0;654;1;6
0x004f3a80;FUN_004f3a80;1003;1;14
0x004f3e70;FUN_004f3e70;810;1;1
0x004f41a0;FUN_004f41a0;1504;1;1
0x004f4780;FUN_004f4780;403;1;7
0x004f4920;FUN_004f4920;26;4;1
0x004f4940;FUN_004f4940;164;4;1
0x004f49f0;FUN_004f49f0;159;1;4
0x004f4a90;FUN_004f4a90;89;7;0
0x004f4af0;FUN_004f4af0;1190;2;27
0x004f4fa0;FUN_004f4fa0;153;11;1
0x004f5040;FUN_004f5040;98;9;1
0x004f50b0;FUN_004f50b0;129;6;1
0x004f5140;FUN_004f5140;157;9;1
0x004f51e0;FUN_004f51e0;71;6;1
0x004f5230;FUN_004f5230;1182;2;27
0x004f56d0;FUN_004f56d0;987;1;20
0x004f5ab0;FUN_004f5ab0;48;4;1
0x004f5ae0;FUN_004f5ae0;335;2;5
0x004f5c30;FUN_004f5c30;1331;1;29
0x004f6170;FUN_004f6170;93;2;0
0x004f61d0;FUN_004f61d0;1319;1;29
0x004f6700;FUN_004f6700;105;1;1
0x004f6770;FUN_004f6770;80;1;1
0x004f67c0;REP_Hud_VS__RenderStatic_EOA_2;441;1;5
0x004f69b0;REP_Hud_VS__RenderStatic_EOA;448;1;5
0x004f6ba0;FUN_004f6ba0;139;1;4
0x004f6c30;FUN_004f6c30;139;1;4
0x004f6cc0;FUN_004f6cc0;139;1;4
0x004f6d50;FUN_004f6d50;282;1;2
0x004f6e70;FUN_004f6e70;214;1;2
0x004f6f50;FUN_004f6f50;166;4;4
0x004f7000;FUN_004f7000;415;2;8
0x004f71a0;FUN_004f71a0;305;2;6
0x004f72e0;FUN_004f72e0;167;4;4
0x004f7390;FUN_004f7390;167;2;4
0x004f7440;FUN_004f7440;140;3;4
0x004f74d0;FUN_004f74d0;140;4;4
0x004f7560;FUN_004f7560;222;2;5
0x004f7640;FUN_004f7640;233;1;5
0x004f7730;FUN_004f7730;505;1;5
0x004f7930;FUN_004f7930;538;1;5
0x004f7b50;FUN_004f7b50;437;1;7
0x004f7d10;FUN_004f7d10;505;1;5
0x004f7f10;FUN_004f7f10;18;1;1
0x004f7f30;FUN_004f7f30;15;1;1
0x004f7f40;FUN_004f7f40;166;1;4
0x004f7ff0;FUN_004f7ff0;62;1;2
0x004f8030;FUN_004f8030;49;1;2
0x004f8070;FUN_004f8070;166;1;4
0x004f8120;FUN_004f8120;195;1;4
0x004f81f0;FUN_004f81f0;281;1;6
0x004f8310;FUN_004f8310;166;1;0
0x004f83c0;FUN_004f83c0;30;5;0
0x004f83e0;FUN_004f83e0;419;1;5
0x004f8590;FUN_004f8590;18;1;1
0x004f85b0;FUN_004f85b0;140;1;4
0x004f8640;FUN_004f8640;302;1;1
0x004f8770;FUN_004f8770;229;1;1
0x004f8860;FUN_004f8860;270;1;5
0x004f8990;FUN_004f8990;271;1;5
0x004f8ac0;FUN_004f8ac0;140;1;4
0x004f8b50;FUN_004f8b50;176;1;4
0x004f8c00;FUN_004f8c00;140;1;4
0x004f8c90;FUN_004f8c90;167;1;4
0x004f8d40;FUN_004f8d40;177;1;4
0x004f8e00;FUN_004f8e00;402;1;1
0x004f8fa0;FUN_004f8fa0;304;3;1
0x004f90d0;FUN_004f90d0;276;2;5
0x004f9200;FUN_004f9200;181;4;4
0x004f92c0;FUN_004f92c0;249;4;5
0x004f93d0;FUN_004f93d0;145;4;4
0x004f9470;FUN_004f9470;172;4;4
0x004f9520;FUN_004f9520;172;1;4
0x004f95d0;FUN_004f95d0;302;2;5
0x004f9720;FUN_004f9720;18;1;1
0x004f9740;FUN_004f9740;166;1;4
0x004f97f0;FUN_004f97f0;122;1;1
0x004f9870;FUN_004f9870;90;15;0
0x004f98d0;FUN_004f98d0;149;1;4
0x004f9970;FUN_004f9970;167;1;4
0x004f9a20;FUN_004f9a20;140;1;4
0x004f9ab0;FUN_004f9ab0;122;1;1
0x004f9b30;FUN_004f9b30;94;2;1
0x004f9b90;FUN_004f9b90;148;1;4
0x004f9c30;FUN_004f9c30;139;1;4
0x004f9cc0;FUN_004f9cc0;176;1;4
0x004f9d70;FUN_004f9d70;149;1;4
0x004f9e10;FUN_004f9e10;176;1;4
0x004f9ec0;FUN_004f9ec0;140;1;4
0x004f9f50;FUN_004f9f50;140;1;4
0x004f9fe0;FUN_004f9fe0;132;1;4
0x004fa070;FUN_004fa070;756;1;0
0x004fa370;FUN_004fa370;345;3;0
0x004fa4d0;FUN_004fa4d0;726;1;9
0x004fa7b0;REM_FogLayer_Density__LoadDensityFile;533;1;13
0x004fa9d0;FUN_004fa9d0;644;1;18
0x004fac60;FUN_004fac60;63;6;1
0x004faca0;FUN_004faca0;1433;1;8
0x004fb240;FUN_004fb240;1438;1;34
0x004fb7e0;FUN_004fb7e0;33;1;0
0x004fb810;FUN_004fb810;128;2;1
0x004fb890;FUN_004fb890;66;2;1
0x004fb8e0;FUN_004fb8e0;638;2;14
0x004fbb60;FUN_004fbb60;568;1;6
0x004fbda0;FUN_004fbda0;106;1;4
0x004fbe10;FUN_004fbe10;452;1;6
0x004fbfe0;FUN_004fbfe0;1186;1;20
0x004fc490;FUN_004fc490;348;4;3
0x004fc5f0;FUN_004fc5f0;838;1;18
0x004fc940;FUN_004fc940;2269;1;23
0x004fd220;FUN_004fd220;280;1;1
0x004fd340;FUN_004fd340;146;1;2
0x004fd3e0;FUN_004fd3e0;233;1;2
0x004fd4d0;FUN_004fd4d0;123;1;4
0x004fd550;FUN_004fd550;1027;1;19
0x004fd960;REP_TerrainPrelit__CreateAndUploadSelectors;3602;1;14
0x004fe780;FUN_004fe780;737;1;6
0x004fea70;FUN_004fea70;503;1;2
0x004fec70;FUN_004fec70;286;1;1
0x004fed90;FUN_004fed90;948;2;17
0x004ff150;FUN_004ff150;63;1;1
0x004ff190;FUN_004ff190;101;1;1
0x004ff200;FUN_004ff200;170;1;3
0x004ff2b0;FUN_004ff2b0;483;1;4
0x004ff4a0;FUN_004ff4a0;340;3;3
0x004ff600;FUN_004ff600;350;1;5
0x004ff760;FUN_004ff760;355;3;2
0x004ff8d0;FUN_004ff8d0;436;1;5
0x004ffa90;FUN_004ffa90;186;9;1
0x004ffb50;FUN_004ffb50;198;1;2
0x004ffc20;FUN_004ffc20;18;2;1
0x004ffc40;FUN_004ffc40;262;2;4
0x004ffd50;FUN_004ffd50;629;2;4
0x004fffd0;FUN_004fffd0;60;4;1
0x00500010;FUN_00500010;60;4;1
0x00500050;FUN_00500050;218;68;2
0x00500130;FUN_00500130;179;162;2
0x005001f0;FUN_005001f0;188;162;2
0x005002b0;FUN_005002b0;373;16;4
0x00500430;FUN_00500430;292;1;2
0x00500560;FUN_00500560;148;2;0
0x00500600;FUN_00500600;2203;1;0
0x00500ea0;FUN_00500ea0;2150;1;0
0x00501710;FUN_00501710;135;2;1
0x005017a0;MRT_TileData__CreateTriangulation;1256;2;3
0x00501ca0;FUN_00501ca0;22;1;1
0x00501cc0;FUN_00501cc0;3082;2;4
0x005028d0;FUN_005028d0;705;1;1
0x00502ba0;FUN_00502ba0;233;1;3
0x00502c90;FUN_00502c90;244;2;4
0x00502d90;FUN_00502d90;101;2;2
0x00502e00;FUN_00502e00;300;1;0
0x00502f30;MRT_Terrain__LoadTerrain;2076;1;23
0x00503750;FUN_00503750;126;1;0
0x005037d0;FUN_005037d0;240;1;0
0x005038c0;FUN_005038c0;126;1;0
0x00503940;FUN_00503940;285;1;2
0x00503a60;FUN_00503a60;2733;1;4
0x00504510;FUN_00504510;228;1;3
0x00504600;FUN_00504600;63;1;0
0x00504640;FUN_00504640;120;1;1
0x005046c0;MRT_TileData__Generate;1716;1;8
0x00504d80;FUN_00504d80;438;1;10
0x00504f40;MRT_TileData__Generate_2;324;1;3
0x00505090;MRT_TileData__Generate_3;308;1;3
0x005051d0;FUN_005051d0;323;1;0
0x00505320;FUN_00505320;461;2;2
0x005054f0;MRT_TileData__PropagateD2;800;1;3
0x00505820;FUN_00505820;1396;1;3
0x00505dc0;FUN_00505dc0;527;7;0
0x00505fd0;MRT_TileData__CreateNormalMap;1642;1;7
0x00506640;FUN_00506640;586;51;21
0x00506890;FUN_00506890;35;53;2
0x005068c0;FUN_005068c0;314;1;8
0x00506a00;FUN_00506a00;316;1;8
0x00506b40;FUN_00506b40;314;10;8
0x00506c80;FUN_00506c80;338;1;8
0x00506de0;FUN_00506de0;317;7;8
0x00506f20;FUN_00506f20;314;4;8
0x00507060;FUN_00507060;209;2;5
0x00507140;FUN_00507140;244;41;5
0x00507240;FUN_00507240;231;4;5
0x00507330;FUN_00507330;233;16;5
0x00507420;FUN_00507420;231;81;5
0x00507510;FUN_00507510;255;34;5
0x00507610;FUN_00507610;243;14;5
0x00507710;FUN_00507710;234;93;6
0x00507800;FUN_00507800;231;83;5
0x005078f0;FUN_005078f0;137;37;2
0x00507980;FUN_00507980;164;107;2
0x00507a30;FUN_00507a30;58;1;2
0x00507a70;DES_Data__DEC_Malloc;275;2;3
0x00507b90;FUN_00507b90;14;2;0
0x00507ba0;DES_Data__DEC_Malloc_2;152;1;3
0x00507c40;DES_Data__DEC_Malloc_3;178;1;3
0x00507d00;DES_Data__DEC_Malloc_4;152;1;3
0x00507da0;DES_Data__DEC_Malloc_5;178;1;3
0x00507e60;DES_Data__DEC_Malloc_6;166;1;3
0x00507f10;FUN_00507f10;252;1;11
0x00508010;FUN_00508010;8;15;0
0x00508020;FUN_00508020;14;13;0
0x00508030;FUN_00508030;8;2;0
0x00508040;FUN_00508040;141;2;2
0x005080d0;FUN_005080d0;40;1;0
0x00508100;FUN_00508100;265;1;10
0x00508210;FUN_00508210;28;1;2
0x00508230;FUN_00508230;234;1;4
0x00508340;FUN_00508340;264;2;5
0x00508480;FUN_00508480;720;1;9
0x00508780;FUN_00508780;753;3;1
0x00508a80;FUN_00508a80;180;1;0
0x00508b80;FUN_00508b80;19;1;1
0x00508ba0;FUN_00508ba0;24;1;2
0x00508bc0;FUN_00508bc0;145;1;7
0x00508c60;FUN_00508c60;83;1;2
0x00508cc0;FUN_00508cc0;62;0;2
0x00508d00;FUN_00508d00;62;0;2
0x00508d40;FUN_00508d40;389;1;6
0x00508ed0;FUN_00508ed0;37;0;0
0x00508f00;FUN_00508f00;6;0;0
0x00508f10;FUN_00508f10;31;0;1
0x00508f70;FUN_00508f70;149;2;6
0x00509010;FUN_00509010;152;1;1
0x005090b0;DSP_Display__OpenBoard;81;1;1
0x00509110;DSP_Display__QueryResolutions;454;3;2
0x005092e0;DSP_Display__OpenResoultion;2257;1;12
0x00509bc0;FUN_00509bc0;486;1;5
0x00509db0;FUN_00509db0;177;50;0
0x00509e70;FUN_00509e70;17;3;0
0x00509e90;FUN_00509e90;15;4;0
0x00509ea0;FUN_00509ea0;31;1;0
0x00509ec0;FUN_00509ec0;24;1;0
0x00509ee0;DSP_Display__SetTextureStageState;537;50;1
0x0050a110;DSP_Display__Clear;225;11;2
0x0050a220;FUN_0050a220;75;9;1
0x0050a270;FUN_0050a270;87;10;3
0x0050a2d0;FUN_0050a2d0;150;8;0
0x0050a370;FUN_0050a370;22;8;0
0x0050a390;DSP_Display__DrawVertexArray;328;54;1
0x0050a4f0;FUN_0050a4f0;184;1;5
0x0050a5b0;DSP_Display__Texture_FlushTextures;148;4;2
0x0050a650;DSP_Display__RequestTexture;58;1;2
0x0050a690;DSP_Display__Texture_FlushTextures_2;918;1;7
0x0050aa30;DSP_Display__Texture_Create;679;8;6
0x0050ad00;DSP_Display__Texture_Unlock;447;9;3
0x0050aec0;DSP_Display__Texture_GetTexture;90;1;1
0x0050af20;DSP_Display__Texture_Lock;143;15;2
0x0050afb0;DSP_Display__Texture_Unlock_2;108;15;2
0x0050b020;DSP_Display__Texture_Unlock_3;794;1;20
0x0050b360;FUN_0050b360;296;1;4
0x0050b490;DSP_Display__PixelShader_CreateFromMemory;283;2;3
0x0050b5b0;DSP_Display__PixelShader_Destroy;234;2;3
0x0050b6a0;DSP_Display__PixelShader_Set;168;5;2
0x0050b750;FUN_0050b750;70;3;1
0x0050b7a0;DSP_Display__VertexShader_CreateFromFile;372;14;3
0x0050b920;DSP_Display__VertexShader_Destroy;207;8;3
0x0050b9f0;DSP_Display__VertexShader_Set;147;54;2
0x0050ba90;FUN_0050ba90;70;52;1
0x0050bae0;DSP_Display__VertexBuffer_Create;240;4;2
0x0050bbd0;DSP_Display__VertexBuffer_Destroy;131;5;1
0x0050bc60;DSP_Display__VertexBuffer_Lock;204;7;2
0x0050bd30;DSP_Display__VertexBuffer_Lock_2;108;7;2
0x0050bda0;FUN_0050bda0;31;1;0
0x0050bdc0;DSP_Display__IndexBuffer_Create;233;4;2
0x0050beb0;DSP_Display__IndexBuffer_Destroy;139;5;1
0x0050bf40;DSP_Display__IndexBuffer_Lock;196;7;2
0x0050c010;DSP_Display__IndexBuffer_Unlock;108;7;2
0x0050c080;FUN_0050c080;31;1;0
0x0050c0a0;FUN_0050c0a0;215;1;1
0x0050c180;FUN_0050c180;325;3;2
0x0050c2d0;DSP_Display__Export;600;1;3
0x0050c530;FUN_0050c530;527;1;4
0x0050c740;FUN_0050c740;344;2;9
0x0050c8a0;FUN_0050c8a0;50;2;1
0x0050c8e0;DSP_Display__IsTextureTypeSupported;120;7;1
0x0050c980;FUN_0050c980;54;1;0
0x0050c9c0;FUN_0050c9c0;407;2;1
0x0050cb60;FUN_0050cb60;1159;2;7
0x0050cff0;FUN_0050cff0;7;1;0
0x0050d000;FUN_0050d000;13;5;0
0x0050d010;DSP_Display__Texture_ReleaseTextureSurfaces;122;2;1
0x0050d090;FUN_0050d090;294;2;0
0x0050d1c0;FUN_0050d1c0;392;2;0
0x0050d350;FUN_0050d350;361;1;7
0x0050d4c0;FUN_0050d4c0;1287;2;1
0x0050d9d0;FUN_0050d9d0;1055;2;1
0x0050ddf0;FUN_0050ddf0;544;29;2
0x0050e090;FUN_0050e090;192;2;0
0x0050e150;FUN_0050e150;34;1;0
0x0050e180;D3DUtil__D3DUtil;66;1;2
0x0050e1d0;FUN_0050e1d0;25;1;1
0x0050e1f0;D3DUtil__BuildAdpaterInfoArray;2302;1;5
0x0050eb40;FUN_0050eb40;476;1;0
0x0050ed20;FUN_0050ed20;31;1;2
0x0050ed40;FUN_0050ed40;124;4;0
0x0050ee30;FUN_0050ee30;101;1;2
0x0050eea0;FUN_0050eea0;54;2;2
0x0050eee0;DSP_TextureCache__AllowFormat;61;1;1
0x0050ef20;DSP_TextureCache__AllowLevel;61;1;1
0x0050ef60;DSP_TextureCache__GetTextureLevel;59;1;2
0x0050efa0;DSP_TextureCache__GetTextureLevel_2;141;1;3
0x0050f030;FUN_0050f030;334;1;8
0x0050f180;FUN_0050f180;38;3;0
0x0050f1b0;FUN_0050f1b0;73;1;4
0x0050f200;DSP_Texture__SetLoadInfo_2;262;1;3
0x0050f310;DSP_Texture__GetTexelCount;1096;3;2
0x0050f860;DSP_Texture__GetTexelCount_3;788;1;2
0x0050fc70;DSP_Texture__SetLoadInfo;79;1;1
0x0050fcc0;DSP_Texture__GetTexelCount_4;1066;1;13
0x005101c0;DSP_Texture__GetTexelCount_2;136;3;1
0x00510280;DSP_Texture__GetTexelSize_2;72;1;1
0x005102f0;DSP_Texture__GetTextureWidth;136;1;1
0x005103b0;DSP_Texture__GetTextureHeight;136;1;1
0x00510470;DSP_Texture__GetNumOfMipLevels;66;1;1
0x005104c0;FUN_005104c0;20;1;0
0x005104e0;FUN_005104e0;273;1;1
0x00510600;DSP_Texture__CheckTGA;440;1;10
0x005107f0;DSP_Texture__TGA_AppendTextureLevelNameExtension;243;2;2
0x00510920;FUN_00510920;359;1;7
0x00510cd0;DSP_Texture__GetTexelSize;1060;1;11
0x005111c0;FUN_005111c0;165;2;0
0x00511270;FUN_00511270;187;5;0
0x00511330;FUN_00511330;777;20;3
0x00511640;FUN_00511640;97;1;0
0x005116b0;FUN_005116b0;122;23;0
0x00511730;FUN_00511730;1236;3;7
0x00511c20;FUN_00511c20;143;1;0
0x00511cb0;FUN_00511cb0;2379;3;7
0x00512620;FUN_00512620;554;3;0
0x00512850;FUN_00512850;165;1;0
0x00513b70;FUN_00513b70;84;0;0
0x00513bd0;FUN_00513bd0;106;0;0
0x00513c40;FUN_00513c40;526;1;0
0x00513e50;FUN_00513e50;1754;1;16
0x00514530;FUN_00514530;378;2;7
0x005146b0;FUN_005146b0;387;1;3
0x00514840;FUN_00514840;481;1;0
0x00514a30;FUN_00514a30;1284;1;12
0x00514f40;FUN_00514f40;236;1;0
0x00515030;FUN_00515030;421;1;0
0x005151e0;FUN_005151e0;184;2;1
0x005152a0;FUN_005152a0;522;8;0
0x005154b0;FUN_005154b0;132;1;0
0x00515540;FUN_00515540;79;1;0
0x00515590;FUN_00515590;57;1;0
0x005155d0;FUN_005155d0;165;2;0
0x00515680;FUN_00515680;165;2;0
0x00515730;FUN_00515730;692;1;2
0x005159f0;FUN_005159f0;410;1;2
0x00515b90;FUN_00515b90;592;1;1
0x00515de0;FUN_00515de0;105;2;0
0x00515e50;FUN_00515e50;628;1;2
0x005160d0;FUN_005160d0;305;2;2
0x00516210;FUN_00516210;378;3;2
0x00516390;FUN_00516390;398;4;2
0x00516520;FUN_00516520;612;1;0
0x00516790;FUN_00516790;858;1;2
0x00516af0;FUN_00516af0;77;5;0
0x00516b40;FUN_00516b40;5171;2;7
0x00517f90;GFX_Bitmap__GFX_Bitmap;145;11;2
0x00518030;FUN_00518030;29;21;1
0x00518050;FUN_00518050;528;2;3
0x00518260;FUN_00518260;381;3;1
0x005183e0;FUN_005183e0;393;1;1
0x00518570;FUN_00518570;98;7;0
0x005185e0;FUN_005185e0;224;3;4
0x005186c0;FUN_005186c0;55;0;2
0x00518760;FUN_00518760;96;3;0
0x005187c0;FUN_005187c0;89;5;2
0x00518820;GFX_Font__Open;198;3;4
0x005188f0;FUN_005188f0;97;1;2
0x00518960;FUN_00518960;65;2;0
0x005189b0;FUN_005189b0;24;1;0
0x005189d0;FUN_005189d0;25;4;0
0x005189f0;FUN_005189f0;24;14;0
0x00518a10;GFX_Font__OpenFont;701;1;15
0x00518cd0;FUN_00518cd0;12;17;1
0x00518ce0;FUN_00518ce0;17;17;2
0x00518d00;FUN_00518d00;329;16;4
0x00518e50;FUN_00518e50;11;14;1
0x00518e60;GFX_PictureTGA__ReadData_RGB565;852;1;6
0x005191c0;GFX_PictureTGA__ReadData_ARGB1555;1074;2;6
0x00519600;GFX_PictureTGA__ReadData_ARGB1555_2;1119;9;6
0x00519a60;GFX_PictureTGA__ReadData_RGBA8888;820;3;6
0x00519da0;GFX_PictureTGA__ReadData_BGRA8888;795;7;6
0x0051a0c0;FUN_0051a0c0;7;12;0
0x0051a0d0;FUN_0051a0d0;7;12;0
0x0051a0e0;FUN_0051a0e0;6;1;0
0x0051a0f0;FUN_0051a0f0;50;10;0
0x0051a130;FUN_0051a130;270;1;7
0x0051a240;FUN_0051a240;138;11;3
0x0051a2d0;FUN_0051a2d0;78;13;1
0x0051a320;FUN_0051a320;572;1;2
0x0051a560;FUN_0051a560;104;1;1
0x0051a5d0;FUN_0051a5d0;28;1;0
0x0051a5f0;FUN_0051a5f0;27;5;0
0x0051a610;FUN_0051a610;43;1;0
0x0051a640;FUN_0051a640;42;2;0
0x0051a670;FUN_0051a670;32;1;0
0x0051a690;FUN_0051a690;32;1;0
0x0051a6b0;FUN_0051a6b0;319;1;0
0x0051a840;FUN_0051a840;137;1;0
0x0051a8d0;FUN_0051a8d0;812;1;6
0x0051ac00;FUN_0051ac00;23;0;0
0x0051ac20;FUN_0051ac20;6;0;0
0x0051ac30;FUN_0051ac30;29;0;0
0x0051ac50;FUN_0051ac50;29;0;0
0x0051ac70;FUN_0051ac70;115;1;1
0x0051acf0;FUN_0051acf0;97;3;0
0x0051ad60;FUN_0051ad60;955;3;0
0x0051b120;FUN_0051b120;24;1;0
0x0051b290;FUN_0051b290;178;1;7
0x0051b350;FUN_0051b350;23;0;0
0x0051b370;FUN_0051b370;6;0;0
0x0051b380;FUN_0051b380;29;0;0
0x0051b3a0;FUN_0051b3a0;251;0;2
0x0051b4a0;FUN_0051b4a0;120;1;3
0x0051b520;FUN_0051b520;219;1;2
0x0051b600;FUN_0051b600;306;5;4
0x0051b740;FUN_0051b740;220;3;2
0x0051b820;FUN_0051b820;84;6;1
0x0051b880;FUN_0051b880;26;5;1
0x0051b8a0;FUN_0051b8a0;601;2;0
0x0051bc40;FUN_0051bc40;1004;3;0
0x0051c300;INP_Keyboard__TranslateKCtoDIK;1013;1;2
0x0051c8e0;FUN_0051c8e0;170;1;6
0x0051c990;FUN_0051c990;23;0;0
0x0051c9b0;FUN_0051c9b0;6;0;0
0x0051c9c0;FUN_0051c9c0;29;0;0
0x0051c9e0;FUN_0051c9e0;29;0;0
0x0051ca00;FUN_0051ca00;120;1;3
0x0051ca80;FUN_0051ca80;143;1;2
0x0051cb10;FUN_0051cb10;131;2;1
0x0051cba0;FUN_0051cba0;320;3;5
0x0051cce0;FUN_0051cce0;267;1;0
0x0051ce20;FUN_0051ce20;601;2;0
0x0051d1c0;FUN_0051d1c0;37;63;0
0x0051d1f0;FUN_0051d1f0;221;4;0
0x0051d2d0;FUN_0051d2d0;364;1;0
0x0051d440;FUN_0051d440;697;32;0
0x0051d700;FUN_0051d700;140;2;0
0x0051d790;FUN_0051d790;369;1;0
0x0051d920;FUN_0051d920;228;43;3
0x0051da10;FUN_0051da10;106;1;0
0x0051da80;FUN_0051da80;233;15;0
0x0051db70;FUN_0051db70;228;7;0
0x0051dc60;FUN_0051dc60;230;10;0
0x0051dd50;FUN_0051dd50;262;7;0
0x0051de60;FUN_0051de60;305;13;0
0x0051dfa0;FUN_0051dfa0;1136;4;6
0x0051e410;FUN_0051e410;58;3;0
0x0051e450;FUN_0051e450;457;4;0
0x0051e620;FUN_0051e620;421;3;0
0x0051e7d0;FUN_0051e7d0;1892;3;0
0x0051ef40;FUN_0051ef40;257;9;1
0x0051f050;FUN_0051f050;183;2;1
0x0051f110;FUN_0051f110;178;79;1
0x0051f1d0;FUN_0051f1d0;372;2;0
0x0051f350;FUN_0051f350;195;1;0
0x0051f420;FUN_0051f420;541;1;1
0x0051f640;FUN_0051f640;125;4;1
0x0051f6c0;FUN_0051f6c0;228;82;0
0x0051f7b0;FUN_0051f7b0;115;15;1
0x0051f830;FUN_0051f830;89;0;1
0x0051f900;FUN_0051f900;118;0;0
0x0051f910;FUN_0051f910;161;3;2
0x0051f9c0;FUN_0051f9c0;351;27;0
0x0051fb20;FUN_0051fb20;36;1;0
0x0051fb50;FUN_0051fb50;18;5;0
0x0051fb70;FUN_0051fb70;76;2;1
0x0051fbc0;FUN_0051fbc0;58;3;0
0x0051fc00;FUN_0051fc00;41;3;0
0x0051fc30;FUN_0051fc30;584;2;1
0x0051fe80;FUN_0051fe80;773;1;4
0x00520190;FUN_00520190;1134;1;3
0x00520600;FUN_00520600;24;1;2
0x00520620;str_copy;44;225;0
0x00520650;FUN_00520650;24;70;1
0x00520670;FUN_00520670;54;72;0
0x005206b0;FUN_005206b0;24;3;1
0x005206d0;FUN_005206d0;59;37;0
0x00520710;FUN_00520710;19;117;1
0x00520730;FUN_00520730;24;2;1
0x00520750;str_len;19;164;0
0x00520770;FUN_00520770;19;23;1
0x00520790;FUN_00520790;19;1;1
0x005207b0;FUN_005207b0;19;22;1
0x005207d0;FUN_005207d0;24;1;1
0x005207f0;FUN_005207f0;24;1;1
0x00520810;FUN_00520810;418;25;1
0x005209c0;FUN_005209c0;462;58;0
0x00520b90;FUN_00520b90;89;12;0
0x00520bf0;FUN_00520bf0;108;13;0
0x00520c60;FUN_00520c60;24;17;1
0x00520c80;FUN_00520c80;24;5;1
0x00520ca0;FUN_00520ca0;205;1;4
0x00520d70;FUN_00520d70;116;1;4
0x00520df0;FUN_00520df0;118;1;4
0x00520e70;FUN_00520e70;32;8;1
0x00520e90;FUN_00520e90;117;6;6
0x00520f10;FUN_00520f10;31;37;1
0x00520f30;FUN_00520f30;46;13;1
0x00520f60;FUN_00520f60;31;2;1
0x00520f80;FUN_00520f80;51;1;1
0x00520fc0;FUN_00520fc0;6;3;0
0x00520fd0;FUN_00520fd0;10;3;0
0x00520fe0;MOS_CVar__Load;1011;1;19
0x005213e0;MOS_CVar__Save;306;3;10
0x00521520;FUN_00521520;70;38;2
0x00521570;FUN_00521570;241;2;6
0x00521670;FUN_00521670;99;1;1
0x005216e0;FUN_005216e0;57;85;4
0x00521720;FUN_00521720;560;3;13
0x00521950;FUN_00521950;106;17;5
0x005219c0;FUN_005219c0;21;3;1
0x005219e0;FUN_005219e0;153;1;9
0x00521a80;FUN_00521a80;176;11;6
0x00521b30;FUN_00521b30;70;17;4
0x00521b80;FUN_00521b80;117;10;4
0x00521c00;FUN_00521c00;117;1;4
0x00521c80;FUN_00521c80;117;4;4
0x00521d00;FUN_00521d00;73;9;4
0x00521d50;FUN_00521d50;89;4;4
0x00521db0;FUN_00521db0;95;13;4
0x00521e10;FUN_00521e10;41;17;1
0x00521e40;FUN_00521e40;36;4;1
0x00521e70;FUN_00521e70;73;1;4
0x00521ec0;FUN_00521ec0;73;4;4
0x00521f10;FUN_00521f10;73;5;4
0x00521f60;FUN_00521f60;38;2;1
0x00521f90;FUN_00521f90;38;1;1
0x00521fc0;FUN_00521fc0;38;0;1
0x00521ff0;FUN_00521ff0;706;49;8
0x005222c0;FUN_005222c0;57;397;1
0x00522300;FUN_00522300;22;157;2
0x00522320;FUN_00522320;59;3;4
0x00522360;FUN_00522360;516;2;6
0x00522570;FUN_00522570;34;5;2
0x005225a0;FUN_005225a0;68;6;2
0x005225f0;MOS_PackFile__Seek;132;3;1
0x00522680;FUN_00522680;51;1;1
0x005226c0;FUN_005226c0;349;3;4
0x00522820;FUN_00522820;10;1;0
0x00522830;FUN_00522830;680;1;13
0x00522ae0;FUN_00522ae0;70;1;1
0x00522b30;FUN_00522b30;6;1;0
0x00522b40;FUN_00522b40;56;2;0
0x00522b80;FUN_00522b80;52;4;0
0x00522bc0;FUN_00522bc0;30;1;0
0x00522be0;FUN_00522be0;288;1;3
0x00522d50;FUN_00522d50;32;50;1
0x00522d70;FUN_00522d70;12;1;0
0x00522d80;FUN_00522d80;456;8;4
0x00522f50;FUN_00522f50;106;11;2
0x00522fc0;FUN_00522fc0;20;5;0
0x00522fe0;FUN_00522fe0;24;6;0
0x00523000;FUN_00523000;75;2;0
0x00523050;FUN_00523050;13;2;0
0x00523060;FUN_00523060;6;19;0
0x00523070;FUN_00523070;311;12;4
0x005231b0;FUN_005231b0;6;2;0
0x005231c0;FUN_005231c0;231;6;10
0x005232b0;FUN_005232b0;60;6;0
0x005232f0;FUN_005232f0;6;5;0
0x00523300;FUN_00523300;6;4;0
0x00523310;FUN_00523310;6;2;0
0x00523320;FUN_00523320;343;0;2
0x00523b30;FUN_00523b30;1762;1;39
0x00524230;FUN_00524230;173;1;4
0x005242e0;FUN_005242e0;94;13;4
0x00524340;TERMINATION;179;975;10
0x00524400;FUN_00524400;32;1;1
0x00524420;FUN_00524420;61;1;3
0x00524460;FUN_00524460;293;3;3
0x00524590;FUN_00524590;42;3;1
0x005245c0;FUN_005245c0;131;1;1
0x00524650;FUN_00524650;121;2;1
0x005246d0;REB_TextureCache__RegisterTextureName;467;13;5
0x005248b0;FUN_005248b0;8;2;0
0x005248c0;FUN_005248c0;123;2;1
0x00524940;FUN_00524940;40;30;0
0x00524970;FUN_00524970;56;1;1
0x005249b0;FUN_005249b0;56;5;1
0x005249f0;FUN_005249f0;78;2;1
0x00524a40;FUN_00524a40;55;45;3
0x00524a80;FUN_00524a80;109;28;5
0x00524af0;REB_Mesh__Reconstruct_2;1099;2;12
0x00524f40;REB_Mesh__Reconstruct_3;941;3;13
0x005252f0;FUN_005252f0;11;1;0
0x005252fb;REB_Mesh__Reconstruct;426;0;8
0x005254b0;FUN_005254b0;182;2;1
0x00525570;FUN_00525570;139;3;1
0x00525600;FUN_00525600;96;5;3
0x00525660;FUN_00525660;18;1;1
0x00525680;FUN_00525680;96;1;3
0x005256e0;FUN_005256e0;166;1;0
0x00525790;FUN_00525790;414;1;5
0x00525930;FUN_00525930;417;4;5
0x00525ae0;FUN_00525ae0;18;1;1
0x00525b00;FUN_00525b00;273;1;10
0x00525c20;FUN_00525c20;96;1;3
0x00525c80;FUN_00525c80;18;1;1
0x00525ca0;FUN_00525ca0;101;1;3
0x00525d10;FUN_00525d10;1;0;0
0x00525d20;FUN_00525d20;369;1;2
0x00525ea0;FUN_00525ea0;607;2;9
0x00526100;FUN_00526100;140;5;0
0x00526190;FUN_00526190;275;10;0
0x005262b0;FUN_005262b0;19;1;0
0x005262d0;FUN_005262d0;136;1;1
0x00526360;FUN_00526360;812;1;20
0x00526690;FUN_00526690;888;1;4
0x00526a10;FUN_00526a10;1013;1;4
0x00526e10;FUN_00526e10;117;2;0
0x00526e90;FUN_00526e90;122;1;0
0x00526f10;FUN_00526f10;187;1;0
0x00526fd0;FUN_00526fd0;244;1;0
0x005270d0;REB_Map__SetMapToRenderState;530;5;3
0x00527320;FUN_00527320;146;0;3
0x005273c0;FUN_005273c0;146;0;3
0x00527460;FUN_00527460;486;1;16
0x005276c0;FUN_005276c0;36;0;3
0x00527790;FUN_00527790;22;0;0
0x005277b0;FUN_005277b0;6;0;0
0x005277c0;FUN_005277c0;137;3;6
0x00527850;FUN_00527850;70;7;1
0x005278a0;SND_SoundDevice2D__Play;330;1;11
0x00527a10;FUN_00527a10;34;10;1
0x00527a40;FUN_00527a40;39;1;1
0x00527a70;FUN_00527a70;39;1;1
0x00527aa0;FUN_00527aa0;50;2;1
0x00527ae0;FUN_00527ae0;146;0;3
0x00527b80;FUN_00527b80;146;0;3
0x00527c20;FUN_00527c20;1408;1;14
0x005281a0;FUN_005281a0;3;0;0
0x005281b0;FUN_005281b0;6;0;0
0x005281c0;FUN_005281c0;194;3;5
0x00528290;FUN_00528290;350;1;12
0x005283f0;FUN_005283f0;51;1;1
0x00528430;FUN_00528430;76;1;1
0x00528480;FUN_00528480;34;4;1
0x005284b0;FUN_005284b0;71;1;1
0x00528500;SND_SoundDevice3D__Effect_SetType;85;2;2
0x00528560;FUN_00528560;759;1;6
0x00528860;FUN_00528860;6;3;0
0x00528870;SND_SoundDevice3D__Provider_GetName;44;1;1
0x005288a0;SND_SoundDevice3D__Provider_GetName_2;44;2;1
0x005288d0;FUN_005288d0;14;20;1
0x005288e0;SND_Sample__Load;196;2;5
0x005289c0;UTL_QuickIntegrator__DestroyJoystick;296;2;6
0x00528af0;UTL_QuickIntegrator__CreateVEngine;566;1;10
0x00528d30;UTL_QuickIntegrator__DestroyDisplay;85;3;3
0x00528d90;UTL_QuickIntegrator__CreateMouseInput;115;1;3
0x00528e10;UTL_QuickIntegrator__CreateKeyboardInput;115;1;3
0x00528e90;UTL_QuickIntegrator__CreateJoystickInput;115;1;3
0x00528f10;FUN_00528f10;14;4;0
0x00528f20;FUN_00528f20;30;1;1
0x00528f40;FUN_00528f40;63;8;2
0x00528f80;FUN_00528f80;315;3;4
0x005290c0;FUN_005290c0;190;4;8
0x00529180;VEC_Mesh__Load;2485;1;32
0x00529b40;FUN_00529b40;198;1;5
0x00529c10;FUN_00529c10;200;1;2
0x00529ce0;FUN_00529ce0;286;1;2
0x00529e00;FUN_00529e00;312;2;8
0x00529f40;FUN_00529f40;52;1;1
0x00529f80;FUN_00529f80;237;2;3
0x0052a070;FUN_0052a070;202;2;3
0x0052a140;FUN_0052a140;82;2;2
0x0052a1a0;FUN_0052a1a0;2325;4;9
0x0052aac0;FUN_0052aac0;122;1;0
0x0052ab40;FUN_0052ab40;234;2;0
0x0052ac30;FUN_0052ac30;228;1;0
0x0052ad20;VEC_Camera__GetViewFrustumPlaneWP;50;1;1
0x0052ad60;VEC_Camera__GetViewFrustumPlaneVP;50;1;1
0x0052ada0;FUN_0052ada0;705;5;5
0x0052b090;FUN_0052b090;51;1;0
0x0052b0d0;FUN_0052b0d0;51;1;0
0x0052b110;FUN_0052b110;830;1;1
0x0052b470;FUN_0052b470;102;3;1
0x0052b4e0;FUN_0052b4e0;121;12;2
0x0052b560;FUN_0052b560;26;14;1
0x0052b580;FUN_0052b580;334;1;0
0x0052b6d0;FUN_0052b6d0;1510;8;5
0x0052bcc0;FUN_0052bcc0;164;1;0
0x0052bd70;FUN_0052bd70;383;5;0
0x0052bef0;FUN_0052bef0;298;5;2
0x0052c020;FUN_0052c020;642;1;2
0x0052c2b0;FUN_0052c2b0;838;1;2
0x0052c630;FUN_0052c630;492;1;0
0x0052c820;FUN_0052c820;379;1;2
0x0052c9a0;FUN_0052c9a0;347;1;7
0x0052cb00;FUN_0052cb00;42;7;0
0x0052cb30;FUN_0052cb30;43;20;0
0x0052cb60;FUN_0052cb60;50;2;0
0x0052cba0;FUN_0052cba0;50;1;0
0x0052cbe0;FUN_0052cbe0;295;1;1
0x0052cd10;FUN_0052cd10;309;11;2
0x0052ce50;FUN_0052ce50;310;23;4
0x0052cf90;FUN_0052cf90;238;12;1
0x0052d080;FUN_0052d080;254;4;1
0x0052d180;FUN_0052d180;270;1;3
0x0052d290;FUN_0052d290;7;16;0
0x0052d2a0;FUN_0052d2a0;7;3;0
0x0052d2b0;FUN_0052d2b0;7;1;0
0x0052d2c0;FUN_0052d2c0;27;1;2
0x0052d2e0;VEC_Material__Parse_Diffuse;1491;1;14
0x0052d8c0;VEC_Material__Parse_Detail;353;1;10
0x0052da30;FUN_0052da30;100;1;3
0x0052daa0;FUN_0052daa0;355;1;6
0x0052dc10;FUN_0052dc10;23;10;0
0x0052dc30;FUN_0052dc30;21;1;0
0x0052dc50;FUN_0052dc50;37;4;0
0x0052dc80;ANT_GameInfo__Load;644;2;11
0x0052df10;ANT_GameInfo__Save;237;1;9
0x0052e000;FUN_0052e000;10;3;0
0x0052e010;FUN_0052e010;4;11;0
0x0052e020;FUN_0052e020;10;3;0
0x0052e030;FUN_0052e030;10;2;0
0x0052e040;FUN_0052e040;4;178;0
0x0052e050;FUN_0052e050;10;1;0
0x0052e060;ANT_GameInfo__GetNameByGameType;65;5;1
0x0052e0b0;FUN_0052e0b0;17;8;0
0x0052e0d0;FUN_0052e0d0;9;7;0
0x0052e0e0;FUN_0052e0e0;71;6;1
0x0052e130;FUN_0052e130;4;171;0
0x0052e140;FUN_0052e140;30;5;1
0x0052e160;FUN_0052e160;4;2;0
0x0052e170;FUN_0052e170;98;10;0
0x0052e1e0;FUN_0052e1e0;241;5;1
0x0052e2e0;ANT_ServerInfo__Load;1860;2;14
0x0052ea30;FUN_0052ea30;423;1;10
0x0052ebe0;FUN_0052ebe0;66;3;1
0x0052ec30;FUN_0052ec30;3;46;0
0x0052ec40;FUN_0052ec40;30;8;1
0x0052ec60;FUN_0052ec60;4;4;0
0x0052ec70;FUN_0052ec70;71;1;1
0x0052ecc0;FUN_0052ecc0;4;2;0
0x0052ecd0;FUN_0052ecd0;71;1;1
0x0052ed20;FUN_0052ed20;4;2;0
0x0052ed30;FUN_0052ed30;77;1;1
0x0052ed80;FUN_0052ed80;7;2;0
0x0052ed90;FUN_0052ed90;74;1;1
0x0052ede0;FUN_0052ede0;4;2;0
0x0052edf0;FUN_0052edf0;13;5;0
0x0052ee00;FUN_0052ee00;7;7;0
0x0052ee10;FUN_0052ee10;20;3;0
0x0052ee30;FUN_0052ee30;7;8;0
0x0052ee40;FUN_0052ee40;47;3;0
0x0052ee70;FUN_0052ee70;7;6;0
0x0052ee80;FUN_0052ee80;28;4;0
0x0052eea0;FUN_0052eea0;13;2;0
0x0052eeb0;FUN_0052eeb0;7;3;0
0x0052eec0;FUN_0052eec0;13;3;0
0x0052eed0;FUN_0052eed0;7;9;0
0x0052eee0;FUN_0052eee0;13;5;0
0x0052eef0;FUN_0052eef0;7;6;0
0x0052ef00;ANT_ServerInfo__SetMapName;70;4;2
0x0052ef50;FUN_0052ef50;17;3;0
0x0052ef70;FUN_0052ef70;17;7;0
0x0052ef90;ANT_ServerInfo__SwapMapNames;164;1;2
0x0052f040;ANT_ServerInfo__RemoveMapName;118;1;2
0x0052f0c0;FUN_0052f0c0;21;1;0
0x0052f0e0;FUN_0052f0e0;13;4;0
0x0052f0f0;FUN_0052f0f0;22;1;0
0x0052f110;FUN_0052f110;725;1;2
0x0052f3f0;FUN_0052f3f0;86;4;1
0x0052f450;FUN_0052f450;73;2;2
0x0052f4a0;FUN_0052f4a0;121;2;2
0x0052f520;FUN_0052f520;83;4;2
0x0052f580;FUN_0052f580;56;5;0
0x0052f5c0;FUN_0052f5c0;27;6;0
0x0052f5e0;FUN_0052f5e0;117;2;2
0x0052f660;FUN_0052f660;17;1;0
0x0052f680;FUN_0052f680;17;4;0
0x0052f6a0;FUN_0052f6a0;82;1;1
0x0052f700;FUN_0052f700;114;18;0
0x0052f780;FUN_0052f780;277;4;2
0x0052f8a0;FUN_0052f8a0;1018;2;4
0x0052fca0;FUN_0052fca0;30;0;2
0x0052fcc0;FUN_0052fcc0;250;1;1
0x0052fdc0;FUN_0052fdc0;59;1;6
0x0052fe00;ANT_Rules__HeartBeat_CheckFragLimit;583;1;6
0x00530050;ANT_Rules__HeartBeat_CheckTimeLimit;619;1;6
0x005302c0;ANT_Rules__HeartBeat_CheckCaptureLimit;411;1;6
0x00530460;NOD_Message__Allocate_85;485;2;6
0x00530660;ANT_Rules__StartGame;983;1;16
0x00530a40;ANT_Rules__HasFlag_3;614;1;19
0x00530cb0;FUN_00530cb0;118;1;1
0x00530d30;NOD_Message__Allocate_66;656;2;6
0x00530fc0;FUN_00530fc0;562;2;9
0x00531200;FUN_00531200;236;1;5
0x005312f0;ANT_Rules__TeamName;858;1;15
0x00531650;FUN_00531650;13;2;0
0x00531660;FUN_00531660;93;1;3
0x005316c0;FUN_005316c0;7;1;0
0x005316d0;ANT_Rules__Event_Drop;497;2;11
0x005318d0;FUN_005318d0;333;1;10
0x00531a20;ANT_Rules__HasFlag;318;1;8
0x00531b60;ANT_Rules__HasFlag_2;3640;1;25
0x005329a0;FUN_005329a0;54;3;2
0x005329e0;FUN_005329e0;57;8;2
0x00532a20;FUN_00532a20;61;12;2
0x00532a60;ANT_Rules__TeamName_2;111;0;2
0x00532ad0;ANT_Rules__Team_SetFlagStatus;143;5;1
0x00532b60;ANT_Rules__GetFlagNameBase;54;2;1
0x00532ba0;ANT_Rules__OtherTeam;369;1;6
0x00532d20;ANT_Rules__HasFlag_4;1684;1;23
0x005333c0;NOD_Message__Allocate_35;693;1;7
0x00533680;ANT_Rules__ParseIniFile;1398;1;10
0x00533c00;ANT_Rules__ANT_Rules;4111;1;10
0x00534c10;FUN_00534c10;2651;1;9
0x005356b0;ANT_Rules__PM_StartTime;341;1;5
0x00535810;FUN_00535810;62;2;0
0x00535850;FUN_00535850;62;3;0
0x00535890;FUN_00535890;128;2;0
0x00535910;FUN_00535910;8;0;0
0x00535920;FUN_00535920;61;0;1
0x00535960;FUN_00535960;426;2;3
0x00535b10;FUN_00535b10;187;1;3
0x00535bd0;FUN_00535bd0;3;0;0
0x00535be0;FUN_00535be0;56;0;1
0x00535c20;FUN_00535c20;27;0;0
0x00535c40;FUN_00535c40;29;0;0
0x00535c60;FUN_00535c60;105;0;1
0x00535cd0;FUN_00535cd0;94;1;0
0x00535d30;FUN_00535d30;89;2;0
0x00535d90;FUN_00535d90;68;1;0
0x00535de0;FUN_00535de0;8;0;0
0x00535df0;FUN_00535df0;170;0;2
0x00535ea0;FUN_00535ea0;580;1;2
0x005360f0;FUN_005360f0;8;0;0
0x00536100;FUN_00536100;161;0;2
0x005361b0;FUN_005361b0;423;2;6
0x00536360;FUN_00536360;341;1;6
0x005364c0;FUN_005364c0;736;2;10
0x005367a0;FUN_005367a0;33;1;0
0x005367d0;FUN_005367d0;207;0;1
0x005368a0;FUN_005368a0;85;3;0
0x00536900;FUN_00536900;118;0;2
0x00536980;FUN_00536980;84;0;2
0x005369e0;FUN_005369e0;274;0;2
0x00536b00;FUN_00536b00;264;0;4
0x00536c10;FUN_00536c10;442;1;8
0x00536dd0;FUN_00536dd0;283;0;3
0x00536ef0;FUN_00536ef0;95;0;3
0x00536f50;FUN_00536f50;208;0;3
0x00537020;FUN_00537020;175;0;2
0x005370d0;FUN_005370d0;64;16;1
0x00537110;FUN_00537110;72;0;2
0x00537160;FUN_00537160;245;1;5
0x00537290;FUN_00537290;140;1;5
0x00537320;FUN_00537320;220;2;6
0x00537400;FUN_00537400;119;7;3
0x00537480;FUN_00537480;153;11;2
0x00537520;FUN_00537520;190;5;8
0x005375e0;FUN_005375e0;379;9;9
0x00537760;FUN_00537760;204;3;5
0x00537830;FUN_00537830;363;2;3
0x005379a0;FUN_005379a0;165;2;3
0x00537a50;FUN_00537a50;25;0;1
0x00537a70;FUN_00537a70;32;0;1
0x00537a90;FUN_00537a90;21;0;1
0x00537ab0;FUN_00537ab0;28;0;1
0x00537ad0;FUN_00537ad0;96;1;3
0x00537b30;FUN_00537b30;8;1;1
0x00537b40;ANT_Client__HeartBeat;555;1;11
0x00537d90;FUN_00537d90;20;3;1
0x00537db0;FUN_00537db0;807;1;27
0x00538150;ANT_Client__PM_SendClientID;410;1;17
0x005382f0;ANT_Client__PM_SendGameInfo;228;1;10
0x005383e0;Aqua_Network__Info_SetServerInfo;327;1;15
0x00538530;FUN_00538530;417;1;12
0x005386e0;ANT_Client__PM_TimeStamp;311;1;8
0x00538820;FUN_00538820;279;1;7
0x00538940;FUN_00538940;255;1;6
0x00538a40;FUN_00538a40;581;1;9
0x00538c90;FUN_00538c90;100;2;1
0x00538d00;FUN_00538d00;429;1;10
0x00538eb0;FUN_00538eb0;258;1;6
0x00538fc0;ANT_Client__PM_CreateObject;390;1;14
0x00539150;ANT_Client__CreateObject_2;700;1;20
0x00539410;ANT_Client__CreateObject_3;295;1;10
0x00539540;FUN_00539540;332;2;5
0x00539690;FUN_00539690;262;1;4
0x005397a0;FUN_005397a0;345;1;3
0x00539900;FUN_00539900;17;1;2
0x00539920;FUN_00539920;72;1;1
0x00539970;FUN_00539970;312;14;4
0x00539ab0;FUN_00539ab0;13;1;0
0x00539ac0;FUN_00539ac0;7;1;0
0x00539ad0;ANT_Client_Transport__ReceiveNetworkMessages;656;1;11
0x00539d80;FUN_00539d80;430;1;5
0x00539f30;FUN_00539f30;221;2;2
0x0053a010;FUN_0053a010;379;1;13
0x0053a190;FUN_0053a190;121;1;6
0x0053a210;FUN_0053a210;20;3;1
0x0053a230;FUN_0053a230;12;1;0
0x0053a240;FUN_0053a240;114;1;4
0x0053a2c0;FUN_0053a2c0;41;4;1
0x0053a2f0;FUN_0053a2f0;176;1;6
0x0053a3a0;FUN_0053a3a0;521;1;15
0x0053a5b0;ANT_Server__PM_StartScenegraphDuplication;907;1;26
0x0053a9a0;FUN_0053a9a0;1920;1;36
0x0053b120;FUN_0053b120;725;1;24
0x0053b400;FUN_0053b400;267;1;12
0x0053b510;FUN_0053b510;199;1;6
0x0053b5e0;FUN_0053b5e0;277;1;7
0x0053b700;FUN_0053b700;265;1;6
0x0053b810;FUN_0053b810;231;1;6
0x0053b900;FUN_0053b900;372;1;13
0x0053ba80;ANT_Client__CreateObject;866;2;24
0x0053bdf0;FUN_0053bdf0;298;2;13
0x0053bf20;FUN_0053bf20;60;1;2
0x0053bf60;FUN_0053bf60;60;2;2
0x0053bfa0;FUN_0053bfa0;325;1;10
0x0053c0f0;FUN_0053c0f0;101;2;2
0x0053c160;FUN_0053c160;78;2;2
0x0053c1b0;FUN_0053c1b0;1278;3;8
0x0053c6d0;FUN_0053c6d0;257;3;3
0x0053c7e0;FUN_0053c7e0;324;3;2
0x0053c930;FUN_0053c930;93;2;1
0x0053c990;ANT_Server_Transport__ANT_Server_Transport;602;1;19
0x0053cbf0;FUN_0053cbf0;30;0;2
0x0053cc10;FUN_0053cc10;628;1;12
0x0053ce90;FUN_0053ce90;60;1;3
0x0053ced0;FUN_0053ced0;87;1;1
0x0053cf30;FUN_0053cf30;328;13;4
0x0053d080;FUN_0053d080;342;2;3
0x0053d1e0;FUN_0053d1e0;43;2;0
0x0053d210;FUN_0053d210;34;1;1
0x0053d240;FUN_0053d240;36;1;0
0x0053d270;FUN_0053d270;29;1;0
0x0053d290;ANT_Client__ReceiveNetworkMessages;243;1;5
0x0053d3a0;FUN_0053d3a0;514;2;5
0x0053d5b0;FUN_0053d5b0;710;1;14
0x0053d880;FUN_0053d880;624;2;11
0x0053daf0;FUN_0053daf0;254;1;7
0x0053dbf0;FUN_0053dbf0;11;1;1
0x0053dc00;FUN_0053dc00;897;1;11
0x0053df90;FUN_0053df90;10;1;0
0x0053dfa0;FUN_0053dfa0;59;1;2
0x0053dfe0;FUN_0053dfe0;32;1;2
0x0053e000;FUN_0053e000;134;1;1
0x0053e090;ANT_Report__SetState;66;3;2
0x0053e0e0;FUN_0053e0e0;3;34;0
0x0053e0f0;FUN_0053e0f0;23;3;1
0x0053e5c0;FUN_0053e5c0;27;1;1
0x0053e5e0;FUN_0053e5e0;159;1;9
0x0053e680;FUN_0053e680;159;1;9
0x0053e720;FUN_0053e720;258;1;10
0x0053e830;FUN_0053e830;190;3;9
0x0053e8f0;FUN_0053e8f0;198;1;9
0x0053e9c0;FUN_0053e9c0;198;1;9
0x0053ea90;FUN_0053ea90;198;1;9
0x0053eb60;FUN_0053eb60;214;1;9
0x0053ec40;FUN_0053ec40;198;1;9
0x0053ed10;FUN_0053ed10;198;1;9
0x0053ede0;FUN_0053ede0;198;1;9
0x0053eeb0;FUN_0053eeb0;145;1;0
0x0053ef50;FUN_0053ef50;68;5;0
0x0053efa0;FUN_0053efa0;27;2;1
0x0053efc0;FUN_0053efc0;97;1;0
0x0053f030;NOD_Message__Allocate_26;239;2;4
0x0053f120;FUN_0053f120;19;2;0
0x0053f140;FUN_0053f140;34;2;0
0x0053f170;FUN_0053f170;125;2;3
0x0053f1f0;FUN_0053f1f0;35;2;0
0x0053f220;FUN_0053f220;27;2;0
0x0053f240;FUN_0053f240;228;2;5
0x0053f330;FUN_0053f330;11;2;0
0x0053f340;FUN_0053f340;37;1;1
0x0053f370;ANT_BanList__Load;471;1;16
0x0053f550;FUN_0053f550;194;2;10
0x0053f620;FUN_0053f620;116;1;2
0x0053f6a0;FUN_0053f6a0;112;1;2
0x0053f710;FUN_0053f710;72;1;1
0x0053f760;FUN_0053f760;7;1;0
0x0053f770;ANT_BanList__GetBanByIndex;50;1;1
0x0053f7b0;FUN_0053f7b0;88;1;3
0x0053f810;FUN_0053f810;70;1;2
0x0053f860;ANT_Console__Map_GetMapName;3052;1;43
0x00540480;FUN_00540480;473;1;1
0x00540660;FUN_00540660;243;1;5
0x00540760;FUN_00540760;541;1;15
0x00540980;FUN_00540980;279;1;6
0x00540aa0;FUN_00540aa0;357;1;8
0x00540c10;FUN_00540c10;242;1;5
0x00540d10;FUN_00540d10;389;1;4
0x00540ea0;FUN_00540ea0;204;1;8
0x00540f70;FUN_00540f70;429;1;13
0x00541120;ANT_Console__Map_GetMapName_2;923;1;13
0x00541550;FUN_00541550;269;1;6
0x00541660;FUN_00541660;380;1;5
0x005417e0;ANT_Console__Map_GetDefaultMap;542;1;9
0x00541b20;FUN_00541b20;605;1;21
0x00541d80;FUN_00541d80;225;1;6
0x00541e70;FUN_00541e70;220;1;6
0x00541f50;FUN_00541f50;220;1;6
0x00542030;FUN_00542030;226;1;6
0x00542120;FUN_00542120;227;1;6
0x00542210;FUN_00542210;237;21;6
0x00542300;FUN_00542300;54;1;2
0x00542340;FUN_00542340;98;1;3
0x005423b0;FUN_005423b0;23;1;0
0x005423d0;ANT_Console__CheckMaps;165;1;6
0x00542480;FUN_00542480;338;1;10
0x005425e0;FUN_005425e0;222;2;6
0x005426c0;FUN_005426c0;1269;1;15
0x00542bc0;HUD_CockpitInterface__Parse;2962;1;9
0x00543760;FUN_00543760;331;2;2
0x005438b0;FUN_005438b0;393;2;2
0x00543a40;FUN_00543a40;60;1;1
0x00543a80;FUN_00543a80;61;3;1
0x00543ac0;FUN_00543ac0;58;3;1
0x00543b00;FUN_00543b00;23;2;1
0x00543b20;FUN_00543b20;511;2;6
0x00543d20;FUN_00543d20;91;1;2
0x00543d80;FUN_00543d80;87;2;2
0x00543de0;FUN_00543de0;547;1;3
0x00544010;FUN_00544010;553;1;3
0x00544240;FUN_00544240;84;2;2
0x005442a0;FUN_005442a0;87;2;2
0x00544300;FUN_00544300;84;2;2
0x00544360;FUN_00544360;120;1;2
0x005443e0;FUN_005443e0;28;3;1
0x00544400;FUN_00544400;159;2;2
0x005444a0;FUN_005444a0;146;2;1
0x00544540;FUN_00544540;18;1;0
0x00544560;FUN_00544560;19;1;0
0x00544580;FUN_00544580;19;1;0
0x005445a0;FUN_005445a0;61;1;1
0x005445e0;FUN_005445e0;247;1;4
0x005446e0;FUN_005446e0;58;3;1
0x00544720;FUN_00544720;180;1;2
0x005447e0;FUN_005447e0;219;1;4
0x005448c0;FUN_005448c0;58;3;1
0x00544900;FUN_00544900;176;1;2
0x005449b0;FUN_005449b0;263;1;4
0x00544ac0;FUN_00544ac0;48;1;1
0x00544af0;FUN_00544af0;279;1;1
0x00544c10;FUN_00544c10;7;5;0
0x00544c20;FUN_00544c20;1036;1;11
0x00545030;FUN_00545030;87;2;0
0x00545090;FUN_00545090;377;1;1
0x00545210;FUN_00545210;1930;2;14
0x005459a0;FUN_005459a0;20;1;0
0x005459c0;FUN_005459c0;26;1;0
0x005459e0;FUN_005459e0;25;1;0
0x00545a00;FUN_00545a00;82;1;0
0x00545a60;FUN_00545a60;35;1;0
0x00545a90;FUN_00545a90;36;1;0
0x00545ac0;FUN_00545ac0;355;1;2
0x00545c30;FUN_00545c30;357;0;1
0x00545da0;NOD_FX_Seeder__ParseIniFile;526;0;10
0x00545fb0;FUN_00545fb0;82;2;2
0x00546010;FUN_00546010;52;0;2
0x00546050;FUN_00546050;32;2;1
0x00546070;FUN_00546070;69;0;2
0x005460c0;FUN_005460c0;33;7;0
0x005460f0;FUN_005460f0;45;0;1
0x00546120;FUN_00546120;21;10;0
0x00546140;FUN_00546140;22;9;0
0x00546160;FUN_00546160;217;8;11
0x00546240;NOD_FX_Seeder__ParseIniFile_2;1198;2;14
0x005466f0;FUN_005466f0;135;8;7
0x00546780;FUN_00546780;162;8;4
0x00546830;FUN_00546830;213;7;5
0x00546910;FUN_00546910;91;2;3
0x00546970;FUN_00546970;88;8;3
0x005469d0;FUN_005469d0;65;1;2
0x00546a20;FUN_00546a20;113;0;2
0x00546aa0;FUN_00546aa0;231;0;6
0x00546b90;FUN_00546b90;13;0;1
0x00546ba0;FUN_00546ba0;90;0;0
0x00546c00;FUN_00546c00;223;0;1
0x00546ce0;FUN_00546ce0;49;0;0
0x00546d20;FUN_00546d20;159;3;5
0x00546dc0;FUN_00546dc0;456;3;6
0x00546f90;FUN_00546f90;72;2;3
0x00546fe0;FUN_00546fe0;72;2;3
0x00547030;FUN_00547030;134;3;1
0x005470c0;FUN_005470c0;634;1;3
0x00547340;FUN_00547340;198;0;0
0x00547410;FUN_00547410;49;0;0
0x00547450;FUN_00547450;271;1;3
0x00547560;FUN_00547560;604;0;9
0x005477c0;FUN_005477c0;1023;0;8
0x00547bc0;FUN_00547bc0;14;0;1
0x00547bd0;FUN_00547bd0;277;1;3
0x00547cf0;FUN_00547cf0;630;0;9
0x00547f70;FUN_00547f70;8;1;0
0x00547f80;FUN_00547f80;1111;0;8
0x005483e0;FUN_005483e0;48;0;1
0x00548410;FUN_00548410;71;1;2
0x00548460;FUN_00548460;151;0;5
0x00548500;FUN_00548500;33;0;0
0x00548530;FUN_00548530;8;0;1
0x00548560;FUN_00548560;313;2;3
0x005486a0;FUN_005486a0;167;1;2
0x00548750;FUN_00548750;30;0;2
0x00548770;FUN_00548770;435;0;6
0x00548930;FUN_00548930;215;0;1
0x00548a10;FUN_00548a10;152;0;6
0x00548ab0;FUN_00548ab0;26;1;0
0x00548ad0;FUN_00548ad0;517;0;5
0x00548ce0;FUN_00548ce0;33;2;0
0x00548d10;FUN_00548d10;80;2;0
0x00548d60;FUN_00548d60;821;0;5
0x005490a0;FUN_005490a0;58;1;0
0x005490e0;FUN_005490e0;922;0;11
0x00549480;FUN_00549480;37;1;0
0x005494b0;FUN_005494b0;88;1;2
0x00549510;FUN_00549510;103;1;0
0x00549580;FUN_00549580;109;0;0
0x005495f0;FUN_005495f0;33;2;0
0x00549620;FUN_00549620;33;1;0
0x00549650;FUN_00549650;240;0;4
0x00549740;FUN_00549740;40;2;0
0x00549770;FUN_00549770;233;0;1
0x00549860;FUN_00549860;40;1;0
0x00549890;FUN_00549890;763;0;5
0x00549b90;FUN_00549b90;33;1;0
0x00549bc0;FUN_00549bc0;216;0;3
0x00549ca0;FUN_00549ca0;26;1;0
0x00549cc0;FUN_00549cc0;256;0;4
0x00549dc0;FUN_00549dc0;44;1;0
0x00549df0;FUN_00549df0;336;0;5
0x00549f40;FUN_00549f40;69;0;0
0x00549f90;FUN_00549f90;54;2;0
0x00549fd0;FUN_00549fd0;321;1;3
0x0054a120;FUN_0054a120;150;1;2
0x0054a1c0;FUN_0054a1c0;55;2;0
0x0054a200;FUN_0054a200;55;2;0
0x0054a240;FUN_0054a240;50;1;0
0x0054a280;FUN_0054a280;309;2;2
0x0054a3c0;FUN_0054a3c0;140;6;1
0x0054a450;FUN_0054a450;845;5;1
0x0054a7a0;FUN_0054a7a0;152;6;1
0x0054a840;FUN_0054a840;501;5;1
0x0054aa40;FUN_0054aa40;64;1;1
0x0054aa80;FUN_0054aa80;106;1;2
0x0054aaf0;FUN_0054aaf0;559;1;3
0x0054ad20;FUN_0054ad20;98;0;2
0x0054ad90;FUN_0054ad90;21;0;0
0x0054adb0;FUN_0054adb0;21;0;0
0x0054add0;FUN_0054add0;62;0;0
0x0054ae10;FUN_0054ae10;633;0;11
0x0054b0d0;FUN_0054b0d0;229;1;1
0x0054b1c0;FUN_0054b1c0;183;1;7
0x0054b280;FUN_0054b280;490;1;4
0x0054b470;FUN_0054b470;45;0;3
0x0054b4a0;FUN_0054b4a0;371;1;3
0x0054b620;FUN_0054b620;371;1;3
0x0054b7a0;FUN_0054b7a0;371;1;3
0x0054b920;FUN_0054b920;41;0;0
0x0054b950;FUN_0054b950;21;0;0
0x0054b970;FUN_0054b970;110;0;3
0x0054ba00;FUN_0054ba00;555;1;9
0x0054bc30;FUN_0054bc30;719;1;14
0x0054bf00;FUN_0054bf00;902;1;14
0x0054c290;BHV_Goto3D__Handle_3;741;0;6
0x0054c580;FUN_0054c580;256;0;5
0x0054c680;FUN_0054c680;16;5;0
0x0054c690;FUN_0054c690;162;5;0
0x0054c740;FUN_0054c740;24;5;0
0x0054c760;FUN_0054c760;25;0;0
0x0054c780;FUN_0054c780;21;0;0
0x0054c7a0;FUN_0054c7a0;339;0;2
0x0054c920;FUN_0054c920;411;0;6
0x0054cac0;FUN_0054cac0;110;1;3
0x0054cb30;FUN_0054cb30;28;7;0
0x0054cb50;FUN_0054cb50;260;8;0
0x0054cc60;FUN_0054cc60;43;9;0
0x0054cc90;FUN_0054cc90;43;8;0
0x0054ccc0;FUN_0054ccc0;793;0;4
0x0054d020;BHV_Vessel_A_DipolIn__ParseIniFile;78;2;5
0x0054d070;FUN_0054d070;32;0;0
0x0054d090;FUN_0054d090;21;0;0
0x0054d0b0;FUN_0054d0b0;187;0;3
0x0054d170;FUN_0054d170;1105;0;7
0x0054d5d0;FUN_0054d5d0;36;0;1
0x0054d600;FUN_0054d600;47;0;1
0x0054d630;FUN_0054d630;174;0;1
0x0054d6e0;FUN_0054d6e0;1214;1;5
0x0054dbf0;BHV_Vessel_A_DipolOut__ParseIniFile;78;1;5
0x0054dc40;FUN_0054dc40;21;0;0
0x0054dc60;FUN_0054dc60;115;0;4
0x0054dce0;FUN_0054dce0;1392;0;19
0x0054e250;FUN_0054e250;178;2;0
0x0054e320;FUN_0054e320;193;0;4
0x0054e3f0;FUN_0054e3f0;118;0;4
0x0054e470;BHV_Vessel_A_Attack__ParseIniFile;2469;1;7
0x0054ee20;FUN_0054ee20;849;1;13
0x0054f180;FUN_0054f180;325;1;5
0x0054f2d0;FUN_0054f2d0;230;1;5
0x0054f3c0;FUN_0054f3c0;78;2;1
0x0054f410;FUN_0054f410;1321;3;10
0x0054f940;FUN_0054f940;186;2;2
0x0054fa00;FUN_0054fa00;1258;2;8
0x0054fef0;FUN_0054fef0;238;1;3
0x0054ffe0;FUN_0054ffe0;380;5;1
0x00550160;FUN_00550160;82;0;1
0x005501c0;FUN_005501c0;714;0;14
0x00550490;FUN_00550490;154;0;2
0x00550530;FUN_00550530;68;0;1
0x00550580;FUN_00550580;169;0;1
0x00550630;FUN_00550630;554;0;6
0x00550860;FUN_00550860;154;0;2
0x00550900;FUN_00550900;707;0;6
0x00550bd0;FUN_00550bd0;87;0;1
0x00550c30;FUN_00550c30;68;0;1
0x00550c80;FUN_00550c80;663;0;10
0x00550f20;FUN_00550f20;80;0;1
0x00550f70;FUN_00550f70;84;0;1
0x00550fd0;FUN_00550fd0;667;0;9
0x00551270;FUN_00551270;104;0;2
0x005512e0;FUN_005512e0;272;0;2
0x005513f0;FUN_005513f0;21;0;0
0x00551410;FUN_00551410;21;0;0
0x00551430;FUN_00551430;56;0;0
0x00551470;FUN_00551470;10;0;1
0x00551480;FUN_00551480;238;2;4
0x00551590;FUN_00551590;21;0;0
0x005515b0;FUN_005515b0;37;0;1
0x005515e0;FUN_005515e0;403;1;6
0x00551780;FUN_00551780;338;0;1
0x005518e0;FUN_005518e0;62;0;1
0x00551920;FUN_00551920;136;0;2
0x005519b0;FUN_005519b0;154;0;7
0x00551a50;FUN_00551a50;1107;1;7
0x00551eb0;FUN_00551eb0;1062;1;15
0x005522e0;FUN_005522e0;981;1;14
0x005526c0;FUN_005526c0;27;1;0
0x005526e0;FUN_005526e0;11;0;1
0x005526f0;FUN_005526f0;384;1;11
0x00552870;FUN_00552870;21;0;0
0x00552890;FUN_00552890;21;0;0
0x005528b0;FUN_005528b0;123;0;1
0x00552930;FUN_00552930;182;0;3
0x005529f0;FUN_005529f0;990;1;14
0x00552dd0;FUN_00552dd0;402;2;6
0x00552f70;FUN_00552f70;21;0;0
0x00552f90;FUN_00552f90;37;0;1
0x00552fc0;BVH_Vessel_A_Patrol__ParseIniFile;439;1;5
0x00553180;FUN_00553180;586;1;11
0x005533d0;FUN_005533d0;463;2;4
0x005535a0;FUN_005535a0;699;2;4
0x00553860;FUN_00553860;494;0;4
0x00553a50;FUN_00553a50;36;0;1
0x00553a80;FUN_00553a80;41;0;0
0x00553ab0;FUN_00553ab0;233;0;3
0x00553ba0;FUN_00553ba0;377;1;3
0x00553d20;FUN_00553d20;695;1;13
0x00553fe0;FUN_00553fe0;62;0;0
0x00554020;FUN_00554020;62;0;0
0x00554060;FUN_00554060;25;0;0
0x00554080;FUN_00554080;21;0;0
0x005540a0;FUN_005540a0;190;0;2
0x00554180;FUN_00554180;132;1;7
0x00554210;FUN_00554210;284;0;5
0x00554330;FUN_00554330;180;1;6
0x005543f0;FUN_005543f0;23;1;0
0x00554410;FUN_00554410;89;1;3
0x00554470;FUN_00554470;20;1;0
0x00554490;FUN_00554490;34;0;0
0x005544c0;FUN_005544c0;62;0;2
0x00554500;FUN_00554500;523;0;7
0x00554710;FUN_00554710;36;0;1
0x00554740;FUN_00554740;961;3;6
0x00554b10;FUN_00554b10;1097;1;15
0x00554f60;FUN_00554f60;1144;1;15
0x005553e0;FUN_005553e0;208;1;2
0x005554b0;FUN_005554b0;1229;1;7
0x00555980;BHV_Vessel_A_EscapeTo__ReadDataFrom;499;1;5
0x00555b80;BVH_Vehcile_A_Patrol__ParseIniFile;301;1;5
0x00555cb0;FUN_00555cb0;21;0;0
0x00555cd0;FUN_00555cd0;37;0;1
0x00555d00;FUN_00555d00;553;1;11
0x00555f30;FUN_00555f30;535;2;2
0x00556150;FUN_00556150;527;0;5
0x00556360;FUN_00556360;36;0;1
0x00556390;FUN_00556390;34;0;0
0x005563c0;FUN_005563c0;323;0;2
0x00556510;FUN_00556510;692;1;13
0x005567d0;FUN_005567d0;41;0;0
0x00556800;FUN_00556800;21;0;0
0x00556820;FUN_00556820;110;0;3
0x005568b0;FUN_005568b0;555;1;9
0x00556ae0;FUN_00556ae0;733;1;14
0x00556dc0;FUN_00556dc0;881;1;14
0x00557140;BHV_Goto3D__Handle_2;573;0;8
0x00557380;FUN_00557380;256;0;5
0x00557480;FUN_00557480;47;0;1
0x005574b0;FUN_005574b0;84;0;1
0x00557510;FUN_00557510;653;1;4
0x005577f0;BHV_Vehicle_A_DipolIn__ParseIniFile;78;1;5
0x00557840;FUN_00557840;21;0;0
0x00557860;FUN_00557860;115;0;4
0x005578e0;FUN_005578e0;526;0;9
0x00557af0;FUN_00557af0;133;0;4
0x00557b80;FUN_00557b80;73;0;4
0x00557bd0;BHV_Vehicle_A_Attack__ParseIniFile;874;1;5
0x00557f40;FUN_00557f40;830;1;13
0x00558280;FUN_00558280;474;1;8
0x00558460;FUN_00558460;343;1;7
0x005585c0;FUN_005585c0;338;1;7
0x00558720;FUN_00558720;17;0;0
0x00558740;FUN_00558740;536;0;4
0x00558960;FUN_00558960;126;0;0
0x005589e0;FUN_005589e0;296;0;4
0x00558b10;FUN_00558b10;155;0;3
0x00558bb0;FUN_00558bb0;272;0;2
0x00558cc0;FUN_00558cc0;960;2;8
0x00559080;FUN_00559080;21;0;0
0x005590a0;FUN_005590a0;37;0;1
0x005590d0;FUN_005590d0;511;1;11
0x005592d0;FUN_005592d0;776;0;3
0x005595e0;FUN_005595e0;36;0;1
0x00559610;FUN_00559610;21;0;0
0x00559630;FUN_00559630;109;0;3
0x005596a0;FUN_005596a0;190;0;4
0x00559760;FUN_00559760;50;0;2
0x005597a0;FUN_005597a0;338;2;5
0x00559900;BHV_Turret_A_Patrol__ParseIniFile;1066;1;5
0x00559d30;FUN_00559d30;21;0;0
0x00559d50;FUN_00559d50;168;0;5
0x00559e00;FUN_00559e00;219;0;6
0x00559ee0;FUN_00559ee0;34;0;0
0x00559f10;FUN_00559f10;21;0;0
0x00559f30;FUN_00559f30;238;0;7
0x0055a050;FUN_0055a050;113;0;3
0x0055a0d0;FUN_0055a0d0;67;0;4
0x0055a120;FUN_0055a120;1663;0;20
0x0055a7c0;FUN_0055a7c0;730;1;7
0x0055aaa0;FUN_0055aaa0;709;1;8
0x0055ad70;FUN_0055ad70;145;1;3
0x0055ae10;FUN_0055ae10;359;3;5
0x0055af80;BHV_Turret_A_ComplexAttack__ParseIniFile;1156;1;5
0x0055b410;FUN_0055b410;21;0;0
0x0055b430;FUN_0055b430;21;0;0
0x0055b450;FUN_0055b450;116;0;1
0x0055b4d0;FUN_0055b4d0;119;0;3
0x0055b550;FUN_0055b550;666;1;6
0x0055b7f0;FUN_0055b7f0;21;0;0
0x0055b810;FUN_0055b810;37;0;1
0x0055b840;FUN_0055b840;267;1;11
0x0055b950;BHV_PhysicalCharacter_A_Attack__ParseIniFile;173;1;5
0x0055ba00;FUN_0055ba00;820;0;9
0x0055bd40;FUN_0055bd40;60;0;1
0x0055bd80;FUN_0055bd80;34;0;0
0x0055bdb0;FUN_0055bdb0;345;0;5
0x0055bf10;FUN_0055bf10;773;0;2
0x0055c230;FUN_0055c230;36;0;1
0x0055c260;FUN_0055c260;41;0;0
0x0055c290;FUN_0055c290;21;0;0
0x0055c2b0;FUN_0055c2b0;110;0;3
0x0055c340;FUN_0055c340;510;1;10
0x0055c540;FUN_0055c540;650;1;14
0x0055c7d0;FUN_0055c7d0;795;1;14
0x0055caf0;BHV_Goto3D__Handle;656;0;8
0x0055cd80;FUN_0055cd80;270;0;6
0x0055ce90;FUN_0055ce90;106;0;1
0x0055cf00;FUN_0055cf00;824;0;6
0x0055d280;FUN_0055d280;52;1;0
0x0055d2c0;FUN_0055d2c0;362;1;4
0x0055d430;FUN_0055d430;317;1;7
0x0055d590;FUN_0055d590;44;0;1
0x0055d5c0;MUI_Item__Parse;312;1;11
0x0055d700;MUI_Menu__Parse;1668;2;21
0x0055dd90;FUN_0055dd90;1103;2;17
0x0055e1e0;FUN_0055e1e0;662;1;20
0x0055e480;FUN_0055e480;62;1;1
0x0055e4c0;MUI_Menu__RelocateResources;557;1;2
0x0055e6f0;FUN_0055e6f0;200;2;1
0x0055e7c0;FUN_0055e7c0;71;1;0
0x0055e810;MUI_Item_OBJECT__Parse;247;0;7
0x0055e910;MUI_Item_OBJECT__RelocateResources;62;0;1
0x0055e950;FUN_0055e950;24;1;0
0x0055e970;FUN_0055e970;489;1;2
0x0055eb60;FUN_0055eb60;314;14;14
0x0055eca0;MUI_Item__Parse_2;420;4;11
0x0055ee50;FUN_0055ee50;303;2;0
0x0055ef80;FUN_0055ef80;111;4;0
0x0055eff0;FUN_0055eff0;103;32;0
0x0055f060;FUN_0055f060;102;85;0
0x0055f0d0;FUN_0055f0d0;35;1;0
0x0055f100;FUN_0055f100;96;1;0
0x0055f160;FUN_0055f160;86;93;0
0x0055f1c0;FUN_0055f1c0;85;18;0
0x0055f220;FUN_0055f220;76;1;0
0x0055f270;FUN_0055f270;103;1;0
0x0055f2e0;FUN_0055f2e0;95;14;0
0x0055f340;FUN_0055f340;97;2;0
0x0055f3b0;FUN_0055f3b0;23;1;0
0x0055f3d0;FUN_0055f3d0;317;0;3
0x0055f510;FUN_0055f510;824;1;4
0x0055f860;FUN_0055f860;35;20;0
0x0055f890;FUN_0055f890;364;2;2
0x0055fa10;FUN_0055fa10;361;2;2
0x0055fb90;FUN_0055fb90;126;1;1
0x0055fc10;FUN_0055fc10;99;0;2
0x0055fc80;MUI_Item_TEXT__Parse;813;0;12
0x0055ffb0;MUI_Item_TEXT__RelocateResources;118;0;1
0x00560030;FUN_00560030;69;0;2
0x00560080;FUN_00560080;545;33;11
0x005602b0;FUN_005602b0;27;2;1
0x005602d0;FUN_005602d0;470;7;1
0x005604b0;FUN_005604b0;293;4;2
0x005605e0;FUN_005605e0;58;6;2
0x00560620;FUN_00560620;85;1;0
0x00560680;FUN_00560680;62;0;1
0x005606c0;MUI_Item_BAR__Parse;431;0;11
0x00560870;MUI_Item_BAR__RelocateResources;177;0;1
0x00560930;FUN_00560930;364;1;0
0x00560aa0;FUN_00560aa0;35;1;0
0x00560ad0;thunk_FUN_0055ee50;5;0;1
0x00560ae0;MUI_Item_PICTURE__RelocateResources;62;0;1
0x00560b20;FUN_00560b20;155;16;3
0x00560bc0;FUN_00560bc0;41;1;0
0x00560bf0;FUN_00560bf0;13;0;1
0x00560c00;MUI_Item_TURN__RelocateResources;62;0;1
0x00560c40;FUN_00560c40;100;1;0
0x00560cb0;FUN_00560cb0;450;1;7
0x00560e80;FUN_00560e80;103;1;2
0x00560ef0;FUN_00560ef0;97;1;2
0x00560f60;FUN_00560f60;98;1;2
0x00560fd0;FUN_00560fd0;106;1;2
0x00561040;FUN_00561040;97;1;2
0x005610b0;FUN_005610b0;29;0;1
0x005610d0;FUN_005610d0;66;14;0
0x00561120;FUN_00561120;59;3;0
0x00561160;FUN_00561160;109;2;0
0x005611d0;FUN_005611d0;66;7;0
0x00561220;FUN_00561220;59;4;0
0x00561260;FUN_00561260;60;15;0
0x005612a0;FUN_005612a0;59;6;0
0x005612e0;FUN_005612e0;60;2;0
0x00561320;FUN_00561320;69;8;0
0x00561370;FUN_00561370;60;16;0
0x005613b0;FUN_005613b0;63;10;0
0x005613f0;FUN_005613f0;60;1;0
0x00561430;FUN_00561430;59;10;0
0x00561470;FUN_00561470;58;2;0
0x005614b0;STY_Base__Take_LoadTable_2;540;1;15
0x005616d0;STY_Base__Mood_LoadTable;495;2;15
0x005618c0;STY_Base__Person_LoadTable;507;2;15
0x00561ac0;STY_Base__Take_LoadTable;490;1;15
0x00561cb0;STY_Base__D_LoadTable;609;1;16
0x00561f20;STY_Base__Room_LoadTable;490;1;15
0x00562110;STY_Base__Option_LoadTable_3;462;1;14
0x005622e0;STY_Base__Movie_LoadTable;490;3;15
0x005624d0;STY_Base__Mission_LoadTable;491;2;15
0x005626c0;STY_Base__Station_LoadTable;509;3;15
0x005628c0;STY_Base__Item_LoadTable;491;2;15
0x00562ab0;STY_Base__Ship_LoadTable;497;2;15
0x00562cb0;STY_Base__Briefing_LoadTable;491;1;15
0x00562ea0;STY_Base__Acknowledge_LoadTable;524;1;14
0x005630b0;STY_Base__Difficulty_LoadTable;489;1;15
0x005632a0;Savegame__ctor;89;8;1
0x00563300;Savegame__Load;1623;7;14
0x00563960;FUN_00563960;556;2;12
0x00563b90;STY_Base__Option_LoadTable;489;4;13
0x00563d80;FUN_00563d80;154;2;8
0x00563e20;FUN_00563e20;83;10;0
0x00563e80;FUN_00563e80;31;10;0
0x00563ea0;STY_Player__AddOption;219;1;1
0x00563f80;FUN_00563f80;135;6;0
0x00564010;FUN_00564010;131;1;0
0x005640a0;FUN_005640a0;132;1;0
0x00564130;STY_Player__AddMovie;161;5;1
0x005641e0;FUN_005641e0;13;4;0
0x005641f0;FUN_005641f0;11;3;0
0x00564200;STY_Inventory__GetItemInfoByIndex_17;179;3;1
0x005642c0;STY_Inventory__GetItemInfoByIndex_10;187;3;1
0x00564380;STY_Inventory__Load;320;2;6
0x005644c0;FUN_005644c0;78;1;1
0x00564510;FUN_00564510;76;2;0
0x00564560;FUN_00564560;43;1;1
0x00564590;FUN_00564590;29;1;1
0x005645b0;STY_Item__Load;725;1;10
0x00564890;STY_Item__GetTypeByName_2;1200;1;2
0x00564d40;STY_Item__GetTypeByName;239;1;1
0x00564ec0;FUN_00564ec0;36;2;1
0x00564ef0;FUN_00564ef0;21;2;1
0x00564f10;STY_Take__Load;438;2;8
0x005650d0;FUN_005650d0;59;1;1
0x00565110;FUN_00565110;46;1;1
0x00565140;STY_Person__Load;760;1;8
0x00565440;STY_Mood__Load;260;1;7
0x00565550;FUN_00565550;72;1;1
0x005655a0;FUN_005655a0;37;1;1
0x005655d0;STY_Ship__Load;978;1;10
0x005659b0;STY_Briefing__Load;260;1;7
0x00565ac0;FUN_00565ac0;50;1;1
0x00565b00;FUN_00565b00;37;1;1
0x00565b30;STY_Difficulty__Load;426;1;7
0x00565ce0;FUN_00565ce0;9;74;0
0x00565cf0;FUN_00565cf0;10;23;1
0x00565d00;FUN_00565d00;112;17;4
0x00565d70;FUN_00565d70;36;1;1
0x00565da0;FUN_00565da0;8;2;1
0x00565db0;STY_Dialog__Load;778;1;10
0x005660c0;FUN_005660c0;28;3;1
0x005660e0;FUN_005660e0;21;4;1
0x00566100;STY_Mission__Load;260;1;7
0x00566210;FUN_00566210;36;1;1
0x00566240;STY_Movie__Load;343;1;7
0x005663a0;FUN_005663a0;42;1;1
0x005663d0;FUN_005663d0;29;3;1
0x005663f0;STY_Room__Load;343;1;7
0x00566550;FUN_00566550;77;1;2
0x005665a0;FUN_005665a0;64;2;2
0x005665e0;STY_Station__Load;678;1;9
0x00566890;FUN_00566890;25;1;0
0x005668b0;FUN_005668b0;51;2;2
0x005668f0;STY_Option__Load;817;1;13
0x00566c30;STY_Acknowledge__Load;509;1;8
0x00566e30;FUN_00566e30;9;1;0
0x00566e40;STY_Command__Load;555;1;7
0x00567090;FUN_00567090;79;1;2
0x005670e0;FUN_005670e0;28;1;1
0x00567100;FUN_00567100;468;1;4
0x005672e0;FUN_005672e0;376;1;4
0x00567460;FUN_00567460;394;1;4
0x005675f0;FUN_005675f0;323;2;4
0x00567740;FUN_00567740;397;2;4
0x005678d0;FUN_005678d0;140;17;2
0x00567960;FUN_00567960;137;3;2
0x005679f0;FUN_005679f0;145;1;2
0x00567a90;FUN_00567a90;214;1;3
0x00567b70;FUN_00567b70;273;1;2
0x00567c90;FUN_00567c90;151;1;2
0x00567d30;FUN_00567d30;151;1;2
0x00567dd0;FUN_00567dd0;276;1;2
0x00567ef0;FUN_00567ef0;276;1;2
0x00568010;FUN_00568010;145;1;2
0x005680b0;FUN_005680b0;214;1;3
0x00568190;FUN_00568190;273;1;2
0x005682b0;FUN_005682b0;151;1;2
0x00568350;FUN_00568350;151;1;2
0x005683f0;FUN_005683f0;276;1;2
0x00568510;FUN_00568510;276;1;2
0x00568630;FUN_00568630;179;1;3
0x005686f0;FUN_005686f0;342;1;3
0x00568850;FUN_00568850;185;1;3
0x00568910;FUN_00568910;185;1;3
0x005689d0;FUN_005689d0;345;1;3
0x00568b30;FUN_00568b30;345;1;3
0x00568c90;FUN_00568c90;179;1;3
0x00568d50;FUN_00568d50;342;1;3
0x00568eb0;FUN_00568eb0;185;1;3
0x00568f70;FUN_00568f70;185;1;3
0x00569030;FUN_00569030;345;1;3
0x00569190;FUN_00569190;345;1;3
0x005692f0;FUN_005692f0;276;1;2
0x00569410;FUN_00569410;151;1;2
0x005694b0;FUN_005694b0;151;1;2
0x00569550;FUN_00569550;276;1;2
0x00569670;FUN_00569670;276;1;2
0x00569790;FUN_00569790;276;1;2
0x005698b0;FUN_005698b0;151;1;2
0x00569950;FUN_00569950;151;1;2
0x005699f0;FUN_005699f0;276;1;2
0x00569b10;FUN_00569b10;276;1;2
0x00569c30;FUN_00569c30;345;1;3
0x00569d90;FUN_00569d90;185;1;3
0x00569e50;FUN_00569e50;185;1;3
0x00569f10;FUN_00569f10;345;1;3
0x0056a070;FUN_0056a070;345;1;3
0x0056a1d0;FUN_0056a1d0;345;1;3
0x0056a330;FUN_0056a330;185;1;3
0x0056a3f0;FUN_0056a3f0;185;1;3
0x0056a4b0;FUN_0056a4b0;345;1;3
0x0056a610;FUN_0056a610;345;1;3
0x0056a770;MAI_Display__TK1_BUT_SetHead;166;1;2
0x0056a840;MAI_Display__TK1_BUT_SetName;168;1;2
0x0056a910;MAI_Display__TK1_BUT_SetRoom;160;1;2
0x0056a9d0;FUN_0056a9d0;484;1;4
0x0056abc0;FUN_0056abc0;354;2;2
0x0056ad30;MAI_Display__TK1_BUT_On;240;2;2
0x0056ae40;MAI_Display__TK1_BUT_Off;240;2;2
0x0056af50;MAI_Display__TK1_BUT_Empty;240;2;2
0x0056b060;FUN_0056b060;260;2;3
0x0056b170;MAI_Display__TK2_BUT_SetSmallHead;177;1;2
0x0056b250;FUN_0056b250;94;1;2
0x0056b2b0;FUN_0056b2b0;264;1;5
0x0056b3c0;MAI_Display__TK2_BUT_On;555;1;2
0x0056b610;MAI_Display__TK2_BUT_Off;470;2;2
0x0056b810;MAI_Display__TK2_BUT_Empty;531;1;2
0x0056ba50;FUN_0056ba50;286;1;4
0x0056bb80;FUN_0056bb80;35;2;1
0x0056bbb0;FUN_0056bbb0;33;2;1
0x0056bbe0;FUN_0056bbe0;45;1;1
0x0056bc10;FUN_0056bc10;140;1;2
0x0056bca0;FUN_0056bca0;157;1;2
0x0056bd40;FUN_0056bd40;349;1;3
0x0056bea0;FUN_0056bea0;175;1;3
0x0056bf50;FUN_0056bf50;175;1;3
0x0056c000;FUN_0056c000;212;1;3
0x0056c0e0;FUN_0056c0e0;154;1;3
0x0056c180;FUN_0056c180;127;1;1
0x0056c200;FUN_0056c200;127;1;1
0x0056c280;FUN_0056c280;110;3;4
0x0056c2f0;MAI_Display__MOV_BUT_SetHead;177;1;2
0x0056c3d0;MAI_Display__MOV_BUT_SetName;190;1;2
0x0056c4c0;FUN_0056c4c0;399;1;4
0x0056c650;FUN_0056c650;288;1;2
0x0056c770;MAI_Display__MOV_BUT_On;384;2;2
0x0056c920;MAI_Display__MOV_BUT_Off;384;2;2
0x0056cad0;MAI_Display__MOV_BUT_Empty;384;2;2
0x0056cc80;FUN_0056cc80;87;2;1
0x0056cce0;FUN_0056cce0;75;1;2
0x0056cd30;FUN_0056cd30;139;1;3
0x0056cdc0;FUN_0056cdc0;219;1;2
0x0056cea0;FUN_0056cea0;219;1;2
0x0056cf80;FUN_0056cf80;219;1;2
0x0056d060;FUN_0056d060;218;1;2
0x0056d140;FUN_0056d140;218;1;2
0x0056d220;FUN_0056d220;218;1;2
0x0056d300;FUN_0056d300;207;4;2
0x0056d3d0;FUN_0056d3d0;207;4;2
0x0056d4a0;FUN_0056d4a0;207;4;2
0x0056d570;FUN_0056d570;49;4;1
0x0056d5b0;FUN_0056d5b0;49;4;1
0x0056d5f0;FUN_0056d5f0;49;4;1
0x0056d630;FUN_0056d630;260;4;3
0x0056d740;FUN_0056d740;94;4;2
0x0056d7a0;FUN_0056d7a0;294;4;5
0x0056d8d0;FUN_0056d8d0;219;1;2
0x0056d9b0;FUN_0056d9b0;219;1;2
0x0056da90;FUN_0056da90;219;1;2
0x0056db70;FUN_0056db70;218;1;2
0x0056dc50;FUN_0056dc50;218;1;2
0x0056dd30;FUN_0056dd30;218;1;2
0x0056de10;FUN_0056de10;207;1;2
0x0056dee0;FUN_0056dee0;207;1;2
0x0056dfb0;FUN_0056dfb0;207;1;2
0x0056e080;FUN_0056e080;260;1;3
0x0056e190;FUN_0056e190;94;1;2
0x0056e1f0;FUN_0056e1f0;264;1;5
0x0056e300;FUN_0056e300;47;1;1
0x0056e330;FUN_0056e330;380;1;4
0x0056e4b0;FUN_0056e4b0;288;2;3
0x0056e5d0;MAI_Display__EQU_BUT_On;310;2;2
0x0056e730;MAI_Display__EQU_BUT_Off;310;2;2
0x0056e890;MAI_Display__EQU_BUT_Empty;379;1;5
0x0056ea30;FUN_0056ea30;140;2;2
0x0056eac0;FUN_0056eac0;274;2;4
0x0056ebe0;FUN_0056ebe0;286;1;4
0x0056ed10;FUN_0056ed10;53;2;1
0x0056ed50;MAI_Display__GAL_BUT_SetName;168;2;2
0x0056ee20;MAI_Display__GAL_BUT_SetRoom;160;2;2
0x0056eee0;FUN_0056eee0;352;3;3
0x0056f040;MAI_Display__GAL_BUT_On;345;4;2
0x0056f1c0;MAI_Display__GAL_BUT_Off;345;4;2
0x0056f340;MAI_Display__LEV_BUT_SetHead;166;1;2
0x0056f410;MAI_Display__LEV_BUT_SetName;168;1;2
0x0056f4e0;MAI_Display__LEV_BUT_SetRoom;160;1;2
0x0056f5a0;FUN_0056f5a0;484;2;4
0x0056f790;MAI_Display__LEV_BUT_On;345;2;2
0x0056f910;MAI_Display__LEV_BUT_Off;345;2;2
0x0056fa90;MAI_Display__LEV_BUT_Empty;345;2;2
0x0056fc10;FUN_0056fc10;49;1;1
0x0056fc50;FUN_0056fc50;51;4;1
0x0056fc90;FUN_0056fc90;313;5;4
0x0056fdd0;FUN_0056fdd0;462;5;0
0x0056ffa0;FUN_0056ffa0;39;1;2
0x0056ffd0;FUN_0056ffd0;41;0;1
0x00570000;FUN_00570000;5;0;0
0x00570010;FUN_00570010;31;0;1
0x00570030;FUN_00570030;17;1;0
0x00570050;STY_Inventory__GetItemInfoByIndex_8;323;2;3
0x005701d0;STY_Inventory__GetItemInfoByIndex_16;641;0;13
0x00570460;FUN_00570460;717;0;5
0x00570750;FUN_00570750;674;1;8
0x00570a00;FUN_00570a00;72;1;3
0x00570a50;FUN_00570a50;80;0;2
0x00570aa0;FUN_00570aa0;60;1;1
0x00570ae0;FUN_00570ae0;1900;1;22
0x00571250;STY_Inventory__GetItemInfoByIndex_2;54;1;1
0x00571290;FUN_00571290;116;1;0
0x00571310;STY_Inventory__GetItemInfoByIndex_3;1130;2;21
0x00571780;FUN_00571780;48;1;0
0x005717b0;STY_Inventory__GetItemInfoByIndex_4;721;2;3
0x00571ac0;STY_Inventory__GetItemInfoByIndex;1222;2;3
0x00571fc0;FUN_00571fc0;510;2;1
0x005721e0;FUN_005721e0;275;0;8
0x00572300;STY_Inventory__GetItemInfoByIndex_11;1270;0;9
0x00572880;FUN_00572880;469;1;6
0x00572a60;FUN_00572a60;62;11;2
0x00572aa0;FUN_00572aa0;145;1;4
0x00572b40;FUN_00572b40;41;0;1
0x00572b70;FUN_00572b70;17;1;0
0x00572b90;STY_Inventory__GetItemInfoByIndex_5;106;1;1
0x00572c00;FUN_00572c00;332;2;12
0x00572d50;STY_Inventory__GetItemInfoByIndex_6;293;0;8
0x00572e80;FUN_00572e80;206;1;3
0x00572f50;STY_Inventory__GetItemInfoByIndex_7;846;0;8
0x005732a0;FUN_005732a0;1236;1;5
0x00573780;FUN_00573780;357;0;7
0x005738f0;FUN_005738f0;75;16;1
0x00573940;FUN_00573940;31;13;0
0x00573960;FUN_00573960;339;18;6
0x00573ac0;FUN_00573ac0;366;7;5
0x00573c30;FUN_00573c30;65;4;3
0x00573c80;FUN_00573c80;87;3;3
0x00573ce0;FUN_00573ce0;87;1;3
0x00573d40;FUN_00573d40;119;4;4
0x00573dc0;FUN_00573dc0;87;1;3
0x00573e20;FUN_00573e20;87;1;3
0x00573e80;FUN_00573e80;87;1;3
0x00573ee0;FUN_00573ee0;90;2;3
0x00573f40;FUN_00573f40;96;2;3
0x00573fc0;STY_Command__GetCommand_2;74;1;1
0x00574010;STY_Command__GetCommand;473;5;7
0x00574210;FUN_00574210;32;14;0
0x00574230;FUN_00574230;30;6;0
0x00574250;FUN_00574250;27;1;0
0x00574270;FUN_00574270;39;18;0
0x005742a0;FUN_005742a0;27;4;0
0x005742c0;FUN_005742c0;755;1;6
0x005745c0;FUN_005745c0;559;1;2
0x005747f0;FUN_005747f0;231;2;2
0x005748e0;FUN_005748e0;44;1;1
0x00574910;FUN_00574910;3;0;0
0x00574920;FUN_00574920;31;0;1
0x00574940;FUN_00574940;45;0;2
0x00574970;FUN_00574970;57;0;3
0x005749b0;FUN_005749b0;28;0;2
0x005749d0;GUI_Menu_Main__HeartBeat;1150;0;12
0x00574e80;FUN_00574e80;28;0;2
0x00574ea0;FUN_00574ea0;28;0;2
0x00574ec0;FUN_00574ec0;28;0;2
0x00574ee0;FUN_00574ee0;28;0;2
0x00574f00;FUN_00574f00;45;0;2
0x00574f30;FUN_00574f30;170;0;10
0x00574fe0;FUN_00574fe0;19;0;1
0x00575000;GUI_Menu_SinglePlayer__HeartBeat;585;0;10
0x005752f0;FUN_005752f0;28;0;2
0x00575310;FUN_00575310;28;0;2
0x00575330;FUN_00575330;28;0;2
0x00575350;FUN_00575350;78;0;2
0x005753a0;FUN_005753a0;170;0;10
0x00575450;FUN_00575450;19;0;1
0x00575470;FUN_00575470;704;0;19
0x00575730;GUI_Menu_SinglePlayer__HeartBeat;1241;0;12
0x00575cb0;FUN_00575cb0;170;0;10
0x00575d60;FUN_00575d60;19;0;1
0x00575d80;GUI_Menu_Singleplayer__HeartBeat;457;0;11
0x00575fe0;FUN_00575fe0;170;0;10
0x00576090;FUN_00576090;19;0;1
0x005760b0;GUI_Menu_Setup__HeartBeat;438;0;6
0x00576310;FUN_00576310;28;0;2
0x00576330;FUN_00576330;28;0;2
0x00576350;FUN_00576350;170;0;10
0x00576400;FUN_00576400;19;0;1
0x00576420;FUN_00576420;61;0;3
0x00576460;FUN_00576460;19;0;1
0x00576480;GUI_Menu_Controls__HeartBeat_3;1522;0;17
0x00576b30;FUN_00576b30;190;0;2
0x00576bf0;FUN_00576bf0;167;1;1
0x00576ca0;FUN_00576ca0;168;0;2
0x00576d50;FUN_00576d50;102;0;2
0x00576dc0;FUN_00576dc0;102;0;2
0x00576e30;FUN_00576e30;234;0;2
0x00576f20;FUN_00576f20;170;0;10
0x00576fd0;FUN_00576fd0;19;0;1
0x00576ff0;FUN_00576ff0;33;0;1
0x00577020;FUN_00577020;19;0;1
0x00577040;GUI_Menu_Controls__HeartBeat_2;7136;0;19
0x00578cf0;FUN_00578cf0;170;0;10
0x00578da0;FUN_00578da0;19;0;1
0x00578dc0;FUN_00578dc0;33;0;1
0x00578df0;FUN_00578df0;19;0;1
0x00578e10;GUI_Menu_Controls__HeartBeat;6338;0;19
0x0057a7a0;FUN_0057a7a0;170;0;10
0x0057a850;FUN_0057a850;19;0;1
0x0057a870;FUN_0057a870;53;0;3
0x0057a8b0;FUN_0057a8b0;35;0;1
0x0057a8e0;GUI_Menu_Look__HeartBeat;710;0;14
0x0057ac50;FUN_0057ac50;319;0;10
0x0057ad90;FUN_0057ad90;19;0;1
0x0057adb0;FUN_0057adb0;53;0;3
0x0057adf0;FUN_0057adf0;35;0;1
0x0057ae20;GUI_Menu_Look__HeartBeat_2;707;0;15
0x0057b190;FUN_0057b190;319;0;10
0x0057b2d0;FUN_0057b2d0;19;0;1
0x0057b2f0;FUN_0057b2f0;123;2;1
0x0057b370;FUN_0057b370;124;0;2
0x0057b3f0;FUN_0057b3f0;33;0;1
0x0057b420;FUN_0057b420;19;0;1
0x0057b440;GUI_Menu_Look__HeartBeat_4;3255;0;19
0x0057c1b0;FUN_0057c1b0;170;0;10
0x0057c260;FUN_0057c260;19;0;1
0x0057c280;FUN_0057c280;33;0;1
0x0057c2b0;FUN_0057c2b0;19;0;1
0x0057c2d0;GUI_Menu_Look__HeartBeat_3;1901;0;17
0x0057cad0;FUN_0057cad0;170;0;10
0x0057cb80;FUN_0057cb80;19;0;1
0x0057cba0;FUN_0057cba0;33;0;1
0x0057cbd0;FUN_0057cbd0;19;0;1
0x0057cbf0;GUI_Menu_Camera__HeartBeat;4329;0;17
0x0057dd90;FUN_0057dd90;170;0;10
0x0057de40;FUN_0057de40;19;0;1
0x0057de60;FUN_0057de60;33;0;1
0x0057de90;FUN_0057de90;19;0;1
0x0057deb0;GUI_Menu_Camera__HeartBeat_2;8940;0;21
0x00580290;FUN_00580290;170;0;10
0x00580340;FUN_00580340;19;0;1
0x00580360;GUI_Menu_System__HeartBeat;314;0;4
0x00580540;FUN_00580540;28;0;2
0x00580560;FUN_00580560;28;0;2
0x00580580;FUN_00580580;170;0;10
0x00580630;FUN_00580630;19;0;1
0x00580650;FUN_00580650;28;0;2
0x00580670;FUN_00580670;28;0;2
0x00580690;GUI_Menu_CDKey__HeartBeat;1663;0;21
0x00580da0;FUN_00580da0;170;0;10
0x00580e50;FUN_00580e50;19;0;1
0x00580e70;FUN_00580e70;30;0;2
0x00580e90;FUN_00580e90;19;0;1
0x00580eb0;GUI_Menu_Joystick__HeartBeat;312;0;10
0x00581080;FUN_00581080;170;0;10
0x00581130;FUN_00581130;19;0;1
0x00581150;FUN_00581150;29;0;2
0x00581170;FUN_00581170;19;0;1
0x00581190;GUI_Menu_Cinematics__HeartBeat;544;0;6
0x00581460;FUN_00581460;477;1;9
0x00581640;FUN_00581640;170;0;10
0x005816f0;FUN_005816f0;19;0;1
0x00581710;FUN_00581710;30;0;2
0x00581730;FUN_00581730;19;0;1
0x00581750;GUI_Menu_Sound__HeartBeat;563;0;10
0x00581a30;FUN_00581a30;170;0;10
0x00581ae0;FUN_00581ae0;19;0;1
0x00581b00;GUI_Menu_Network__HeartBeat;312;0;10
0x00581cd0;FUN_00581cd0;170;0;10
0x00581d80;FUN_00581d80;19;0;1
0x00581da0;FUN_00581da0;44;0;3
0x00581dd0;FUN_00581dd0;19;0;1
0x00581df0;GUI_Menu_Performance__HeartBeat;747;0;14
0x005821c0;FUN_005821c0;409;2;8
0x00582360;FUN_00582360;170;0;10
0x00582410;FUN_00582410;19;0;1
0x00582430;FUN_00582430;730;0;9
0x00582710;FUN_00582710;124;0;2
0x00582790;GUI_Menu_MultiplayerTest__HeartBeat;6026;0;52
0x00583ff0;FUN_00583ff0;53;0;2
0x00584030;FUN_00584030;920;0;11
0x005843d0;FUN_005843d0;19;0;1
0x005843f0;FUN_005843f0;19;0;1
0x00584410;FUN_00584410;19;0;1
0x00584430;GUI_Menu_Multiplayer_Choose__HeartBeat_2;467;0;8
0x005846a0;FUN_005846a0;45;0;2
0x005846d0;FUN_005846d0;53;0;2
0x00584710;FUN_00584710;53;0;2
0x00584750;FUN_00584750;170;0;10
0x00584800;FUN_00584800;19;0;1
0x00584820;FUN_00584820;147;0;6
0x005848c0;FUN_005848c0;19;0;1
0x005848e0;GUI_Menu_Multiplayer_Choose__HeartBeat_4;1158;0;31
0x00584e00;FUN_00584e00;170;0;10
0x00584eb0;FUN_00584eb0;19;0;1
0x00584ed0;FUN_00584ed0;165;1;7
0x00584f80;FUN_00584f80;75;0;2
0x00584fd0;FUN_00584fd0;106;0;5
0x00585040;FUN_00585040;19;0;1
0x00585060;GUI_Menu_Password__HeartBeat;788;0;22
0x00585400;FUN_00585400;170;0;10
0x005854b0;FUN_005854b0;19;0;1
0x005854d0;FUN_005854d0;72;0;6
0x00585520;FUN_00585520;45;0;2
0x00585550;GUI_Menu_Multiplayer_Choose__HeartBeat_3;1797;0;43
0x00585db0;FUN_00585db0;170;0;10
0x00585e60;FUN_00585e60;19;0;1
0x00585e80;FUN_00585e80;41;0;3
0x00585eb0;FUN_00585eb0;19;0;1
0x00585ed0;GUI_Menu_Player__HeartBeat;839;0;18
0x005862c0;FUN_005862c0;170;0;10
0x00586370;FUN_00586370;19;0;1
0x00586390;FUN_00586390;19;0;1
0x005863b0;FUN_005863b0;19;0;1
0x005863d0;GUI_Menu_Multiplayer_Choose__HeartBeat;312;0;10
0x005865a0;FUN_005865a0;170;0;10
0x00586650;FUN_00586650;19;0;1
0x00586670;FUN_00586670;143;1;8
0x00586700;FUN_00586700;42;2;2
0x00586730;FUN_00586730;5069;1;30
0x00587b00;FUN_00587b00;79;2;1
0x00587b50;FUN_00587b50;77;1;2
0x00587ba0;FUN_00587ba0;529;1;2
0x00587dc0;FUN_00587dc0;50;1;0
0x00587e00;FUN_00587e00;58;6;0
0x00587e40;FUN_00587e40;35;5;0
0x00587e70;FUN_00587e70;60;1;0
0x00587eb0;FUN_00587eb0;261;1;0
0x00587fc0;FUN_00587fc0;528;1;17
0x005881d0;FUN_005881d0;30;0;2
0x005881f0;FUN_005881f0;352;1;14
0x00588350;FUN_00588350;352;1;2
0x005884b0;FUN_005884b0;406;0;10
0x00588650;MAI_Handler__Handle;994;0;19
0x00588a80;FUN_00588a80;132;1;2
0x00588b10;MAI_Handler__Handle_Station;2227;1;33
0x005893f0;FUN_005893f0;1483;2;14
0x005899c0;FUN_005899c0;284;2;16
0x00589ae0;MAI_Handler__Handle_Options;1152;1;24
0x00589f80;MAI_Handler__Handle_Select_Dialog_3;270;1;2
0x0058a0d0;FUN_0058a0d0;73;1;4
0x0058a120;MAI_Handler__Handle_Dialog;687;1;14
0x0058a3d0;MAI_Handler__Handle_Select_Dialog_4;415;1;7
0x0058a5a0;MAI_Handler__Handle_Dock;807;1;15
0x0058a8d0;MAI_Handler__Handle_Equip;198;1;3
0x0058a9c0;MAI_Handler__Handle_Select_Dialog;191;1;2
0x0058aaa0;MAI_Handler__Handle_Select_Dialog_2;335;1;5
0x0058ac10;FUN_0058ac10;90;1;3
0x0058ac70;MAI_Result__Init;19;13;0
0x0058ac90;MAI_Result__AddOrder;199;15;1
0x0058ad60;FUN_0058ad60;18;10;1
0x0058ad80;FUN_0058ad80;909;10;14
0x0058b110;FUN_0058b110;156;2;9
0x0058b1b0;FUN_0058b1b0;254;0;12
0x0058b2b0;FUN_0058b2b0;395;0;2
0x0058b460;FUN_0058b460;717;1;2
0x0058b730;FUN_0058b730;295;1;2
0x0058b860;FUN_0058b860;45;8;1
0x0058b890;FUN_0058b890;104;0;3
0x0058b900;FUN_0058b900;84;2;3
0x0058b960;FUN_0058b960;495;1;5
0x0058bb50;FUN_0058bb50;124;3;4
0x0058bbd0;FUN_0058bbd0;19;1;0
0x0058bbf0;FUN_0058bbf0;46;1;0
0x0058bc20;FUN_0058bc20;144;2;5
0x0058bcb0;FUN_0058bcb0;229;1;3
0x0058bda0;FUN_0058bda0;239;1;3
0x0058be90;FUN_0058be90;73;1;2
0x0058bee0;FUN_0058bee0;253;5;3
0x0058bfe0;FUN_0058bfe0;91;1;3
0x0058c040;FUN_0058c040;7;2;0
0x0058c050;FUN_0058c050;1180;1;8
0x0058c4f0;FUN_0058c4f0;771;1;7
0x0058c800;FUN_0058c800;442;1;8
0x0058c9c0;FUN_0058c9c0;2676;1;7
0x0058d440;FUN_0058d440;177;2;4
0x0058d500;FUN_0058d500;7;7;0
0x0058d510;FUN_0058d510;14;79;0
0x0058d520;MENU_Open;415;21;2
0x0058d760;MENU_Close;423;20;2
0x0058d9a0;FUN_0058d9a0;37;16;1
0x0058d9d0;FUN_0058d9d0;37;16;1
0x0058da00;FUN_0058da00;24;28;1
0x0058da20;FUN_0058da20;26;22;1
0x0058da40;FUN_0058da40;26;22;1
0x0058da60;GUI_Menu_Interface__MENU_AllocateList;135;2;3
0x0058daf0;GUI_Menu_Interface__MENU_AddItemToList;82;1;2
0x0058db50;GUI_Menu_Interface__MENU_ScrollListUp;101;1;2
0x0058dbc0;GUI_Menu_Interface__MENU_ScrollListDown;101;1;2
0x0058dc30;FUN_0058dc30;87;1;2
0x0058dc90;FUN_0058dc90;66;1;2
0x0058dce0;FUN_0058dce0;56;1;2
0x0058dd20;GUI_Menu_Interface__MENU_UpdateData;29148;41;24
0x00595010;FUN_00595010;4;1;0
0x00595020;FUN_00595020;4;1;0
0x00595030;FUN_00595030;4;1;0
0x00595040;FUN_00595040;64;1;1
0x00595080;FUN_00595080;11;1;0
0x00595090;FUN_00595090;283;3;0
0x005951b0;FUN_005951b0;556;7;1
0x005953e0;FUN_005953e0;103;1;1
0x00595450;FUN_00595450;245;1;1
0x00595550;FUN_00595550;85;1;1
0x005955b0;FUN_005955b0;135;1;1
0x00595640;FUN_00595640;376;2;4
0x005957c0;FUN_005957c0;387;2;4
0x00595950;FUN_00595950;35;1;0
0x00595980;FUN_00595980;511;1;2
0x00595b80;FUN_00595b80;797;1;7
0x00595ea0;FUN_00595ea0;39;1;2
0x00595ed0;FUN_00595ed0;267;1;4
0x00595fe0;FUN_00595fe0;873;1;5
0x00596350;FUN_00596350;503;1;7
0x00596550;FUN_00596550;47;1;3
0x00596580;FUN_00596580;47;1;3
0x005965b0;FUN_005965b0;39;1;3
0x005965e0;FUN_005965e0;140;1;3
0x00596670;FUN_00596670;39;1;3
0x005966a0;FUN_005966a0;134;1;4
0x00596740;FUN_00596740;1023;3;6
0x00596b40;FUN_00596b40;647;3;14
0x00596dd0;FUN_00596dd0;50;2;3
0x00596e10;FUN_00596e10;141;2;3
0x00596ea0;FUN_00596ea0;238;2;4
0x00596f90;FUN_00596f90;54;2;4
0x00596fd0;FUN_00596fd0;353;3;4
0x00597140;FUN_00597140;374;3;5
0x005972c0;FUN_005972c0;126;1;4
0x00597340;FUN_00597340;145;3;5
0x005973e0;FUN_005973e0;44;2;3
0x00597410;FUN_00597410;44;2;3
0x00597440;FUN_00597440;114;2;3
0x005974c0;FUN_005974c0;110;1;3
0x00597530;FUN_00597530;481;1;7
0x00597720;FUN_00597720;283;1;6
0x00597840;GUI_Menu_Interface__MENUSOUND_AddSoundSystem;604;1;8
0x00597aa0;FUN_00597aa0;357;1;7
0x00597c10;FUN_00597c10;416;1;7
0x00597db0;FUN_00597db0;214;1;2
0x00597e90;FUN_00597e90;2552;1;1
0x00598890;GUI_Menu_Interface__PassCommandData;3673;3;2
0x005996f0;FUN_005996f0;173;1;3
0x005997a0;GUI_Menu_Interface__GetKey;1109;1;2
0x00599c00;GUI_Menu_Interface__LoadProfiles;1493;1;28
0x0059a1e0;FUN_0059a1e0;251;7;13
0x0059a2e0;FUN_0059a2e0;1191;1;6
0x0059a8a0;FUN_0059a8a0;4825;1;7
0x0059bca0;GUI_Menu_Interface__WriteEventToFile;1295;1;4
0x0059c1b0;FUN_0059c1b0;932;1;8
0x0059c560;FUN_0059c560;2122;1;5
0x0059cdb0;FUN_0059cdb0;379;1;5
0x0059cf30;GUI_Menu_Interface__LoadProfiles_3;1820;1;6
0x0059d650;GUI_Menu_Interface__LoadProfiles_2;350;1;6
0x0059d7b0;FUN_0059d7b0;256;1;5
0x0059d8b0;FUN_0059d8b0;357;1;5
0x0059da20;FUN_0059da20;671;3;5
0x0059dcc0;FUN_0059dcc0;70;1;0
0x0059dd10;FUN_0059dd10;630;2;10
0x0059df90;GUI_MenuInterface__Parse;619;1;17
0x0059e200;GUI_MenuInterface__ParseFights;693;1;18
0x0059e4c0;GUI_MenuInterface__ParseFights_2;701;1;13
0x0059e780;FUN_0059e780;52;2;2
0x0059e7c0;FUN_0059e7c0;136;0;5
0x0059e850;FUN_0059e850;116;2;5
0x0059e8d0;FUN_0059e8d0;4;5;0
0x0059e8e0;GUI_TextMenu__GetTextItem_2;100;70;2
0x0059e950;GUI_TextMenu__AddTextItem;216;1;3
0x0059ea30;FUN_0059ea30;335;1;7
0x0059eb80;FUN_0059eb80;10;1;0
0x0059eb90;GUI_TextMenu__UploadTextureToHardware;508;28;8
0x0059ed90;GUI_TextMenu__HandleEvent;775;25;4
0x0059f0b0;GUI_TextMenu__GetTextItem;245;1;2
0x0059f1b0;GUI_Menu__Parse;1021;1;17
0x0059f5b0;FUN_0059f5b0;31;8;0
0x0059f5d0;FUN_0059f5d0;68;11;3
0x0059f620;GUI_TextData_Input__Leave;74;11;3
0x0059f670;GUI_TextData_Input__Input;371;5;6
0x0059f7f0;GUI_TextData_Input__Blink;118;11;4
0x0059f870;FUN_0059f870;21;11;0
0x0059f890;FUN_0059f890;467;1;4
0x0059fa70;FUN_0059fa70;48;29;1
0x0059faa0;FUN_0059faa0;16;29;1
0x0059fab0;FUN_0059fab0;62;29;1
0x0059faf0;FUN_0059faf0;204;29;2
0x0059fbc0;FUN_0059fbc0;26;2;0
0x0059fbe0;FUN_0059fbe0;11;6;1
0x0059fbf0;FUN_0059fbf0;68;1;2
0x0059fc40;FUN_0059fc40;262;18;5
0x0059fd50;FUN_0059fd50;13;2;0
0x0059fd60;FUN_0059fd60;242;3;4
0x0059fe60;FUN_0059fe60;52;4;1
0x0059fea0;FUN_0059fea0;40;3;1
0x0059fed0;FUN_0059fed0;7;3;0
0x0059fee0;FUN_0059fee0;181;4;6
0x0059ffa0;FUN_0059ffa0;78;1;1
0x0059fff0;FUN_0059fff0;188;11;5
0x005a00b0;FUN_005a00b0;73;3;3
0x005a0100;GUI_TextItem__HandleEvent;1007;10;4
0x005a0510;FUN_005a0510;42;6;0
0x005a0540;GUI_Menu__Parse_2;1829;0;15
0x005a0c70;FUN_005a0c70;101;1;2
0x005a0ce0;FUN_005a0ce0;25;1;1
0x005a0d00;FUN_005a0d00;73;1;2
0x005a0d50;FUN_005a0d50;32;1;1
0x005a0d70;FUN_005a0d70;21;1;0
0x005a0d90;GUI_Hardware_TextAdress__GetHardwareData;84;1;1
0x005a0df0;FUN_005a0df0;179;6;3
0x005a0eb0;FUN_005a0eb0;1381;5;7
0x005a1420;FUN_005a1420;462;7;5
0x005a15f0;GUI_Hardware_TextAdress__GetStringByKeyCode;1628;1;1
0x005a2170;FUN_005a2170;351;1;0
0x005a22d0;FUN_005a22d0;419;1;3
0x005a2480;FUN_005a2480;39;1;2
0x005a24b0;FUN_005a24b0;89;1;3
0x005a2510;FUN_005a2510;183;0;8
0x005a25d0;FUN_005a25d0;1607;0;18
0x005a2c50;FUN_005a2c50;39;1;2
0x005a2c80;FUN_005a2c80;41;0;1
0x005a2cb0;FUN_005a2cb0;17;1;0
0x005a2cd0;FUN_005a2cd0;507;3;14
0x005a2ed0;FUN_005a2ed0;89;1;3
0x005a2f30;FUN_005a2f30;183;0;8
0x005a2ff0;FUN_005a2ff0;1133;0;10
0x005a3480;FUN_005a3480;39;1;2
0x005a34b0;FUN_005a34b0;41;0;1
0x005a34e0;FUN_005a34e0;17;1;0
0x005a3500;FUN_005a3500;82;1;2
0x005a3560;FUN_005a3560;927;1;17
0x005a3900;FUN_005a3900;160;0;8
0x005a39a0;FUN_005a39a0;719;0;12
0x005a3c70;FUN_005a3c70;50;1;3
0x005a3cb0;FUN_005a3cb0;58;0;2
0x005a3cf0;FUN_005a3cf0;38;1;1
0x005a3d20;FUN_005a3d20;1237;1;18
0x005a4200;STY_Inventory__GetItemInfoByIndex_9;1118;2;21
0x005a4660;STY_Inventory__GetItemInfoByIndex_12;625;2;3
0x005a4910;FUN_005a4910;218;0;7
0x005a49f0;FUN_005a49f0;484;2;1
0x005a4c10;FUN_005a4c10;511;2;1
0x005a4e40;STY_Inventory__GetItemInfoByIndex_13;614;1;3
0x005a50c0;STY_Inventory__GetItemInfoByIndex_14;2416;0;11
0x005a5ae0;FUN_005a5ae0;49;1;2
0x005a5b20;FUN_005a5b20;41;0;1
0x005a5b50;FUN_005a5b50;999;1;19
0x005a5f40;FUN_005a5f40;156;2;9
0x005a5fe0;FUN_005a5fe0;282;0;10
0x005a6100;STY_Inventory__GetItemInfoByIndex_15;267;1;2
0x005a6210;STY_Inventory__GetItemInfoByIndex_18;1147;0;13
0x005a66b0;FUN_005a66b0;32;1;1
0x005a66d0;FUN_005a66d0;953;1;19
0x005a6a90;FUN_005a6a90;41;1;2
0x005a6ac0;FUN_005a6ac0;396;0;11
0x005a6c50;FUN_005a6c50;527;0;4
0x005a6e90;FUN_005a6e90;57;1;1
0x005a6ed0;FUN_005a6ed0;91;0;1
0x005a6f30;FUN_005a6f30;80;1;0
0x005a6f80;FUN_005a6f80;471;1;8
0x005a7160;FUN_005a7160;133;1;0
0x005a71f0;FUN_005a71f0;887;1;13
0x005a7570;FUN_005a7570;497;0;16
0x005a7770;FUN_005a7770;550;0;5
0x005a79c0;FUN_005a79c0;75;1;3
0x005a7a10;FUN_005a7a10;41;0;1
0x005a7a40;FUN_005a7a40;17;1;0
0x005a7a60;FUN_005a7a60;146;1;10
0x005a7b00;FUN_005a7b00;197;2;11
0x005a7bf0;FUN_005a7bf0;274;0;7
0x005a7d10;FUN_005a7d10;370;0;2
0x005a7ea0;FUN_005a7ea0;60;1;3
0x005a7ee0;FUN_005a7ee0;79;0;2
0x005a7f30;FUN_005a7f30;59;1;1
0x005a7f70;FUN_005a7f70;59;1;2
0x005a7fb0;FUN_005a7fb0;240;1;15
0x005a80a0;FUN_005a80a0;287;2;16
0x005a81f0;FUN_005a81f0;1871;0;30
0x005a8940;FUN_005a8940;659;0;9
0x005a8c00;FUN_005a8c00;18;1;1
0x005a8c20;FUN_005a8c20;7;1;0
0x005a8c30;FUN_005a8c30;833;0;19
0x005a8f80;FUN_005a8f80;37;0;1
0x005a8fb0;GUI_DataAnimator__ActivateInterpolation;156;1;2
0x005a9050;FUN_005a9050;82;4;1
0x005a90b0;FUN_005a90b0;128;2;1
0x005a9130;FUN_005a9130;53;0;2
0x005a9170;FUN_005a9170;1178;2;19
0x005a9610;FUN_005a9610;225;2;6
0x005a9700;FUN_005a9700;224;1;7
0x005a97e0;FUN_005a97e0;331;0;11
0x005a9930;FUN_005a9930;385;0;8
0x005a9ac0;FUN_005a9ac0;797;1;10
0x005a9de0;FUN_005a9de0;424;1;6
0x005a9f90;FUN_005a9f90;163;1;3
0x005aa040;FUN_005aa040;143;2;3
0x005aa0d0;FUN_005aa0d0;143;1;3
0x005aa160;FUN_005aa160;103;1;3
0x005aa1d0;FUN_005aa1d0;1581;2;10
0x005aa820;FUN_005aa820;154;1;2
0x005aa8c0;FUN_005aa8c0;434;6;3
0x005aaa80;FUN_005aaa80;102;1;1
0x005aaaf0;FUN_005aaaf0;102;1;1
0x005aab60;FUN_005aab60;92;1;2
0x005aabc0;FUN_005aabc0;406;1;5
0x005aad60;GetTickCount;6;7;0
0x005aad70;FUN_005aad70;12;2;1
0x005aad80;FUN_005aad80;28;2;1
0x005aada0;WSACleanup;5;2;0
0x005aadb0;FUN_005aadb0;76;5;1
0x005aae00;FUN_005aae00;195;2;0
0x005aaed0;FUN_005aaed0;337;2;0
0x005ab030;FUN_005ab030;81;4;2
0x005ab09a;FUN_005ab09a;10;5;1
0x005ab0a4;FUN_005ab0a4;30;0;1
0x005ab0c2;FUN_005ab0c2;87;2;3
0x005ab120;FUN_005ab120;25;10;1
0x005ab142;FUN_005ab142;467;1;8
0x005ab315;FUN_005ab315;40;1;0
0x005ab33d;FUN_005ab33d;327;3;2
0x005ab484;FUN_005ab484;145;4;1
0x005ab515;FUN_005ab515;207;2;5
0x005ab5e4;FUN_005ab5e4;60;20;5
0x005ab620;FUN_005ab620;49;1;3
0x005ab651;FUN_005ab651;19;29;1
0x005ab664;FUN_005ab664;42;3;3
0x005ab68e;FUN_005ab68e;45;1;0
0x005ab6c2;FUN_005ab6c2;7;2;0
0x005ab6c9;FUN_005ab6c9;7;1;0
0x005ab6d0;FUN_005ab6d0;79;2;1
0x005ab71f;FUN_005ab71f;54;0;1
0x005ab755;FUN_005ab755;84;1;1
0x005ab7a9;FUN_005ab7a9;37;0;1
0x005ab7ce;FUN_005ab7ce;182;1;1
0x005ab884;FUN_005ab884;114;0;2
0x005ab8f9;FUN_005ab8f9;123;2;1
0x005ab974;FUN_005ab974;29;1;0
0x005ab991;FUN_005ab991;47;5;3
0x005ab9c0;FUN_005ab9c0;266;2;4
0x005abaca;FUN_005abaca;340;2;2
0x005abc1e;FUN_005abc1e;78;1;1
0x005abc6c;FUN_005abc6c;44;2;0
0x005abca0;FUN_005abca0;20;4;2
0x005abcbd;FUN_005abcbd;174;1;4
0x005abd6b;FUN_005abd6b;121;1;1
0x005abde4;FUN_005abde4;132;1;1
0x005abe70;_strncat;291;2;0
0x005abfa0;_strrchr;39;0;0
0x005abfc7;FUN_005abfc7;164;1;1
0x005ac06b;FUN_005ac06b;170;1;4
0x005ac115;FUN_005ac115;47;8;3
0x005ac144;FUN_005ac144;232;1;3
0x005ac22c;FUN_005ac22c;34;3;3
0x005ac24e;FUN_005ac24e;353;2;2
0x005ac3af;FUN_005ac3af;44;5;3
0x005ac3db;FUN_005ac3db;141;1;4
0x005ac470;__alldiv;170;1;0
0x005ac51c;_longjmp;120;12;4
0x005ac595;FUN_005ac595;119;1;1
0x005ac60c;__setjmp3;123;8;0
0x005ac687;FUN_005ac687;70;1;5
0x005ac6cd;FUN_005ac6cd;202;16;3
0x005ac797;FUN_005ac797;40;1;0
0x005ac7bf;FUN_005ac7bf;352;16;3
0x005ac91f;FUN_005ac91f;220;16;4
0x005ac9fb;FUN_005ac9fb;53;0;2
0x005aca30;FUN_005aca30;141;2;2
0x005acabd;FUN_005acabd;42;2;1
0x005acaf0;__cintrindisp2;62;1;2
0x005acb2e;__cintrindisp1;61;0;2
0x005acb6b;__ctrandisp2;72;0;3
0x005acbb3;FUN_005acbb3;7;2;0
0x005acbba;FUN_005acbba;305;2;1
0x005acceb;__ctrandisp1;51;0;3
0x005acd1e;__fload;60;2;0
0x005ad566;FUN_005ad566;518;1;0
0x005ad76c;FUN_005ad76c;178;1;1
0x005adaeb;FUN_005adaeb;127;2;2
0x005add77;FUN_005add77;304;1;1
0x005adea7;FUN_005adea7;101;1;2
0x005adf0c;FUN_005adf0c;154;1;3
0x005adfa6;FUN_005adfa6;109;1;2
0x005ae013;FUN_005ae013;368;2;1
0x005ae183;FUN_005ae183;200;1;7
0x005ae24b;FUN_005ae24b;155;3;3
0x005ae2e6;FUN_005ae2e6;435;1;9
0x005ae499;FUN_005ae499;170;1;4
0x005ae543;FUN_005ae543;93;1;1
0x005ae5a0;FUN_005ae5a0;132;2;2
0x005ae654;FUN_005ae654;123;2;5
0x005ae6cf;FUN_005ae6cf;165;1;3
0x005ae79c;FUN_005ae79c;78;1;3
0x005ae814;FUN_005ae814;440;1;8
0x005ae9d8;FUN_005ae9d8;86;2;1
0x005aea3f;FUN_005aea3f;35;1;0
0x005aea70;__CallSettingFrame@12;76;2;1
0x005aeabc;FUN_005aeabc;86;3;2
0x005aeb1d;FUN_005aeb1d;79;5;1
0x005aeb73;FUN_005aeb73;194;1;2
0x005aec38;FUN_005aec38;76;1;0
0x005aec9d;FUN_005aec9d;266;1;2
0x005aeda7;__copysign;33;1;0
0x005aedc8;FUN_005aedc8;146;1;1
0x005aee5a;FUN_005aee5a;719;1;14
0x005af129;FUN_005af129;70;0;2
0x005af16f;FUN_005af16f;17;0;1
0x005af18d;FUN_005af18d;28;2;1
0x005af1a9;FUN_005af1a9;28;1;1
0x005af1c5;FUN_005af1c5;24;2;1
0x005af1dd;FUN_005af1dd;23;1;3
0x005af1f4;FUN_005af1f4;486;1;7
0x005af3da;FUN_005af3da;293;1;10
0x005af4ff;FUN_005af4ff;97;1;1
0x005af560;FUN_005af560;5401;10;0
0x005b0dc6;Direct3DCreate8;6;1;0
0x005b0dcc;FUN_005b0dcc;36;6;0
0x005b0df0;FUN_005b0df0;128;1;0
0x005b0e70;FUN_005b0e70;994;2;2
0x005b1252;FUN_005b1252;566;3;4
0x005b1488;FUN_005b1488;40;1;1
0x005b14b0;FUN_005b14b0;40;1;1
0x005b14d8;FUN_005b14d8;285;2;1
0x005b15f5;FUN_005b15f5;305;1;2
0x005b1726;FUN_005b1726;338;1;2
0x005b1878;FUN_005b1878;1041;1;7
0x005b1c89;FUN_005b1c89;1090;1;7
0x005b20cb;FUN_005b20cb;96;1;4
0x005b212b;FUN_005b212b;36;1;1
0x005b214f;FUN_005b214f;10;1;0
0x005b2159;FUN_005b2159;30;1;0
0x005b2177;FUN_005b2177;34;3;2
0x005b2199;FUN_005b2199;673;2;3
0x005b243a;FUN_005b243a;950;1;4
0x005b27f0;FUN_005b27f0;1239;1;4
0x005b2cc7;FUN_005b2cc7;385;1;0
0x005b2e48;FUN_005b2e48;6;1;0
0x005b2e4e;FUN_005b2e4e;350;1;0
0x005b2fac;FUN_005b2fac;284;1;0
0x005b30c8;FUN_005b30c8;336;1;0
0x005b3218;FUN_005b3218;292;1;0
0x005b333c;FUN_005b333c;335;1;0
0x005b348b;FUN_005b348b;339;1;0
0x005b35de;FUN_005b35de;319;1;0
0x005b371d;FUN_005b371d;155;1;0
0x005b37b8;FUN_005b37b8;332;1;0
0x005b3904;FUN_005b3904;289;1;0
0x005b3a25;FUN_005b3a25;332;1;0
0x005b3b71;FUN_005b3b71;319;1;0
0x005b3cb0;FUN_005b3cb0;35;1;0
0x005b3cd3;FUN_005b3cd3;16;1;0
0x005b3ce3;FUN_005b3ce3;306;1;1
0x005b3e15;FUN_005b3e15;162;1;2
0x005b3eb7;FUN_005b3eb7;373;1;2
0x005b402c;FUN_005b402c;406;1;2
0x005b41c2;FUN_005b41c2;885;1;15
0x005b4557;FUN_005b4557;937;1;2
0x005b4900;FUN_005b4900;209;2;4
0x005b49d1;FUN_005b49d1;833;1;3
0x005b4d12;FUN_005b4d12;1613;1;3
0x005b535f;FUN_005b535f;274;1;11
0x005b5471;FUN_005b5471;25;3;0
0x005b548a;FUN_005b548a;89;4;2
0x005b54e3;FUN_005b54e3;1595;2;1
0x005b5b1e;FUN_005b5b1e;27;0;1
0x005b5b7d;FUN_005b5b7d;597;1;9
0x005b5dd2;FUN_005b5dd2;1144;1;1
0x005b624a;FUN_005b624a;642;1;3
0x005b650f;FUN_005b650f;11;1;1
0x005b651a;FUN_005b651a;1302;1;28
0x005b6a30;FUN_005b6a30;787;1;2
0x005b6d43;FUN_005b6d43;48;1;1
0x005b6d73;FUN_005b6d73;346;2;9
0x005b6ecd;FUN_005b6ecd;18;1;0
0x005b6edf;FUN_005b6edf;281;1;9
0x005b6ff8;FUN_005b6ff8;65;1;2
0x005b7039;FUN_005b7039;11;1;1
0x005b7044;FUN_005b7044;7;7;0
0x005b704b;FUN_005b704b;3;0;0
0x005b704e;FUN_005b704e;86;1;0
0x005b70a4;FUN_005b70a4;105;0;0
0x005b710d;FUN_005b710d;150;0;0
0x005b71a3;FUN_005b71a3;120;0;0
0x005b721b;FUN_005b721b;126;0;0
0x005b7299;FUN_005b7299;106;0;0
0x005b7303;FUN_005b7303;159;0;0
0x005b73a2;FUN_005b73a2;44;2;0
0x005b73ce;FUN_005b73ce;35;22;0
0x005b73f1;FUN_005b73f1;16;22;0
0x005b7401;FUN_005b7401;489;3;1
0x005b75ea;FUN_005b75ea;28;0;2
0x005b7606;FUN_005b7606;112;18;0
0x005b7676;FUN_005b7676;193;0;2
0x005b7737;FUN_005b7737;249;0;2
0x005b7830;FUN_005b7830;215;0;2
0x005b7907;FUN_005b7907;215;0;2
0x005b79de;FUN_005b79de;215;0;2
0x005b7ab5;FUN_005b7ab5;243;0;2
0x005b7ba8;FUN_005b7ba8;249;0;2
0x005b7ca1;FUN_005b7ca1;209;0;2
0x005b7d72;FUN_005b7d72;130;0;2
0x005b7df4;FUN_005b7df4;249;0;2
0x005b7eed;FUN_005b7eed;215;0;2
0x005b7fc4;FUN_005b7fc4;253;0;3
0x005b80c1;FUN_005b80c1;186;0;1
0x005b817b;FUN_005b817b;158;0;2
0x005b8219;FUN_005b8219;208;0;2
0x005b82e9;FUN_005b82e9;200;0;2
0x005b83b1;FUN_005b83b1;176;0;2
0x005b8461;FUN_005b8461;223;0;2
0x005b8540;FUN_005b8540;231;0;2
0x005b8627;FUN_005b8627;273;0;2
0x005b8738;FUN_005b8738;177;0;2
0x005b87e9;FUN_005b87e9;236;0;2
0x005b88d5;FUN_005b88d5;140;0;1
0x005b8961;FUN_005b8961;162;0;1
0x005b8a03;FUN_005b8a03;152;0;1
0x005b8a9b;FUN_005b8a9b;165;0;1
0x005b8b40;FUN_005b8b40;162;0;1
0x005b8be2;FUN_005b8be2;176;0;1
0x005b8c92;FUN_005b8c92;175;0;1
0x005b8d41;FUN_005b8d41;162;0;1
0x005b8de3;FUN_005b8de3;114;0;1
0x005b8e55;FUN_005b8e55;178;0;1
0x005b8f07;FUN_005b8f07;159;0;1
0x005b8fa6;FUN_005b8fa6;135;0;1
0x005b902d;FUN_005b902d;100;0;1
0x005b9091;FUN_005b9091;110;0;1
0x005b90ff;FUN_005b90ff;137;0;1
0x005b9188;FUN_005b9188;137;0;1
0x005b9211;FUN_005b9211;209;1;3
0x005b92e2;FUN_005b92e2;499;2;0
0x005b94d5;FUN_005b94d5;721;2;1
0x005b97a6;FUN_005b97a6;120;0;1
0x005b981e;FUN_005b981e;111;0;2
0x005b988d;FUN_005b988d;279;1;3
0x005b99a4;FUN_005b99a4;813;2;5
0x005b9cd1;FUN_005b9cd1;679;2;4
0x005b9f78;FUN_005b9f78;134;0;1
0x005b9ffe;FUN_005b9ffe;116;0;2
0x005ba072;FUN_005ba072;28;0;2
0x005ba08e;thunk_FUN_005b7044;5;1;0
0x005ba093;FUN_005ba093;69;1;4
0x005ba0d8;FUN_005ba0d8;84;1;4
0x005ba12c;FUN_005ba12c;1508;1;5
0x005ba73c;FUN_005ba73c;28;0;2
0x005ba758;FUN_005ba758;28;0;2
0x005ba774;FUN_005ba774;28;0;2
0x005ba790;thunk_FUN_005ba093;5;1;0
0x005ba795;FUN_005ba795;28;0;2
0x005ba7b1;thunk_FUN_005ba0d8;5;1;0
0x005ba7b6;FUN_005ba7b6;192;1;4
0x005ba876;thunk_FUN_005c08a5;5;1;0
0x005ba87b;FUN_005ba87b;383;1;0
0x005ba9fa;FUN_005ba9fa;154;1;1
0x005baa94;FUN_005baa94;161;1;1
0x005bab35;FUN_005bab35;99;1;2
0x005bab98;FUN_005bab98;164;1;0
0x005bac3c;FUN_005bac3c;132;1;0
0x005bacc0;FUN_005bacc0;193;1;2
0x005bad81;FUN_005bad81;142;0;0
0x005bae0f;FUN_005bae0f;763;0;0
0x005bb10a;FUN_005bb10a;745;0;0
0x005bb3f3;FUN_005bb3f3;572;0;0
0x005bb62f;FUN_005bb62f;378;0;0
0x005bb7a9;FUN_005bb7a9;343;0;0
0x005bb900;FUN_005bb900;660;0;1
0x005bbb94;FUN_005bbb94;586;0;1
0x005bbdde;FUN_005bbdde;223;0;0
0x005bbebd;FUN_005bbebd;156;0;0
0x005bbf59;FUN_005bbf59;215;1;0
0x005bc030;FUN_005bc030;152;0;0
0x005bc2bc;FUN_005bc2bc;126;0;1
0x005bc429;FUN_005bc429;42;1;0
0x005bc453;FUN_005bc453;125;1;1
0x005bc4d0;FUN_005bc4d0;26;0;2
0x005bc5c4;FUN_005bc5c4;76;1;0
0x005bc610;FUN_005bc610;135;2;0
0x005bc697;FUN_005bc697;26;1;0
0x005bc6b1;FUN_005bc6b1;35;14;1
0x005bc6d4;FUN_005bc6d4;21;10;0
0x005bc6e9;FUN_005bc6e9;37;3;2
0x005bc70e;FUN_005bc70e;37;1;2
0x005bc733;FUN_005bc733;259;1;9
0x005bc836;FUN_005bc836;372;1;13
0x005bc9aa;FUN_005bc9aa;32;1;2
0x005bc9ca;FUN_005bc9ca;936;1;14
0x005bcd72;FUN_005bcd72;77;1;2
0x005bcdbf;FUN_005bcdbf;291;1;4
0x005bcee2;FUN_005bcee2;129;1;2
0x005bcf63;FUN_005bcf63;26;1;0
0x005bcf7d;FUN_005bcf7d;22;1;0
0x005bcf93;FUN_005bcf93;22;1;0
0x005bcfa9;FUN_005bcfa9;41;1;0
0x005bcfd2;FUN_005bcfd2;43;1;0
0x005bcffd;FUN_005bcffd;209;1;1
0x005bd0ce;FUN_005bd0ce;51;1;0
0x005bd101;FUN_005bd101;103;1;0
0x005bd168;FUN_005bd168;9;1;0
0x005bd171;FUN_005bd171;25;1;0
0x005bd18a;FUN_005bd18a;25;1;0
0x005bd1a3;FUN_005bd1a3;77;1;0
0x005bd1f0;FUN_005bd1f0;191;1;0
0x005bd2af;FUN_005bd2af;9;1;0
0x005bd2b8;FUN_005bd2b8;54;1;0
0x005bd2ee;FUN_005bd2ee;9;1;0
0x005bd2f7;FUN_005bd2f7;235;1;0
0x005bd3e2;FUN_005bd3e2;271;1;0
0x005bd4f1;FUN_005bd4f1;379;1;0
0x005bd66c;FUN_005bd66c;68;1;0
0x005bd6b0;FUN_005bd6b0;567;1;0
0x005bd8e7;FUN_005bd8e7;882;1;0
0x005bdc59;FUN_005bdc59;519;1;0
0x005bde60;FUN_005bde60;851;1;0
0x005be1b3;FUN_005be1b3;269;1;0
0x005be2c0;FUN_005be2c0;767;1;3
0x005be5bf;FUN_005be5bf;277;1;1
0x005be6d4;FUN_005be6d4;412;1;10
0x005be870;FUN_005be870;27;2;0
0x005be88b;FUN_005be88b;162;1;1
0x005be92d;FUN_005be92d;36;1;0
0x005be951;FUN_005be951;27;2;0
0x005be96c;FUN_005be96c;57;1;2
0x005be9a5;FUN_005be9a5;71;1;0
0x005be9ec;FUN_005be9ec;40;5;1
0x005bea14;FUN_005bea14;63;2;1
0x005bea53;FUN_005bea53;72;2;0
0x005bea9b;FUN_005bea9b;83;1;1
0x005beaee;thunk_FUN_005c1451;5;1;0
0x005beaf3;FUN_005beaf3;24;3;1
0x005beb0b;FUN_005beb0b;63;1;1
0x005beb4a;FUN_005beb4a;14;2;0
0x005beb58;FUN_005beb58;11;1;1
0x005beb63;FUN_005beb63;34;1;2
0x005beb85;FUN_005beb85;105;1;2
0x005bebee;FUN_005bebee;38;1;1
0x005bec14;FUN_005bec14;50;2;0
0x005bec46;FUN_005bec46;53;1;1
0x005bec7b;FUN_005bec7b;48;2;0
0x005becab;FUN_005becab;77;2;0
0x005becf8;FUN_005becf8;159;1;0
0x005bed97;FUN_005bed97;139;1;4
0x005bee22;FUN_005bee22;306;1;0
0x005bef54;FUN_005bef54;97;1;1
0x005befb5;FUN_005befb5;1175;2;6
0x005bf44c;FUN_005bf44c;233;3;1
0x005bf535;FUN_005bf535;78;1;1
0x005bf583;FUN_005bf583;256;1;1
0x005bf683;FUN_005bf683;50;3;1
0x005bf6b5;FUN_005bf6b5;89;1;1
0x005bf70e;FUN_005bf70e;342;1;1
0x005bf864;FUN_005bf864;16;3;0
0x005bf874;FUN_005bf874;24;3;0
0x005bf88c;FUN_005bf88c;71;4;0
0x005bf8d3;FUN_005bf8d3;34;0;0
0x005bf8f5;FUN_005bf8f5;27;7;0
0x005bf910;FUN_005bf910;49;1;0
0x005bf941;FUN_005bf941;443;0;1
0x005bfafc;FUN_005bfafc;374;1;1
0x005bfc72;FUN_005bfc72;146;1;0
0x005bfd04;FUN_005bfd04;58;0;2
0x005bfdd1;FUN_005bfdd1;55;0;0
0x005bfe19;FUN_005bfe19;65;1;0
0x005bfe5a;FUN_005bfe5a;21;2;0
0x005bfe6f;FUN_005bfe6f;252;4;2
0x005bff6b;FUN_005bff6b;142;2;2
0x005bfff9;FUN_005bfff9;146;1;2
0x005c008b;FUN_005c008b;158;1;2
0x005c0129;FUN_005c0129;97;0;1
0x005c018a;FUN_005c018a;97;0;1
0x005c01eb;FUN_005c01eb;383;0;4
0x005c036a;FUN_005c036a;136;1;0
0x005c03f2;FUN_005c03f2;139;1;0
0x005c047d;FUN_005c047d;286;0;2
0x005c059b;FUN_005c059b;291;0;2
0x005c06be;FUN_005c06be;225;1;1
0x005c079f;FUN_005c079f;48;0;3
0x005c07cf;FUN_005c07cf;180;1;3
0x005c0883;FUN_005c0883;34;2;0
0x005c08a5;FUN_005c08a5;27;1;0
0x005c08c0;FUN_005c08c0;28;1;0
0x005c08dc;FUN_005c08dc;28;1;0
0x005c08f8;FUN_005c08f8;113;2;0
0x005c0969;FUN_005c0969;495;1;2
0x005c0b58;FUN_005c0b58;111;1;0
0x005c0bc7;FUN_005c0bc7;429;1;14
0x005c0ec2;FUN_005c0ec2;48;1;1
0x005c0ef2;FUN_005c0ef2;63;2;1
0x005c0f31;FUN_005c0f31;62;2;1
0x005c0f6f;FUN_005c0f6f;229;1;4
0x005c1054;FUN_005c1054;23;1;1
0x005c106b;FUN_005c106b;809;2;2
0x005c13cc;FUN_005c13cc;66;2;1
0x005c140e;FUN_005c140e;13;2;1
0x005c141b;FUN_005c141b;54;5;2
0x005c1451;FUN_005c1451;25;2;1
0x005c146a;FUN_005c146a;35;1;0
0x005c148d;FUN_005c148d;51;2;0
0x005c14c0;FUN_005c14c0;35;6;0
0x005c14e3;FUN_005c14e3;19;1;0
0x005c14f6;FUN_005c14f6;36;9;2
0x005c151a;FUN_005c151a;94;1;2
0x005c1578;FUN_005c1578;98;1;1
0x005c15da;FUN_005c15da;532;1;0
0x005c17ee;FUN_005c17ee;713;1;0
0x005c1ab7;FUN_005c1ab7;377;1;1
0x005c1c30;FUN_005c1c30;412;2;3
0x005c1dcc;FUN_005c1dcc;140;9;4
0x005c1e58;FUN_005c1e58;503;1;5
0x005c204f;FUN_005c204f;297;1;6
0x005c2178;FUN_005c2178;74;1;3
0x005c21c2;FUN_005c21c2;256;1;6
0x005c22c2;FUN_005c22c2;239;1;5
0x005c23b1;FUN_005c23b1;409;1;7
0x005c254a;FUN_005c254a;74;1;3
0x005c2594;FUN_005c2594;549;1;9
0x005c27b9;FUN_005c27b9;265;2;0
0x005c28c2;FUN_005c28c2;11;3;1
0x005c28cd;FUN_005c28cd;11;2;1
0x005c28d8;FUN_005c28d8;5;1;0
0x005c28dd;FUN_005c28dd;20;1;0
0x005c28f1;FUN_005c28f1;3;1;0
0x005c28f4;FUN_005c28f4;1;2;0
0x005c28f5;FUN_005c28f5;168;1;0
0x005c299d;FUN_005c299d;305;0;0
0x005c2ace;FUN_005c2ace;212;1;0
0x005c2ba2;FUN_005c2ba2;150;1;0
0x005c2c38;FUN_005c2c38;104;0;0
0x005c2ca0;FUN_005c2ca0;264;0;2
0x005c2e33;FUN_005c2e33;211;1;1
0x005c2f06;FUN_005c2f06;63;2;0
0x005c2f55;FUN_005c2f55;474;0;2
0x005c3132;FUN_005c3132;415;0;1
0x005c32d1;FUN_005c32d1;358;0;0
0x005c3437;FUN_005c3437;227;0;0
0x005c3a32;FUN_005c3a32;16;0;0
0x005c3a6d;FUN_005c3a6d;248;1;1
0x005c3b65;FUN_005c3b65;419;2;0
0x005c3d08;FUN_005c3d08;234;6;0
0x005c3df2;FUN_005c3df2;230;4;1
0x005c3ed8;FUN_005c3ed8;94;1;0
0x005c3f36;FUN_005c3f36;973;0;3
0x005c4303;FUN_005c4303;303;0;1
0x005c4432;FUN_005c4432;58;1;0
0x005c446c;FUN_005c446c;91;4;0
0x005c44c7;FUN_005c44c7;509;0;3
0x005c46c4;FUN_005c46c4;557;0;3
0x005c48f1;FUN_005c48f1;226;0;2
0x005c49d3;FUN_005c49d3;878;0;3
0x005c4d41;FUN_005c4d41;675;0;1
0x005c4fe4;FUN_005c4fe4;97;1;0
0x005c5045;FUN_005c5045;439;0;0
0x005c51fc;FUN_005c51fc;116;1;0
0x005c5270;FUN_005c5270;101;0;0
0x005c52d5;FUN_005c52d5;144;0;0
0x005c5365;FUN_005c5365;140;0;0
0x005c5497;FUN_005c5497;131;1;1
0x005c5534;FUN_005c5534;198;0;0
0x005c560d;FUN_005c560d;223;0;1
0x005c56ec;FUN_005c56ec;87;0;0
0x005c5743;FUN_005c5743;106;0;1
0x005c57ad;FUN_005c57ad;163;0;0
0x005c5850;FUN_005c5850;263;0;0
0x005c5957;FUN_005c5957;449;1;1
0x005c5b18;FUN_005c5b18;176;1;0
0x005c5bc8;FUN_005c5bc8;106;0;0
0x005c5c32;FUN_005c5c32;35;0;1
0x005c5c55;FUN_005c5c55;306;0;0
0x005c5d87;FUN_005c5d87;317;1;0
0x005c5ec4;FUN_005c5ec4;542;0;1
0x005c60e2;FUN_005c60e2;289;1;1
0x005c62c8;FUN_005c62c8;166;0;1
0x005c636e;FUN_005c636e;49;0;0
0x005c639f;FUN_005c639f;342;0;0
0x005c64f5;FUN_005c64f5;486;0;0
0x005c66db;FUN_005c66db;293;1;0
0x005c6750;FUN_005c6750;108;0;0
0x005c67bc;FUN_005c67bc;41;1;0
0x005c67e5;FUN_005c67e5;35;1;0
0x005c6808;FUN_005c6808;824;2;0
0x005c6b40;FUN_005c6b40;282;1;3
0x005c6c5a;FUN_005c6c5a;312;1;0
0x005c6d92;FUN_005c6d92;141;0;3
0x005c6e1f;FUN_005c6e1f;384;1;0
0x005c6f9f;FUN_005c6f9f;282;1;0
0x005c70b9;FUN_005c70b9;208;2;2
0x005c7189;FUN_005c7189;169;0;1
0x005c7232;FUN_005c7232;622;0;1
0x005c74a0;FUN_005c74a0;144;2;0
0x005c7552;FUN_005c7552;258;0;2
0x005c7663;FUN_005c7663;275;1;1
0x005c7776;FUN_005c7776;203;1;0
0x005c7841;FUN_005c7841;25;1;0
0x005c785a;FUN_005c785a;19;1;0
0x005c786d;FUN_005c786d;285;1;2
0x005c798a;FUN_005c798a;289;2;1
0x005c7aab;FUN_005c7aab;98;1;0
0x005c7b0d;FUN_005c7b0d;89;1;1
0x005c7b66;FUN_005c7b66;136;0;0
0x005c7bee;FUN_005c7bee;141;0;0
0x005c7c7b;FUN_005c7c7b;235;0;1
0x005c7d66;FUN_005c7d66;255;0;0
0x005c7e65;FUN_005c7e65;388;0;1
0x005c7fe9;FUN_005c7fe9;54;2;0
0x005c801f;FUN_005c801f;200;0;4
0x005c80fc;FUN_005c80fc;137;1;3
0x005c8185;FUN_005c8185;107;4;1
0x005c81f0;FUN_005c81f0;139;1;1
0x005c827b;FUN_005c827b;2289;1;7
0x005c8b94;FUN_005c8b94;52;1;1
0x005c8bc8;FUN_005c8bc8;281;0;0
0x005c8ce1;FUN_005c8ce1;16;1;1
0x005c8cf1;FUN_005c8cf1;789;0;0
0x005c9006;FUN_005c9006;446;0;0
0x005c91c4;FUN_005c91c4;61;0;0
0x005c9201;FUN_005c9201;76;0;2
0x005c924d;FUN_005c924d;76;0;2
0x005c9299;FUN_005c9299;993;0;1
0x005c967a;FUN_005c967a;52;1;0
0x005c96ae;FUN_005c96ae;1326;1;2
0x005c9c04;FUN_005c9c04;17;2;0
0x005c9c15;FUN_005c9c15;901;2;0
0x005c9f9a;FUN_005c9f9a;127;1;1
0x005ca019;FUN_005ca019;259;1;1
0x005ca11c;FUN_005ca11c;47;1;0
0x005ca14b;FUN_005ca14b;277;2;0
0x005ca260;FUN_005ca260;1261;1;0
0x005ca74d;FUN_005ca74d;1931;1;0
0x005caed8;FUN_005caed8;937;1;0
0x005cb281;FUN_005cb281;3539;1;0
0x005cc054;FUN_005cc054;682;1;0
0x005ccd40;DirectInput8Create;6;3;0
0x005cddc0;WSACleanup;6;1;0
0x005cddc6;inet_ntoa;6;4;0
0x005cddcc;gethostbyname;6;3;0
0x005cddd2;gethostname;6;1;0
0x005cddd8;WSAStartup;6;2;0
0x005cddde;ntohs;6;5;0
0x005cdde4;getsockname;6;1;0
0x005cddea;bind;6;1;0
0x005cddf0;htonl;6;1;0
0x005cddf6;inet_addr;6;4;0
0x005cddfc;htons;6;4;0
0x005cde02;socket;6;3;0
0x005cde08;recvfrom;6;5;0
0x005cde0e;select;6;7;0
0x005cde14;sendto;6;9;0
0x005cde1a;closesocket;6;7;0
0x005cde20;setsockopt;6;1;0
0x005cde30;FUN_005cde30;16;1;1
0x005cde60;FUN_005cde60;230;1;5
0x005cdf50;FUN_005cdf50;32;1;2
0x005cdf70;FUN_005cdf70;22;0;1
0x005cdf90;FUN_005cdf90;334;0;8
0x005ce0e0;FUN_005ce0e0;139;2;4
0x005ce170;FUN_005ce170;64;0;2
0x005ce1b0;COD_Physical_Splashdamage__ParseIniFile;78;1;5
0x005ce200;FUN_005ce200;166;2;0
0x005ce2b0;FUN_005ce2b0;1268;0;10
0x005ce7c0;FUN_005ce7c0;53;1;1
0x005ce800;FUN_005ce800;898;1;12
0x005ceb90;FUN_005ceb90;89;0;0
0x005cebf0;FUN_005cebf0;168;1;5
0x005ceca0;FUN_005ceca0;2116;0;10
0x005cf510;FUN_005cf510;152;0;2
0x005cf5b0;FUN_005cf5b0;63;0;0
0x005cf5f0;FUN_005cf5f0;144;2;2
0x005cf680;CON_Cache<T>__Unlock_11;238;1;4
0x005cf770;FX_ParticleEmitter__Parse;2853;1;16
0x005d02a0;CON_Cache<T>__Unlock_23;534;1;5
0x005d04c0;FUN_005d04c0;12;1;0
0x005d04d0;FUN_005d04d0;16;3;0
0x005d04e0;FX_TextureAnim__Start;735;1;3
0x005d07c0;FUN_005d07c0;34;2;0
0x005d07f0;FUN_005d07f0;341;1;0
0x005d0950;FUN_005d0950;85;1;2
0x005d09b0;FUN_005d09b0;62;1;1
0x005d09f0;FUN_005d09f0;100;1;2
0x005d0a60;FUN_005d0a60;3612;1;18
0x005d1880;FUN_005d1880;1372;1;14
0x005d1de0;FUN_005d1de0;186;1;0
0x005d1ea0;FUN_005d1ea0;104;1;0
0x005d1f10;FUN_005d1f10;696;1;5
0x005d21d0;FUN_005d21d0;18;1;0
0x005d21f0;FUN_005d21f0;1005;1;2
0x005d25e0;FUN_005d25e0;114;5;0
0x005d2660;FUN_005d2660;114;6;0
0x005d26e0;FUN_005d26e0;133;1;0
0x005d2770;CON_Cache<T>__Unlock_32;589;1;10
0x005d29c0;FUN_005d29c0;721;1;14
0x005d2ca0;FUN_005d2ca0;110;0;1
0x005d2d10;FUN_005d2d10;101;3;1
0x005d2d80;FUN_005d2d80;34;1;1
0x005d2db0;FUN_005d2db0;123;1;1
0x005d2e30;FUN_005d2e30;28;12;0
0x005d2e50;FUN_005d2e50;298;2;2
0x005d2f80;FUN_005d2f80;383;4;2
0x005d3100;FUN_005d3100;13;1;0
0x005d3110;FUN_005d3110;13;5;0
0x005d3120;FUN_005d3120;44;9;1
0x005d3150;FUN_005d3150;115;1;0
0x005d31d0;FUN_005d31d0;83;7;1
0x005d3230;FUN_005d3230;50;17;0
0x005d3270;FUN_005d3270;23;6;0
0x005d3290;FUN_005d3290;91;3;1
0x005d32f0;FUN_005d32f0;64;1;0
0x005d3330;FUN_005d3330;59;2;1
0x005d3370;FUN_005d3370;103;1;1
0x005d33e0;FUN_005d33e0;77;3;1
0x005d3430;FUN_005d3430;77;6;1
0x005d3480;FUN_005d3480;77;5;1
0x005d34d0;FUN_005d34d0;58;2;0
0x005d3510;FUN_005d3510;63;0;0
0x005d3550;FUN_005d3550;36;2;1
0x005d3580;FUN_005d3580;52;29;1
0x005d35c0;FUN_005d35c0;62;4;2
0x005d3600;FUN_005d3600;115;14;2
0x005d3680;FUN_005d3680;24;6;1
0x005d36a0;FUN_005d36a0;102;1;3
0x005d3710;FUN_005d3710;83;4;3
0x005d3770;FUN_005d3770;84;1;1
0x005d37d0;FUN_005d37d0;107;2;2
0x005d3840;FUN_005d3840;44;1;1
0x005d3870;FUN_005d3870;54;0;2
0x005d38b0;FUN_005d38b0;37;7;2
0x005d38e0;FUN_005d38e0;91;1;1
0x005d3940;FUN_005d3940;92;1;1
0x005d39a0;FUN_005d39a0;18;1;0
0x005d39c0;FUN_005d39c0;172;0;1
0x005d3a70;FUN_005d3a70;32;3;1
0x005d3a90;FUN_005d3a90;11;1;0
0x005d3aa0;FUN_005d3aa0;11;1;0
0x005d3ab0;FUN_005d3ab0;48;1;1
0x005d3ae0;FUN_005d3ae0;76;1;2
0x005d3b30;FUN_005d3b30;152;2;2
0x005d3bd0;FUN_005d3bd0;143;3;3
0x005d3c60;FUN_005d3c60;44;5;2
0x005d3c90;FUN_005d3c90;307;1;4
0x005d3e70;FUN_005d3e70;163;1;3
0x005d3f20;FUN_005d3f20;80;12;0
0x005d3f70;FUN_005d3f70;142;2;0
0x005d4000;FUN_005d4000;787;12;7
0x005d4350;FUN_005d4350;75;1;0
0x005d43a0;FUN_005d43a0;89;1;1
0x005d4400;FUN_005d4400;610;3;1
0x005d46e0;FUN_005d46e0;89;3;2
0x005d4740;FUN_005d4740;102;2;2
0x005d47b0;FUN_005d47b0;73;2;1
0x005d4800;FUN_005d4800;62;0;1
0x005d4840;FUN_005d4840;428;29;6
0x005d49f0;FUN_005d49f0;481;2;6
0x005d4be0;FUN_005d4be0;514;1;6
0x005d4df0;FUN_005d4df0;542;3;6
0x005d5010;FUN_005d5010;1052;19;9
0x005d5430;FUN_005d5430;184;3;2
0x005d54f0;FUN_005d54f0;664;0;16
0x005d5790;lua_dobuffer;461;1;7
0x005d5960;FUN_005d5960;255;4;6
0x005d5a60;FUN_005d5a60;392;18;8
0x005d5bf0;FUN_005d5bf0;213;5;7
0x005d5cd0;FUN_005d5cd0;157;1;1
0x005d5d70;FUN_005d5d70;166;18;5
0x005d5e20;FUN_005d5e20;91;23;4
0x005d5e80;FUN_005d5e80;20;2;0
0x005d5ea0;FUN_005d5ea0;62;5;0
0x005d5f00;FUN_005d5f00;58;6;1
0x005d5f40;FUN_005d5f40;131;3;2
0x005d5fd0;FUN_005d5fd0;54;23;2
0x005d6010;FUN_005d6010;258;7;3
0x005d6120;FUN_005d6120;56;2;1
0x005d6160;FUN_005d6160;81;2;2
0x005d61c0;FUN_005d61c0;161;1;2
0x005d6270;FUN_005d6270;161;2;2
0x005d6320;FUN_005d6320;236;1;5
0x005d6410;FUN_005d6410;268;1;5
0x005d6520;FUN_005d6520;148;1;4
0x005d65c0;FUN_005d65c0;282;2;5
0x005d66e0;FUN_005d66e0;427;1;6
0x005d6890;FUN_005d6890;625;2;9
0x005d6b10;FUN_005d6b10;6033;1;27
0x005d8370;FUN_005d8370;80;0;1
0x005d83c0;FUN_005d83c0;55;2;1
0x005d8400;FUN_005d8400;189;5;1
0x005d84c0;FUN_005d84c0;277;9;2
0x005d85e0;FUN_005d85e0;197;1;2
0x005d86b0;FUN_005d86b0;34;12;1
0x005d86e0;FUN_005d86e0;48;6;1
0x005d8710;FUN_005d8710;69;1;1
0x005d8760;FUN_005d8760;55;4;0
0x005d87a0;FUN_005d87a0;274;2;3
0x005d88d0;FUN_005d88d0;341;2;3
0x005d8a40;FUN_005d8a40;257;1;1
0x005d8b60;FUN_005d8b60;191;2;3
0x005d8c20;FUN_005d8c20;60;2;1
0x005d8c60;FUN_005d8c60;909;7;5
0x005d9020;FUN_005d9020;43;2;1
0x005d9050;FUN_005d9050;63;1;1
0x005d9090;FUN_005d9090;68;7;1
0x005d90e0;FUN_005d90e0;551;2;6
0x005d9310;FUN_005d9310;125;1;3
0x005d9390;FUN_005d9390;661;6;15
0x005d9640;FUN_005d9640;172;1;1
0x005d9710;FUN_005d9710;143;5;1
0x005d97a0;FUN_005d97a0;200;1;1
0x005d9890;FUN_005d9890;43;1;1
0x005d98c0;FUN_005d98c0;150;1;1
0x005d9980;FUN_005d9980;58;1;1
0x005d99c0;FUN_005d99c0;53;1;1
0x005d9a00;FUN_005d9a00;160;1;2
0x005d9aa0;FUN_005d9aa0;171;1;1
0x005d9b50;FUN_005d9b50;254;1;4
0x005d9c50;FUN_005d9c50;76;0;1
0x005d9ca0;FUN_005d9ca0;265;13;3
0x005d9db0;FUN_005d9db0;68;7;2
0x005d9e00;FUN_005d9e00;210;13;2
0x005d9ee0;FUN_005d9ee0;66;17;0
0x005d9f30;FUN_005d9f30;149;1;0
0x005d9fd0;FUN_005d9fd0;2934;30;11
0x005dac80;FUN_005dac80;1040;1;5
0x005db090;FUN_005db090;1437;1;6
0x005db6d0;FUN_005db6d0;57;3;1
0x005db710;FUN_005db710;89;4;1
0x005db770;FUN_005db770;58;2;0
0x005db7b0;FUN_005db7b0;160;2;1
0x005db850;FUN_005db850;41;2;1
0x005db880;FUN_005db880;69;1;0
0x005db8d0;FUN_005db8d0;23;28;1
0x005db8f0;FUN_005db8f0;217;5;2
0x005db9d0;FUN_005db9d0;520;12;1
0x005dbbe0;FUN_005dbbe0;65;3;1
0x005dbc30;FUN_005dbc30;26;6;1
0x005dbc50;FUN_005dbc50;195;1;3
0x005dbd20;FUN_005dbd20;46;13;1
0x005dbd50;FUN_005dbd50;56;4;0
0x005dbd90;FUN_005dbd90;137;5;1
0x005dbe20;FUN_005dbe20;76;6;1
0x005dbe70;FUN_005dbe70;468;11;1
0x005dc050;FUN_005dc050;149;5;1
0x005dc0f0;FUN_005dc0f0;36;6;1
0x005dc120;FUN_005dc120;697;2;6
0x005dc420;FUN_005dc420;103;3;1
0x005dc490;FUN_005dc490;37;2;0
0x005dc4c0;FUN_005dc4c0;325;2;1
0x005dc610;FUN_005dc610;727;16;9
0x005dc900;FUN_005dc900;25;2;0
0x005dc920;FUN_005dc920;571;1;4
0x005dcba0;FUN_005dcba0;74;1;2
0x005dcbf0;FUN_005dcbf0;520;1;7
0x005dce20;FUN_005dce20;23;1;1
0x005dce40;FUN_005dce40;26;10;1
0x005dce60;FUN_005dce60;1097;15;2
0x005dd330;FUN_005dd330;663;2;20
0x005dd710;FUN_005dd710;78;16;1
0x005dd760;FUN_005dd760;247;6;4
0x005dd860;FUN_005dd860;257;3;4
0x005dd970;FUN_005dd970;467;6;14
0x005ddc90;FUN_005ddc90;810;3;11
0x005ddfe0;FUN_005ddfe0;910;17;15
0x005de5c0;FUN_005de5c0;63;5;3
0x005de600;FUN_005de600;86;6;1
0x005de660;FUN_005de660;665;1;7
0x005de900;FUN_005de900;118;2;1
0x005de980;FUN_005de980;781;3;12
0x005deda0;FUN_005deda0;731;1;10
0x005df080;FUN_005df080;924;2;9
0x005df600;FUN_005df600;451;1;9
0x005df7d0;FUN_005df7d0;315;1;5
0x005df910;FUN_005df910;659;4;10
0x005dfbd0;FUN_005dfbd0;968;4;17
0x005dffa0;FUN_005dffa0;71;2;1
0x005dfff0;FUN_005dfff0;122;3;2
0x005e0070;FUN_005e0070;567;1;9
0x005e02d0;FUN_005e02d0;1141;3;15
0x005e0770;FUN_005e0770;59;3;0
0x005e07b0;FUN_005e07b0;675;5;9
0x005e0a60;FUN_005e0a60;628;4;6
0x005e0ce0;FUN_005e0ce0;848;1;19
0x005e1030;FUN_005e1030;114;3;2
0x005e10b0;FUN_005e10b0;102;2;0
0x005e1120;FUN_005e1120;282;2;4
0x005e1240;FUN_005e1240;144;2;3
0x005e12d0;FUN_005e12d0;465;5;13
0x005e14b0;FUN_005e14b0;736;2;17
0x005e1790;FUN_005e1790;213;1;2
0x005e1870;FUN_005e1870;359;1;4
0x005e19e0;FUN_005e19e0;287;5;4
0x005e1b30;FUN_005e1b30;158;5;5
0x005e1bd0;FUN_005e1bd0;1250;5;30
0x005e21d0;FUN_005e21d0;31;2;0
0x005e21f0;FUN_005e21f0;38;2;2
0x005e2220;FUN_005e2220;955;1;16
0x005e25e0;FUN_005e25e0;872;1;15
0x005e2950;FUN_005e2950;600;2;21
0x005e2cf0;FUN_005e2cf0;943;5;15
0x005e30d0;FUN_005e30d0;721;4;24
0x005e34f0;FUN_005e34f0;642;2;6
0x005e3780;FUN_005e3780;79;3;1
0x005e37d0;FUN_005e37d0;179;2;2
0x005e3890;FUN_005e3890;833;2;11
0x005e3be0;FUN_005e3be0;58;2;2
0x005e3c20;FUN_005e3c20;220;1;2
0x005e3d00;FUN_005e3d00;895;1;8
0x005e4080;FUN_005e4080;118;1;1
0x005e4100;FUN_005e4100;46;1;0
0x005e4140;FUN_005e4140;45;1;0
0x005e41c0;FUN_005e41c0;118;4;0
0x005e4240;FUN_005e4240;34;0;2
0x005e4270;FUN_005e4270;40;0;2
0x005e42a0;FUN_005e42a0;40;0;2
0x005e42d0;FUN_005e42d0;42;0;2
0x005e4300;FUN_005e4300;43;0;3
0x005e4330;FUN_005e4330;43;0;3
0x005e4360;FUN_005e4360;42;0;2
0x005e43e0;FUN_005e43e0;40;0;3
0x005e4410;FUN_005e4410;40;0;3
0x005e4490;FUN_005e4490;34;0;2
0x005e44c0;FUN_005e44c0;38;0;2
0x005e44f0;FUN_005e44f0;38;0;2
0x005e4520;FUN_005e4520;54;0;2
0x005e4560;FUN_005e4560;38;0;2
0x005e4590;FUN_005e4590;38;0;2
0x005e45c0;FUN_005e45c0;65;0;3
0x005e4610;FUN_005e4610;61;0;4
0x005e4650;FUN_005e4650;112;0;3
0x005e46c0;FUN_005e46c0;112;0;3
0x005e4890;FUN_005e4890;76;1;5
0x005e4d20;FUN_005e4d20;230;1;1
0x005e4e10;FUN_005e4e10;602;4;2
0x005e5350;FUN_005e5350;1021;2;7
0x005e57c0;FUN_005e57c0;154;1;1
0x005e5860;FUN_005e5860;347;1;2
0x005e61f0;FUN_005e61f0;21;1;1
0x005e6500;FUN_005e6500;31;0;2
0x005e6520;FUN_005e6520;37;0;3
0x005e6550;FUN_005e6550;32;0;2
0x005e6570;FUN_005e6570;51;0;3
0x005e65b0;FUN_005e65b0;53;0;5
0x005e65f0;FUN_005e65f0;39;0;2
0x005e6620;FUN_005e6620;75;0;4
0x005e6670;FUN_005e6670;61;0;5
0x005e66b0;FUN_005e66b0;41;0;3
0x005e66e0;FUN_005e66e0;49;0;3
0x005e6720;FUN_005e6720;186;0;9
0x005e67e0;FUN_005e67e0;123;0;5
0x005e6860;FUN_005e6860;65;0;3
0x005e68b0;FUN_005e68b0;36;0;3
0x005e68e0;FUN_005e68e0;45;0;4
0x005e6910;FUN_005e6910;61;0;4
0x005e6cd0;FUN_005e6cd0;156;0;8
0x005e6d70;FUN_005e6d70;130;0;7
0x005e6e00;FUN_005e6e00;63;0;4
0x005e6e40;FUN_005e6e40;53;0;3
0x005e7000;FUN_005e7000;80;0;5
0x005e7050;FUN_005e7050;1036;2;9
0x005e7460;FUN_005e7460;97;1;4
0x005e74d0;FUN_005e74d0;32;0;2
0x005e74f0;FUN_005e74f0;87;1;3
0x005e7550;FUN_005e7550;43;0;2
0x005e7580;FUN_005e7580;168;9;6
0x005e7630;FUN_005e7630;104;6;4
0x005e76a0;FUN_005e76a0;191;4;8
0x005e7760;FUN_005e7760;266;2;8
0x005e7870;FUN_005e7870;197;23;8
0x005e7940;FUN_005e7940;226;1;8
0x005e7a30;FUN_005e7a30;53;3;2
0x005e7a70;FUN_005e7a70;54;10;2
0x005e7ab0;FUN_005e7ab0;165;0;3
0x005e7b60;FUN_005e7b60;230;0;3
0x005e7c50;FUN_005e7c50;100;0;2
0x005e7cc0;FUN_005e7cc0;261;0;6
0x005e7dd0;FUN_005e7dd0;24;0;0
0x005e7df0;FUN_005e7df0;31;1;0
0x005e7e10;FUN_005e7e10;271;1;0
0x005e7f20;FUN_005e7f20;39;1;0
0x005e7f50;MOT_Player__Parse;3399;1;6
0x005e8ca0;FUN_005e8ca0;1576;1;2
0x005e92d0;FUN_005e92d0;2297;2;8
0x005e9bd0;MOT_Vessel__Parse;1780;4;9
0x005ea2d0;FUN_005ea2d0;309;9;0
0x005ea410;FUN_005ea410;480;1;0
0x005ea5f0;FUN_005ea5f0;363;1;0
0x005ea760;FUN_005ea760;545;1;0
0x005ea990;MOT_Vehicle__Parse;1367;1;9
0x005eaef0;FUN_005eaef0;1344;1;3
0x005eb430;FUN_005eb430;284;4;0
0x005eb550;FUN_005eb550;473;1;0
0x005eb730;MOT_Turn__Parse;775;2;8
0x005eba40;MOT_OldOne__Parse;1439;1;9
0x005ebfe0;FUN_005ebfe0;109;2;0
0x005ec050;FUN_005ec050;542;1;1
0x005ec270;FUN_005ec270;7;2;0
0x005ec280;FUN_005ec280;2692;2;8
0x005ecd10;FUN_005ecd10;95;1;1
0x005ecd70;FUN_005ecd70;121;20;0
0x005ecdf0;FUN_005ecdf0;183;1;1
0x005eceb0;FUN_005eceb0;237;3;0
0x005ecfa0;FUN_005ecfa0;374;0;0
0x005ed120;FUN_005ed120;291;6;2
0x005ed250;FUN_005ed250;346;5;2
0x005ed3b0;FUN_005ed3b0;286;1;0
0x005ed4d0;FUN_005ed4d0;61;1;0
0x005ed510;FUN_005ed510;5;2;0
0x005ed520;FUN_005ed520;5;1;0
0x005ed530;FUN_005ed530;16;90;0
0x005ed540;FUN_005ed540;79;6;0
0x005ed590;FUN_005ed590;298;6;5
0x005ed6c0;FUN_005ed6c0;450;1;1
0x005ed890;FUN_005ed890;124;1;2
0x005ed910;FUN_005ed910;414;1;3
0x005edab0;FUN_005edab0;645;1;5
0x005edd40;FUN_005edd40;1247;1;5
0x005ee220;MPR_Box__CreateBox;141;2;4
0x005ee2b0;FUN_005ee2b0;1650;1;5
0x005ee930;FUN_005ee930;438;1;2
0x005eeaf0;FUN_005eeaf0;56;1;0
0x005eeb30;FUN_005eeb30;192;1;1
0x005eebf0;FUN_005eebf0;997;1;6
0x005eefe0;FUN_005eefe0;19;6;1
0x005ef000;FUN_005ef000;24;6;2
0x005ef020;FUN_005ef020;188;6;8
0x005ef0e0;FUN_005ef0e0;144;6;4
0x005ef170;FUN_005ef170;232;6;3
0x005ef260;FUN_005ef260;119;6;3
0x005ef2e0;FUN_005ef2e0;116;4;3
0x005ef360;FUN_005ef360;121;1;3
0x005ef3e0;FUN_005ef3e0;116;5;3
0x005ef460;FUN_005ef460;191;2;5
0x005ef520;FUN_005ef520;191;3;5
0x005ef5e0;FUN_005ef5e0;13;3;0
0x005ef5f0;FUN_005ef5f0;66;1;3
0x005ef640;FUN_005ef640;42;1;2
0x005ef670;ANT_ServerList__Sort;219;1;2
0x005ef770;FUN_005ef770;232;1;6
0x005ef860;FUN_005ef860;76;3;3
0x005ef8b0;FUN_005ef8b0;19;1;1
0x005ef8d0;ANT_ServerList__ServerInfo_Get;758;1;12
0x005efc40;FUN_005efc40;4;54;0
0x005efc50;FUN_005efc50;277;1;4
0x005efd70;FUN_005efd70;51;3;4
0x005efdb0;FUN_005efdb0;734;1;17
0x005f00a0;FUN_005f00a0;901;1;18
0x005f0440;FUN_005f0440;28;2;0
0x005f0460;FUN_005f0460;67;2;2
0x005f04b0;FUN_005f04b0;88;2;3
0x005f0510;FUN_005f0510;298;2;8
0x005f0640;FUN_005f0640;553;2;6
0x005f0870;FUN_005f0870;1135;1;17
0x005f0ce0;FUN_005f0ce0;64;1;2
0x005f0d20;FUN_005f0d20;53;1;0
0x005f0d60;FUN_005f0d60;845;3;14
0x005f10b0;FUN_005f10b0;895;1;16
0x005f1440;FUN_005f1440;19;3;0
0x005f1460;FUN_005f1460;7;10;0
0x005f1470;FUN_005f1470;53;1;2
0x005f14b0;FUN_005f14b0;17;2;1
0x005f14d0;FUN_005f14d0;85;1;1
0x005f1750;FUN_005f1750;1014;2;10
0x005f1b60;FUN_005f1b60;76;1;0
0x005f1bb0;FUN_005f1bb0;67;1;3
0x005f1c00;FUN_005f1c00;137;4;2
0x005f1ca0;FUN_005f1ca0;490;1;3
0x005f1e90;FUN_005f1e90;9;1;0
0x005f1ea0;FUN_005f1ea0;13;2;1
0x005f1eb0;FUN_005f1eb0;11;3;0
0x005f1ec0;FUN_005f1ec0;162;1;2
0x005f1f70;FUN_005f1f70;167;1;2
0x005f2020;FUN_005f2020;90;0;2
0x005f2080;FUN_005f2080;188;1;3
0x005f2140;FUN_005f2140;193;1;3
0x005f22d0;FUN_005f22d0;101;3;2
0x005f2340;FUN_005f2340;57;1;2
0x005f2380;FUN_005f2380;88;5;3
0x005f23e0;FUN_005f23e0;74;8;2
0x005f2430;FUN_005f2430;71;2;1
0x005f2480;FUN_005f2480;66;2;1
0x005f24d0;FUN_005f24d0;16;5;0
0x005f24e0;FUN_005f24e0;135;7;2
0x005f2570;FUN_005f2570;72;1;0
0x005f25c0;FUN_005f25c0;29;1;1
0x005f25e0;FUN_005f25e0;265;2;0
0x005f26f0;FUN_005f26f0;31;5;0
0x005f270f;FUN_005f270f;71;1;4
0x005f2756;FUN_005f2756;49;1;3
0x005f2787;FUN_005f2787;207;2;7
0x005f2856;FUN_005f2856;176;1;5
0x005f2906;FUN_005f2906;13;0;1
0x005f2913;_rand;34;0;1
0x005f2940;_memchr;165;0;0
0x005f29e5;FUN_005f29e5;78;0;6
0x005f2a34;send;6;1;0
0x005f2a3a;recv;6;4;0
0x005f2a40;connect;6;1;0
0x005f2a46;__WSAFDIsSet;6;1;0
0x005f2a50;Unwind@005f2a50;11;0;1
0x005f2a70;Unwind@005f2a70;11;0;1
0x005f2a90;Unwind@005f2a90;8;0;1
0x005f2aa4;Unwind@005f2aa4;8;0;1
0x005f2ab8;Unwind@005f2ab8;8;0;1
0x005f2acc;Unwind@005f2acc;8;0;1
0x005f2ae0;Unwind@005f2ae0;8;0;1
0x005f2af4;Unwind@005f2af4;10;0;1
0x005f2afe;Unwind@005f2afe;10;0;1
0x005f2b08;Unwind@005f2b08;10;0;1
0x005f2b12;Unwind@005f2b12;10;0;1
0x005f2b1c;Unwind@005f2b1c;10;0;1
0x005f2b26;Unwind@005f2b26;10;0;1
0x005f2b30;Unwind@005f2b30;10;0;1
